game_id,date,home_win,away_away_win_rate,away_games_played,away_home_win_rate,away_last_game_days_ago,away_loss_streak,away_point_diff_avg,away_points_allowed_avg,away_points_scored_avg,away_rank,away_recent_point_diff_avg,away_recent_points_allowed_avg,away_recent_points_scored_avg,away_recent_win_rate,away_win_rate,away_win_streak,home_away_win_rate,home_games_played,home_home_win_rate,home_last_game_days_ago,home_loss_streak,home_point_diff_avg,home_points_allowed_avg,home_points_scored_avg,home_rank,home_recent_point_diff_avg,home_recent_points_allowed_avg,home_recent_points_scored_avg,home_recent_win_rate,home_win_rate,home_win_streak,loss_streak_diff,neutral_site,point_diff_avg_diff,points_allowed_diff,points_scored_diff,rank_diff,recent_form_diff,recent_point_diff_avg_diff,rest_days_diff,win_rate_diff,win_streak_diff
22500001,2025-10-21,1,0.5,0,0.5,7,0,0.0,70.0,70.0,,0.0,70.0,70.0,0.5,0.5,0,0.5,0,0.5,7,0,0.0,70.0,70.0,,0.0,70.0,70.0,0.5,0.5,0,0.0,0,0.0,0.0,0.0,,0.0,0.0,0.0,0.0,0.0
22500002,2025-10-21,0,0.5,0,0.5,7,0,0.0,70.0,70.0,,0.0,70.0,70.0,0.5,0.5,0,0.5,0,0.5,7,0,0.0,70.0,70.0,,0.0,70.0,70.0,0.5,0.5,0,0.0,0,0.0,0.0,0.0,,0.0,0.0,0.0,0.0,0.0
22500003,2025-10-22,1,0.5,0,0.5,7,0,0.0,70.0,70.0,,0.0,70.0,70.0,0.5,0.5,0,0.5,0,0.5,7,0,0.0,70.0,70.0,,0.0,70.0,70.0,0.5,0.5,0,0.0,0,0.0,0.0,0.0,,0.0,0.0,0.0,0.0,0.0
22500004,2025-10-22,0,0.5,0,0.5,7,0,0.0,70.0,70.0,,0.0,70.0,70.0,0.5,0.5,0,0.5,0,0.5,7,0,0.0,70.0,70.0,,0.0,70.0,70.0,0.5,0.5,0,0.0,0,0.0,0.0,0.0,,0.0,0.0,0.0,0.0,0.0
22500080,2025-10-22,1,0.5,0,0.5,7,0,0.0,70.0,70.0,,0.0,70.0,70.0,0.5,0.5,0,0.5,0,0.5,7,0,0.0,70.0,70.0,,0.0,70.0,70.0,0.5,0.5,0,0.0,0,0.0,0.0,0.0,,0.0,0.0,0.0,0.0,0.0
22500081,2025-10-22,1,0.5,0,0.5,7,0,0.0,70.0,70.0,,0.0,70.0,70.0,0.5,0.5,0,0.5,0,0.5,7,0,0.0,70.0,70.0,,0.0,70.0,70.0,0.5,0.5,0,0.0,0,0.0,0.0,0.0,,0.0,0.0,0.0,0.0,0.0
22500082,2025-10-22,0,0.5,0,0.5,7,0,0.0,70.0,70.0,,0.0,70.0,70.0,0.5,0.5,0,0.5,0,0.5,7,0,0.0,70.0,70.0,,0.0,70.0,70.0,0.5,0.5,0,0.0,0,0.0,0.0,0.0,,0.0,0.0,0.0,0.0,0.0
22500083,2025-10-22,0,0.5,0,0.5,7,0,0.0,70.0,70.0,,0.0,70.0,70.0,0.5,0.5,0,0.5,0,0.5,7,0,0.0,70.0,70.0,,0.0,70.0,70.0,0.5,0.5,0,0.0,0,0.0,0.0,0.0,,0.0,0.0,0.0,0.0,0.0
22500084,2025-10-22,1,0.5,0,0.5,7,0,0.0,70.0,70.0,,0.0,70.0,70.0,0.5,0.5,0,0.5,0,0.5,7,0,0.0,70.0,70.0,,0.0,70.0,70.0,0.5,0.5,0,0.0,0,0.0,0.0,0.0,,0.0,0.0,0.0,0.0,0.0
22500085,2025-10-22,1,0.5,0,0.5,7,0,0.0,70.0,70.0,,0.0,70.0,70.0,0.5,0.5,0,0.5,0,0.5,7,0,0.0,70.0,70.0,,0.0,70.0,70.0,0.5,0.5,0,0.0,0,0.0,0.0,0.0,,0.0,0.0,0.0,0.0,0.0
22500086,2025-10-22,1,0.5,0,0.5,7,0,0.0,70.0,70.0,,0.0,70.0,70.0,0.5,0.5,0,0.5,0,0.5,7,0,0.0,70.0,70.0,,0.0,70.0,70.0,0.5,0.5,0,0.0,0,0.0,0.0,0.0,,0.0,0.0,0.0,0.0,0.0
22500087,2025-10-22,1,0.5,0,0.5,7,0,0.0,70.0,70.0,,0.0,70.0,70.0,0.5,0.5,0,0.5,0,0.5,7,0,0.0,70.0,70.0,,0.0,70.0,70.0,0.5,0.5,0,0.0,0,0.0,0.0,0.0,,0.0,0.0,0.0,0.0,0.0
22500088,2025-10-22,1,0.5,0,0.5,7,0,0.0,70.0,70.0,,0.0,70.0,70.0,0.5,0.5,0,0.5,0,0.5,7,0,0.0,70.0,70.0,,0.0,70.0,70.0,0.5,0.5,0,0.0,0,0.0,0.0,0.0,,0.0,0.0,0.0,0.0,0.0
22500089,2025-10-22,0,0.5,0,0.5,7,0,0.0,70.0,70.0,,0.0,70.0,70.0,0.5,0.5,0,0.5,0,0.5,7,0,0.0,70.0,70.0,,0.0,70.0,70.0,0.5,0.5,0,0.0,0,0.0,0.0,0.0,,0.0,0.0,0.0,0.0,0.0
22500005,2025-10-23,0,0.5,1,1.0,2,0,1.0,124.0,125.0,,1.0,124.0,125.0,1.0,1.0,1,0.5,0,0.5,7,0,0.0,70.0,70.0,,0.0,70.0,70.0,0.5,0.5,0,0.0,0,-1.0,-54.0,-55.0,,-0.5,-1.0,5.0,-0.5,-1.0
22500006,2025-10-23,1,0.5,0,0.5,7,0,0.0,70.0,70.0,,0.0,70.0,70.0,0.5,0.5,0,1.0,1,0.5,2,0,10.0,109.0,119.0,,10.0,109.0,119.0,1.0,1.0,1,0.0,0,10.0,39.0,49.0,,0.5,10.0,-5.0,0.5,1.0
22500018,2025-10-24,1,0.5,1,0.0,2,1,-1.0,117.0,116.0,,-1.0,117.0,116.0,0.0,0.0,0,0.5,1,1.0,2,0,8.0,111.0,119.0,,8.0,111.0,119.0,1.0,1.0,1,-1.0,0,9.0,-6.0,3.0,,1.0,9.0,0.0,1.0,1.0
22500019,2025-10-24,1,1.0,1,0.5,2,0,4.0,114.0,118.0,,4.0,114.0,118.0,1.0,1.0,1,0.5,1,0.0,3,1,-10.0,119.0,109.0,,-10.0,119.0,109.0,0.0,0.0,0,1.0,0,-14.0,5.0,-9.0,,-1.0,-14.0,1.0,-1.0,-1.0
22500090,2025-10-24,0,0.5,1,0.0,2,1,-20.0,138.0,118.0,,-20.0,138.0,118.0,0.0,0.0,0,0.5,1,1.0,2,0,4.0,121.0,125.0,,4.0,121.0,125.0,1.0,1.0,1,-1.0,0,24.0,-17.0,7.0,,1.0,24.0,0.0,1.0,1.0
22500091,2025-10-24,0,0.0,1,0.5,2,1,-8.0,119.0,111.0,,-8.0,119.0,111.0,0.0,0.0,0,0.0,1,0.5,2,1,-19.0,136.0,117.0,,-19.0,136.0,117.0,0.0,0.0,0,0.0,0,-11.0,17.0,6.0,,0.0,-11.0,0.0,0.0,0.0
22500092,2025-10-24,0,0.5,1,1.0,2,0,13.0,120.0,133.0,,13.0,120.0,133.0,1.0,1.0,1,1.0,1,0.5,2,0,20.0,118.0,138.0,,20.0,118.0,138.0,1.0,1.0,1,0.0,0,7.0,-2.0,5.0,,0.0,7.0,0.0,0.0,0.0
22500093,2025-10-24,0,0.0,1,0.5,2,1,-4.0,115.0,111.0,,-4.0,115.0,111.0,0.0,0.0,0,0.0,1,0.5,3,1,-1.0,125.0,124.0,,-1.0,125.0,124.0,0.0,0.0,0,0.0,0,3.0,10.0,13.0,,0.0,3.0,1.0,0.0,0.0
22500094,2025-10-24,0,0.0,1,0.5,2,1,-4.0,125.0,121.0,,-4.0,125.0,121.0,0.0,0.0,0,0.5,1,1.0,2,0,6.0,122.0,128.0,,6.0,122.0,128.0,1.0,1.0,1,-1.0,0,10.0,-3.0,7.0,,1.0,10.0,0.0,1.0,1.0
22500095,2025-10-24,0,1.0,1,0.5,2,0,33.0,92.0,125.0,,33.0,92.0,125.0,1.0,1.0,1,0.0,1,0.5,2,1,-6.0,128.0,122.0,,-6.0,128.0,122.0,0.0,0.0,0,1.0,0,-39.0,36.0,-3.0,,-1.0,-39.0,0.0,-1.0,-1.0
22500096,2025-10-24,0,0.0,1,0.5,2,1,-13.0,133.0,120.0,,-13.0,133.0,120.0,0.0,0.0,0,0.5,1,0.0,2,1,-33.0,125.0,92.0,,-33.0,125.0,92.0,0.0,0.0,0,0.0,0,-20.0,-8.0,-28.0,,0.0,-20.0,0.0,0.0,0.0
22500097,2025-10-24,1,1.0,2,1.0,1,0,8.0,120.0,128.0,,8.0,120.0,128.0,1.0,1.0,2,0.5,1,0.0,2,1,-4.0,118.0,114.0,,-4.0,118.0,114.0,0.0,0.0,0,1.0,0,-12.0,-2.0,-14.0,,-1.0,-12.0,1.0,-1.0,-2.0
22500098,2025-10-24,1,0.5,1,1.0,2,0,21.0,108.0,129.0,,21.0,108.0,129.0,1.0,1.0,1,0.0,1,0.5,2,1,-4.0,120.0,116.0,,-4.0,120.0,116.0,0.0,0.0,0,1.0,0,-25.0,12.0,-13.0,,-1.0,-25.0,0.0,-1.0,-1.0
22500099,2025-10-24,1,0.5,1,1.0,2,0,4.0,116.0,120.0,,4.0,116.0,120.0,1.0,1.0,1,0.0,1,0.5,2,1,-21.0,129.0,108.0,,-21.0,129.0,108.0,0.0,0.0,0,1.0,0,-25.0,13.0,-12.0,,-1.0,-25.0,0.0,-1.0,-1.0
22500100,2025-10-25,0,0.5,1,1.0,3,0,4.0,111.0,115.0,,4.0,111.0,115.0,1.0,1.0,1,0.5,2,0.5,1,1,0.0,116.0,116.0,,0.0,116.0,116.0,0.5,0.5,0,1.0,0,-4.0,5.0,1.0,,-0.5,-4.0,-2.0,-0.5,-1.0
22500101,2025-10-25,0,1.0,2,1.0,2,0,3.5,129.5,133.0,,3.5,129.5,133.0,1.0,1.0,2,1.0,2,0.0,1,0,-8.0,122.5,114.5,,-8.0,122.5,114.5,0.5,0.5,1,0.0,0,-11.5,-7.0,-18.5,,-0.5,-11.5,-1.0,-0.5,-1.0
22500102,2025-10-25,1,0.5,1,1.0,3,0,19.0,117.0,136.0,,19.0,117.0,136.0,1.0,1.0,1,1.0,1,0.5,3,0,1.0,116.0,117.0,,1.0,116.0,117.0,1.0,1.0,1,0.0,0,-18.0,-1.0,-19.0,,0.0,-18.0,0.0,0.0,0.0
22500103,2025-10-25,1,0.5,1,0.0,2,1,-6.0,141.0,135.0,,-6.0,141.0,135.0,0.0,0.0,0,0.5,2,0.5,1,1,-13.0,134.0,121.0,,-13.0,134.0,121.0,0.5,0.5,0,0.0,0,-7.0,-7.0,-14.0,,0.5,-7.0,-1.0,0.5,0.0
22500104,2025-10-25,1,0.0,2,1.0,1,1,-11.5,122.5,111.0,,-11.5,122.5,111.0,0.5,0.5,0,0.0,1,0.5,2,1,-6.0,137.0,131.0,,-6.0,137.0,131.0,0.0,0.0,0,0.0,0,5.5,14.5,20.0,,-0.5,5.5,1.0,-0.5,0.0
22500105,2025-10-26,1,0.0,2,0.0,2,2,-13.0,133.5,120.5,,-13.0,133.5,120.5,0.0,0.0,0,1.0,2,0.5,2,0,18.5,104.0,122.5,,18.5,104.0,122.5,1.0,1.0,2,-2.0,0,31.5,-29.5,2.0,,1.0,31.5,0.0,1.0,2.0
22500106,2025-10-26,1,0.0,2,0.0,2,2,-5.5,111.0,105.5,,-5.5,111.0,105.5,0.0,0.0,0,0.5,2,0.5,2,0,0.0,113.0,113.0,,0.0,113.0,113.0,0.5,0.5,1,-2.0,0,5.5,2.0,7.5,,0.5,5.5,0.0,0.5,1.0
22500107,2025-10-26,1,1.0,2,1.0,2,0,9.5,118.0,127.5,,9.5,118.0,127.5,1.0,1.0,2,0.5,2,0.5,2,0,-0.5,121.5,121.0,,-0.5,121.5,121.0,0.5,0.5,1,0.0,0,-10.0,3.5,-6.5,,-0.5,-10.0,0.0,-0.5,-1.0
22500108,2025-10-26,1,0.5,2,1.0,2,0,9.0,103.0,112.0,,9.0,103.0,112.0,1.0,1.0,2,0.5,2,0.5,2,0,14.0,119.5,133.5,,14.0,119.5,133.5,0.5,0.5,1,0.0,0,5.0,16.5,21.5,,-0.5,5.0,0.0,-0.5,-1.0
22500109,2025-10-26,0,0.0,2,1.0,1,1,7.5,121.0,128.5,,7.5,121.0,128.5,0.5,0.5,0,0.5,2,0.5,2,0,-1.5,120.0,118.5,,-1.5,120.0,118.5,0.5,0.5,1,-1.0,0,-9.0,-1.0,-10.0,,0.0,-9.0,1.0,0.0,1.0
22500110,2025-10-26,1,0.0,2,0.0,1,2,-15.5,134.5,119.0,,-15.5,134.5,119.0,0.0,0.0,0,0.5,2,0.5,2,1,-7.0,121.0,114.0,,-7.0,121.0,114.0,0.5,0.5,0,-1.0,0,8.5,-13.5,-5.0,,0.5,8.5,1.0,0.5,0.0
22500111,2025-10-26,1,1.0,2,0.0,2,1,7.0,120.0,127.0,,7.0,120.0,127.0,0.5,0.5,0,0.5,2,0.0,2,2,-21.5,121.0,99.5,,-21.5,121.0,99.5,0.0,0.0,0,1.0,0,-28.5,1.0,-27.5,,-0.5,-28.5,0.0,-0.5,0.0
22500112,2025-10-26,1,0.5,2,0.5,2,0,8.0,118.5,126.5,,8.0,118.5,126.5,0.5,0.5,1,0.0,2,1.0,2,0,3.0,115.5,118.5,,3.0,115.5,118.5,0.5,0.5,1,0.0,0,-5.0,-3.0,-8.0,,0.0,-5.0,0.0,0.0,0.0
22500113,2025-10-26,0,0.5,2,0.5,2,0,4.0,114.5,118.5,,4.0,114.5,118.5,0.5,0.5,1,0.0,2,1.0,2,0,-1.5,112.0,110.5,,-1.5,112.0,110.5,0.5,0.5,1,0.0,0,-5.5,-2.5,-8.0,,0.0,-5.5,0.0,0.0,0.0
22500007,2025-10-27,0,0.5,3,1.0,1,0,1.3333333333333286,118.66666666666667,120.0,,1.3333333333333286,118.66666666666667,120.0,0.6666666666666666,0.6666666666666666,2,0.5,3,1.0,1,0,2.0,113.0,115.0,,2.0,113.0,115.0,0.6666666666666666,0.6666666666666666,2,0.0,0,0.6666666666666714,-5.666666666666671,-5.0,,0.0,0.6666666666666714,0.0,0.0,0.0
22500008,2025-10-27,0,0.0,2,1.0,2,0,8.0,124.0,132.0,,8.0,124.0,132.0,0.5,0.5,1,0.5,3,1.0,1,0,-3.3333333333333286,117.33333333333333,114.0,,-3.3333333333333286,117.33333333333333,114.0,0.6666666666666666,0.6666666666666666,1,0.0,0,-11.333333333333329,-6.666666666666671,-18.0,,0.16666666666666663,-11.333333333333329,-1.0,0.16666666666666663,0.0
22500114,2025-10-27,1,0.5,3,0.3333333333333333,2,2,-4.0,114.0,110.0,,-4.0,114.0,110.0,0.3333333333333333,0.3333333333333333,0,1.0,2,1.0,2,0,2.5,118.5,121.0,,2.5,118.5,121.0,1.0,1.0,2,-2.0,0,6.5,4.5,11.0,,0.6666666666666667,6.5,0.0,0.6666666666666667,2.0
22500115,2025-10-27,1,1.0,3,0.0,2,1,-11.0,120.66666666666667,109.66666666666667,,-11.0,120.66666666666667,109.66666666666667,0.3333333333333333,0.3333333333333333,0,1.0,2,1.0,2,0,8.0,104.5,112.5,,8.0,104.5,112.5,1.0,1.0,2,-1.0,0,19.0,-16.16666666666667,2.8333333333333286,,0.6666666666666667,19.0,0.0,0.6666666666666667,2.0
22500116,2025-10-27,1,0.0,3,0.0,1,3,-12.333333333333343,128.33333333333334,116.0,,-12.333333333333343,128.33333333333334,116.0,0.0,0.0,0,0.0,2,0.0,3,2,-2.5,120.0,117.5,,-2.5,120.0,117.5,0.0,0.0,0,-1.0,0,9.833333333333343,-8.333333333333343,1.5,,0.0,9.833333333333343,2.0,0.0,0.0
22500117,2025-10-27,0,0.0,3,0.0,1,3,-5.666666666666671,113.66666666666667,108.0,,-5.666666666666671,113.66666666666667,108.0,0.0,0.0,0,0.0,2,0.0,3,2,-5.0,124.0,119.0,,-5.0,124.0,119.0,0.0,0.0,0,-1.0,0,0.6666666666666714,10.333333333333329,11.0,,0.0,0.6666666666666714,2.0,0.0,0.0
22500118,2025-10-27,1,0.5,3,0.0,1,2,1.3333333333333428,126.33333333333333,127.66666666666667,,1.3333333333333428,126.33333333333333,127.66666666666667,0.3333333333333333,0.3333333333333333,0,1.0,3,1.0,1,0,16.0,105.0,121.0,,16.0,105.0,121.0,1.0,1.0,3,-2.0,0,14.666666666666657,-21.33333333333333,-6.666666666666671,,0.6666666666666667,14.666666666666657,0.0,0.6666666666666667,3.0
22500119,2025-10-27,0,1.0,3,1.0,2,0,8.0,119.66666666666667,127.66666666666667,,8.0,119.66666666666667,127.66666666666667,1.0,1.0,3,0.5,3,0.3333333333333333,1,0,-11.0,123.66666666666667,112.66666666666667,,-11.0,123.66666666666667,112.66666666666667,0.3333333333333333,0.3333333333333333,1,0.0,0,-19.0,4.0,-15.0,,-0.6666666666666667,-19.0,-1.0,-0.6666666666666667,-2.0
22500120,2025-10-27,1,0.0,3,1.0,2,2,-15.0,126.0,111.0,,-15.0,126.0,111.0,0.3333333333333333,0.3333333333333333,0,0.0,2,1.0,3,1,10.0,106.5,116.5,,10.0,106.5,116.5,0.5,0.5,0,-1.0,0,25.0,-19.5,5.5,,0.16666666666666669,25.0,1.0,0.16666666666666669,0.0
22500121,2025-10-27,1,0.5,3,0.6666666666666666,2,0,-0.3333333333333428,123.66666666666667,123.33333333333333,,-0.3333333333333428,123.66666666666667,123.33333333333333,0.6666666666666666,0.6666666666666666,1,0.5,3,1.0,3,1,-1.3333333333333286,126.33333333333333,125.0,,-1.3333333333333286,126.33333333333333,125.0,0.6666666666666666,0.6666666666666666,0,1.0,0,-0.9999999999999858,2.666666666666657,1.6666666666666714,,0.0,-0.9999999999999858,1.0,0.0,-1.0
22500122,2025-10-27,0,0.0,3,0.5,1,1,3.0,117.0,120.0,,3.0,117.0,120.0,0.3333333333333333,0.3333333333333333,0,1.0,3,0.5,1,0,5.0,116.33333333333333,121.33333333333333,,5.0,116.33333333333333,121.33333333333333,0.6666666666666666,0.6666666666666666,2,-1.0,0,2.0,-0.6666666666666714,1.3333333333333286,,0.3333333333333333,2.0,0.0,0.3333333333333333,2.0
22500123,2025-10-28,0,1.0,3,1.0,1,0,5.666666666666671,120.33333333333333,126.0,,5.666666666666671,120.33333333333333,126.0,1.0,1.0,3,0.5,3,0.0,2,1,-9.666666666666657,126.33333333333333,116.66666666666667,,-9.666666666666657,126.33333333333333,116.66666666666667,0.3333333333333333,0.3333333333333333,0,1.0,0,-15.333333333333329,6.0,-9.333333333333329,,-0.6666666666666667,-15.333333333333329,1.0,-0.6666666666666667,-3.0
22500124,2025-10-28,1,0.5,3,1.0,2,0,13.666666666666671,118.33333333333333,132.0,,13.666666666666671,118.33333333333333,132.0,0.6666666666666666,0.6666666666666666,1,0.5,3,1.0,2,0,12.0,115.33333333333333,127.33333333333333,,12.0,115.33333333333333,127.33333333333333,0.6666666666666666,0.6666666666666666,2,0.0,0,-1.6666666666666714,-3.0,-4.666666666666671,,0.0,-1.6666666666666714,0.0,0.0,1.0
22500125,2025-10-28,1,0.0,3,1.0,2,1,3.3333333333333286,107.0,110.33333333333333,,3.3333333333333286,107.0,110.33333333333333,0.6666666666666666,0.6666666666666666,0,0.5,3,1.0,2,1,4.666666666666671,118.0,122.66666666666667,,4.666666666666671,118.0,122.66666666666667,0.6666666666666666,0.6666666666666666,0,0.0,0,1.3333333333333428,11.0,12.333333333333343,,0.0,1.3333333333333428,0.0,0.0,0.0
22500126,2025-10-28,1,0.0,3,0.5,2,1,-3.3333333333333286,117.0,113.66666666666667,,-3.3333333333333286,117.0,113.66666666666667,0.3333333333333333,0.3333333333333333,0,1.0,4,1.0,1,0,7.75,113.25,121.0,,7.75,113.25,121.0,1.0,1.0,4,-1.0,0,11.083333333333329,-3.75,7.333333333333329,,0.6666666666666667,11.083333333333329,-1.0,0.6666666666666667,4.0
22500127,2025-10-28,1,0.0,3,1.0,2,0,4.333333333333329,112.66666666666667,117.0,,4.333333333333329,112.66666666666667,117.0,0.6666666666666666,0.6666666666666666,2,0.5,4,1.0,1,0,2.25,124.25,126.5,,2.25,124.25,126.5,0.75,0.75,1,0.0,0,-2.0833333333333286,11.583333333333329,9.5,,0.08333333333333337,-2.0833333333333286,-1.0,0.08333333333333337,-1.0
22500128,2025-10-29,1,0.6666666666666666,4,1.0,2,0,6.25,112.75,119.0,,6.25,112.75,119.0,0.75,0.75,3,0.3333333333333333,4,0.0,2,0,3.75,107.75,111.5,,3.75,107.75,111.5,0.25,0.25,1,0.0,0,-2.5,-5.0,-7.5,,-0.5,-2.5,0.0,-0.5,-2.0
22500129,2025-10-29,1,0.0,4,0.3333333333333333,2,3,-6.0,119.5,113.5,,-6.0,119.5,113.5,0.25,0.25,0,0.5,4,0.5,2,1,-3.75,113.75,110.0,,-3.75,113.75,110.0,0.5,0.5,0,-2.0,0,2.25,-5.75,-3.5,,0.25,2.25,0.0,0.25,0.0
22500130,2025-10-29,0,0.5,4,0.0,2,2,-9.5,122.5,113.0,,-9.5,122.5,113.0,0.25,0.25,0,0.0,4,0.0,2,4,-16.25,130.5,114.25,,-16.25,130.5,114.25,0.0,0.0,0,2.0,0,-6.75,8.0,1.25,,-0.25,-6.75,0.0,-0.25,0.0
22500131,2025-10-29,0,0.0,3,0.5,2,0,7.666666666666671,116.33333333333333,124.0,,7.666666666666671,116.33333333333333,124.0,0.3333333333333333,0.3333333333333333,1,0.3333333333333333,4,0.0,2,3,-3.5,125.0,121.5,,-3.5,125.0,121.5,0.25,0.25,0,3.0,0,-11.166666666666671,8.666666666666671,-2.5,,-0.08333333333333331,-11.166666666666671,0.0,-0.08333333333333331,-1.0
22500132,2025-10-29,1,0.0,4,0.5,1,2,-4.0,114.5,110.5,,-4.0,114.5,110.5,0.25,0.25,0,1.0,3,1.0,2,0,7.0,110.66666666666667,117.66666666666667,,7.0,110.66666666666667,117.66666666666667,1.0,1.0,3,-2.0,0,11.0,-3.8333333333333286,7.166666666666671,,0.75,11.0,1.0,0.75,3.0
22500133,2025-10-29,1,0.0,3,0.0,3,3,-11.666666666666671,127.66666666666667,116.0,,-11.666666666666671,127.66666666666667,116.0,0.0,0.0,0,0.5,4,0.25,2,1,-10.0,118.0,108.0,,-10.0,118.0,108.0,0.25,0.25,0,-2.0,0,1.6666666666666714,-9.666666666666671,-8.0,,0.25,1.6666666666666714,-1.0,0.25,0.0
22500134,2025-10-29,1,0.0,3,0.0,2,3,-14.0,123.33333333333333,109.33333333333333,,-14.0,123.33333333333333,109.33333333333333,0.0,0.0,0,0.5,3,1.0,2,0,9.666666666666671,120.66666666666667,130.33333333333334,,9.666666666666671,120.66666666666667,130.33333333333334,0.6666666666666666,0.6666666666666666,2,-3.0,0,23.66666666666667,-2.666666666666657,21.000000000000014,,0.6666666666666666,23.66666666666667,0.0,0.6666666666666666,2.0
22500135,2025-10-29,0,0.5,4,0.5,2,0,5.75,114.75,120.5,,5.75,114.75,120.5,0.5,0.5,1,0.0,3,1.0,2,0,8.0,115.66666666666667,123.66666666666667,,8.0,115.66666666666667,123.66666666666667,0.6666666666666666,0.6666666666666666,1,0.0,0,2.25,0.9166666666666714,3.1666666666666714,,0.16666666666666663,2.25,0.0,0.16666666666666663,0.0
22500136,2025-10-29,0,1.0,4,0.3333333333333333,2,1,0.25,117.75,118.0,,0.25,117.75,118.0,0.5,0.5,0,0.5,4,0.5,2,1,-5.75,119.75,114.0,,-5.75,119.75,114.0,0.5,0.5,0,0.0,0,-6.0,2.0,-4.0,,0.0,-6.0,0.0,0.0,0.0
22500137,2025-10-29,0,0.0,4,0.6666666666666666,2,1,-3.5,125.5,122.0,,-3.5,125.5,122.0,0.5,0.5,0,0.0,4,1.0,2,3,-12.25,129.0,116.75,,-12.25,129.0,116.75,0.25,0.25,0,2.0,0,-8.75,3.5,-5.25,,-0.25,-8.75,0.0,-0.25,0.0
22500138,2025-10-30,0,0.0,5,0.3333333333333333,1,4,-8.599999999999994,122.6,114.0,,-8.599999999999994,122.6,114.0,0.2,0.2,0,0.3333333333333333,4,1.0,2,1,3.5,124.75,128.25,,3.5,124.75,128.25,0.5,0.5,0,-3.0,0,12.099999999999994,2.1500000000000057,14.25,,0.3,12.099999999999994,1.0,0.3,0.0
22500139,2025-10-30,1,0.5,5,1.0,2,0,5.599999999999994,115.2,120.8,,5.599999999999994,115.2,120.8,0.8,0.8,2,0.5,4,1.0,2,0,6.0,116.25,122.25,,6.0,116.25,122.25,0.75,0.75,1,0.0,0,0.4000000000000057,1.0499999999999972,1.4500000000000028,,-0.050000000000000044,0.4000000000000057,0.0,-0.050000000000000044,-1.0
22500140,2025-10-30,1,0.5,4,0.0,2,2,-8.5,129.5,121.0,,-8.5,129.5,121.0,0.25,0.25,0,1.0,5,1.0,2,0,7.400000000000006,110.8,118.2,,7.400000000000006,110.8,118.2,1.0,1.0,5,-2.0,0,15.900000000000006,-18.700000000000003,-2.799999999999997,,0.75,15.900000000000006,0.0,0.75,5.0
22500141,2025-10-30,1,0.5,4,1.0,2,0,15.75,115.75,131.5,,15.75,115.75,131.5,0.75,0.75,3,1.0,4,1.0,3,0,16.5,104.5,121.0,,16.5,104.5,121.0,1.0,1.0,4,0.0,0,0.75,-11.25,-10.5,,0.25,0.75,1.0,0.25,1.0
22500020,2025-10-31,0,0.6666666666666666,5,0.0,2,0,-6.6000000000000085,120.4,113.8,,-6.6000000000000085,120.4,113.8,0.4,0.4,1,0.0,4,0.0,2,4,-9.25,122.5,113.25,,-9.25,122.5,113.25,0.0,0.0,0,4.0,0,-2.6499999999999915,2.0999999999999943,-0.5499999999999972,,-0.4,-2.6499999999999915,0.0,-0.4,-1.0
22500021,2025-10-31,0,0.3333333333333333,5,0.5,2,0,7.0,107.2,114.2,,7.0,107.2,114.2,0.4,0.4,2,1.0,4,1.0,3,0,5.5,123.75,129.25,,5.5,123.75,129.25,1.0,1.0,4,0.0,0,-1.5,16.549999999999997,15.049999999999997,,0.6,-1.5,1.0,0.6,2.0
22500022,2025-10-31,0,0.3333333333333333,5,0.0,2,4,-6.3999999999999915,127.8,121.4,,-6.3999999999999915,127.8,121.4,0.2,0.2,0,0.5,5,1.0,2,1,1.0,115.2,116.2,,1.0,115.2,116.2,0.6,0.6,0,-3.0,0,7.3999999999999915,-12.599999999999994,-5.200000000000003,,0.39999999999999997,7.3999999999999915,0.0,0.39999999999999997,0.0
22500023,2025-10-31,1,0.0,4,1.0,3,2,0.0,110.5,110.5,,0.0,110.5,110.5,0.5,0.5,0,1.0,4,1.0,2,0,8.5,111.25,119.75,,8.5,111.25,119.75,1.0,1.0,4,-2.0,0,8.5,0.75,9.25,,0.5,8.5,-1.0,0.5,4.0
22500024,2025-10-31,0,1.0,5,0.3333333333333333,2,0,0.3999999999999915,117.2,117.6,,0.3999999999999915,117.2,117.6,0.6,0.6,1,0.5,5,0.6666666666666666,2,0,-2.5999999999999943,123.0,120.4,,-2.5999999999999943,123.0,120.4,0.6,0.6,1,0.0,0,-2.999999999999986,5.799999999999997,2.8000000000000114,,0.0,-2.999999999999986,0.0,0.0,0.0
22500025,2025-10-31,1,0.0,4,0.6666666666666666,2,1,5.5,120.75,126.25,,5.5,120.75,126.25,0.5,0.5,0,0.0,5,0.5,2,4,-10.0,126.0,116.0,,-10.0,126.0,116.0,0.2,0.2,0,3.0,0,-15.5,5.25,-10.25,,-0.3,-15.5,0.0,-0.3,0.0
22500026,2025-10-31,1,0.5,4,1.0,2,0,15.75,112.5,128.25,,15.75,112.5,128.25,0.75,0.75,3,0.6666666666666666,5,0.5,2,0,5.0,118.6,123.6,,5.0,118.6,123.6,0.6,0.6,2,0.0,0,-10.75,6.099999999999994,-4.650000000000006,,-0.15000000000000002,-10.75,0.0,-0.15000000000000002,-1.0
22500027,2025-10-31,1,0.0,4,0.0,2,4,-19.0,123.0,104.0,,-19.0,123.0,104.0,0.0,0.0,0,0.0,4,1.0,3,1,-1.5,109.0,107.5,,-1.5,109.0,107.5,0.5,0.5,0,-3.0,0,17.5,-14.0,3.5,,0.5,17.5,1.0,0.5,0.0
22500142,2025-11-01,0,0.0,5,0.5,3,3,-5.799999999999997,116.8,111.0,,-5.799999999999997,116.8,111.0,0.2,0.2,0,0.5,5,1.0,2,0,6.799999999999997,115.0,121.8,,6.799999999999997,115.0,121.8,0.8,0.8,2,-3.0,0,12.599999999999994,-1.7999999999999972,10.799999999999997,,0.6000000000000001,12.599999999999994,-1.0,0.6000000000000001,2.0
22500143,2025-11-01,0,0.5,5,0.3333333333333333,3,2,-4.799999999999997,119.0,114.2,,-4.799999999999997,119.0,114.2,0.4,0.4,0,0.3333333333333333,5,0.5,2,2,-0.4000000000000057,124.4,124.0,,-0.4000000000000057,124.4,124.0,0.4,0.4,0,0.0,0,4.3999999999999915,5.400000000000006,9.799999999999997,,0.0,4.3999999999999915,-1.0,0.0,0.0
22500144,2025-11-01,1,0.3333333333333333,6,1.0,2,1,3.0,116.0,119.0,,3.0,116.0,119.0,0.6666666666666666,0.6666666666666666,0,0.0,5,0.0,1,5,-11.399999999999991,123.6,112.2,,-11.399999999999991,123.6,112.2,0.0,0.0,0,4.0,0,-14.399999999999991,7.599999999999994,-6.799999999999997,,-0.6666666666666666,-14.399999999999991,-1.0,-0.6666666666666666,0.0
22500145,2025-11-01,0,0.3333333333333333,6,0.3333333333333333,2,0,-4.5,120.0,115.5,,-4.5,120.0,115.5,0.3333333333333333,0.3333333333333333,1,0.3333333333333333,5,0.0,2,3,-10.599999999999994,129.0,118.4,,-10.599999999999994,129.0,118.4,0.2,0.2,0,3.0,0,-6.099999999999994,9.0,2.9000000000000057,,-0.1333333333333333,-6.099999999999994,0.0,-0.1333333333333333,-1.0
22500146,2025-11-01,0,0.5,4,0.5,3,0,10.25,117.5,127.75,,10.25,117.5,127.75,0.5,0.5,2,0.5,6,0.5,1,0,6.0,107.33333333333333,113.33333333333333,,6.0,107.33333333333333,113.33333333333333,0.5,0.5,3,0.0,0,-4.25,-10.166666666666671,-14.416666666666671,,0.0,-4.25,-2.0,0.0,1.0
22500148,2025-11-02,1,0.0,5,0.0,2,5,-15.599999999999994,123.6,108.0,,-15.599999999999994,123.6,108.0,0.0,0.0,0,1.0,6,1.0,3,0,9.333333333333343,110.33333333333333,119.66666666666667,,9.333333333333343,110.33333333333333,119.66666666666667,1.0,1.0,6,-5.0,0,24.933333333333337,-13.266666666666666,11.666666666666671,,1.0,24.933333333333337,1.0,1.0,6.0
22500149,2025-11-02,0,1.0,5,0.6666666666666666,2,1,4.200000000000003,120.8,125.0,,4.200000000000003,120.8,125.0,0.8,0.8,0,0.0,5,0.0,4,5,-14.0,127.8,113.8,,-14.0,127.8,113.8,0.0,0.0,0,4.0,0,-18.200000000000003,7.0,-11.200000000000003,,-0.8,-18.200000000000003,2.0,-0.8,0.0
22500150,2025-11-02,1,0.0,5,0.6666666666666666,2,2,0.0,120.2,120.2,,0.0,120.2,120.2,0.4,0.4,0,0.3333333333333333,6,0.3333333333333333,1,3,-3.1666666666666714,124.0,120.83333333333333,,-3.1666666666666714,124.0,120.83333333333333,0.3333333333333333,0.3333333333333333,0,1.0,0,-3.1666666666666714,3.799999999999997,0.6333333333333258,,-0.06666666666666671,-3.1666666666666714,-1.0,-0.06666666666666671,0.0
22500151,2025-11-02,1,0.75,6,0.0,2,0,-2.166666666666657,118.33333333333333,116.16666666666667,,-2.166666666666657,118.33333333333333,116.16666666666667,0.5,0.5,2,0.5,6,0.5,2,2,-1.0,114.66666666666667,113.66666666666667,,-1.0,114.66666666666667,113.66666666666667,0.5,0.5,0,2.0,0,1.1666666666666572,-3.666666666666657,-2.5,,0.0,1.1666666666666572,0.0,0.0,-2.0
22500152,2025-11-02,1,0.5,6,0.5,2,1,-3.0,122.0,119.0,,-3.0,122.0,119.0,0.5,0.5,0,0.5,6,0.0,2,0,-3.5,123.33333333333333,119.83333333333333,,-3.5,123.33333333333333,119.83333333333333,0.3333333333333333,0.3333333333333333,1,-1.0,0,-0.5,1.3333333333333286,0.8333333333333286,,-0.16666666666666669,-0.5,0.0,-0.16666666666666669,1.0
22500153,2025-11-02,1,1.0,5,1.0,2,0,8.799999999999997,114.0,122.8,,8.799999999999997,114.0,122.8,1.0,1.0,5,0.0,5,1.0,2,3,-2.0,115.4,113.4,,-2.0,115.4,113.4,0.4,0.4,0,3.0,0,-10.799999999999997,1.4000000000000057,-9.399999999999991,,-0.6,-10.799999999999997,0.0,-0.6,-5.0
22500154,2025-11-02,1,1.0,5,1.0,3,0,14.400000000000006,103.8,118.2,,14.400000000000006,103.8,118.2,1.0,1.0,5,0.0,6,0.6666666666666666,2,0,-4.666666666666671,121.0,116.33333333333333,,-4.666666666666671,121.0,116.33333333333333,0.3333333333333333,0.3333333333333333,1,0.0,0,-19.066666666666677,17.200000000000003,-1.8666666666666742,,-0.6666666666666667,-19.066666666666677,-1.0,-0.6666666666666667,-4.0
22500155,2025-11-02,1,0.3333333333333333,5,1.0,3,1,11.400000000000006,114.0,125.4,,11.400000000000006,114.0,125.4,0.6,0.6,0,1.0,6,0.3333333333333333,2,0,1.1666666666666714,116.33333333333333,117.5,,1.1666666666666714,116.33333333333333,117.5,0.6666666666666666,0.6666666666666666,2,-1.0,0,-10.233333333333334,2.3333333333333286,-7.900000000000006,,0.06666666666666665,-10.233333333333334,-1.0,0.06666666666666665,2.0
22500156,2025-11-03,0,0.6666666666666666,6,0.3333333333333333,2,0,-1.1666666666666714,116.66666666666667,115.5,,-1.1666666666666714,116.66666666666667,115.5,0.5,0.5,1,0.0,6,0.0,1,6,-15.666666666666671,128.0,112.33333333333333,,-15.666666666666671,128.0,112.33333333333333,0.0,0.0,0,6.0,0,-14.5,11.333333333333329,-3.1666666666666714,,-0.5,-14.5,-1.0,-0.5,-1.0
22500157,2025-11-03,0,0.5,6,0.75,2,1,5.333333333333343,118.33333333333333,123.66666666666667,,5.333333333333343,118.33333333333333,123.66666666666667,0.6666666666666666,0.6666666666666666,0,0.0,6,0.3333333333333333,2,0,-8.666666666666671,121.16666666666667,112.5,,-8.666666666666671,121.16666666666667,112.5,0.16666666666666666,0.16666666666666666,1,-1.0,0,-14.000000000000014,2.833333333333343,-11.166666666666671,,-0.5,-14.000000000000014,0.0,-0.5,1.0
22500158,2025-11-03,0,0.0,6,0.6666666666666666,1,3,-3.833333333333343,121.16666666666667,117.33333333333333,,-3.833333333333343,121.16666666666667,117.33333333333333,0.3333333333333333,0.3333333333333333,0,0.5,7,0.3333333333333333,2,1,1.2857142857142776,110.28571428571429,111.57142857142857,,1.2857142857142776,110.28571428571429,111.57142857142857,0.42857142857142855,0.42857142857142855,0,-2.0,0,5.11904761904762,-10.88095238095238,-5.761904761904759,,0.09523809523809523,5.11904761904762,1.0,0.09523809523809523,0.0
22500159,2025-11-03,1,0.3333333333333333,6,0.0,2,4,-14.000000000000014,128.33333333333334,114.33333333333333,,-14.000000000000014,128.33333333333334,114.33333333333333,0.16666666666666666,0.16666666666666666,0,0.0,6,1.0,1,0,0.3333333333333286,115.5,115.83333333333333,,0.3333333333333286,115.5,115.83333333333333,0.5,0.5,1,-4.0,0,14.333333333333343,-12.833333333333343,1.5,,0.33333333333333337,14.333333333333343,-1.0,0.33333333333333337,1.0
22500160,2025-11-03,1,0.5,5,0.4,5,0,-7.6000000000000085,115.4,107.8,,-7.6000000000000085,115.4,107.8,0.4,0.4,1,0.6666666666666666,5,0.5,2,0,13.599999999999994,114.2,127.8,,13.599999999999994,114.2,127.8,0.6,0.6,3,0.0,0,21.200000000000003,-1.2000000000000028,20.0,,0.19999999999999996,21.200000000000003,-3.0,0.19999999999999996,2.0
22500161,2025-11-03,0,0.5,5,0.6666666666666666,5,0,0.7999999999999972,114.2,115.0,,0.7999999999999972,114.2,115.0,0.6,0.6,1,0.3333333333333333,7,0.5,1,2,-4.428571428571431,121.28571428571429,116.85714285714286,,-4.428571428571431,121.28571428571429,116.85714285714286,0.42857142857142855,0.42857142857142855,0,2.0,0,-5.228571428571428,7.085714285714289,1.8571428571428612,,-0.17142857142857143,-5.228571428571428,-4.0,-0.17142857142857143,-1.0
22500162,2025-11-03,1,0.25,6,0.5,2,0,-4.5,119.5,115.0,,-4.5,119.5,115.0,0.3333333333333333,0.3333333333333333,1,0.3333333333333333,5,1.0,3,1,12.200000000000003,111.8,124.0,,12.200000000000003,111.8,124.0,0.6,0.6,0,1.0,0,16.700000000000003,-7.700000000000003,9.0,,0.26666666666666666,16.700000000000003,1.0,0.26666666666666666,-1.0
22500163,2025-11-03,0,1.0,7,0.5,1,0,2.4285714285714306,116.85714285714286,119.28571428571429,,2.4285714285714306,116.85714285714286,119.28571428571429,0.7142857142857143,0.7142857142857143,3,0.6666666666666666,6,0.6666666666666666,3,0,4.5,116.66666666666667,121.16666666666667,,4.5,116.66666666666667,121.16666666666667,0.6666666666666666,0.6666666666666666,3,0.0,0,2.0714285714285694,-0.1904761904761898,1.8809523809523796,,-0.04761904761904767,2.0714285714285694,2.0,-0.04761904761904767,0.0
22500164,2025-11-03,0,0.25,6,1.0,1,2,7.833333333333329,116.66666666666667,124.5,,7.833333333333329,116.66666666666667,124.5,0.5,0.5,0,0.0,5,1.0,3,0,-0.7999999999999972,112.0,111.2,,-0.7999999999999972,112.0,111.2,0.6,0.6,1,-2.0,0,-8.633333333333326,-4.666666666666671,-13.299999999999997,,0.09999999999999998,-8.633333333333326,2.0,0.09999999999999998,1.0
22500165,2025-11-04,1,0.6666666666666666,7,0.75,1,0,4.857142857142847,117.85714285714286,122.71428571428571,,4.857142857142847,117.85714285714286,122.71428571428571,0.7142857142857143,0.7142857142857143,1,0.5,7,0.3333333333333333,2,0,-1.1428571428571388,120.57142857142857,119.42857142857143,,-1.1428571428571388,120.57142857142857,119.42857142857143,0.42857142857142855,0.42857142857142855,2,0.0,0,-5.999999999999986,2.714285714285708,-3.2857142857142776,,-0.28571428571428575,-5.999999999999986,1.0,-0.28571428571428575,1.0
22500166,2025-11-04,1,0.5,7,0.3333333333333333,3,0,0.5714285714285694,116.28571428571429,116.85714285714286,,0.5714285714285694,116.28571428571429,116.85714285714286,0.42857142857142855,0.42857142857142855,2,0.6,7,0.0,2,1,-3.0,118.14285714285714,115.14285714285714,,-3.0,118.14285714285714,115.14285714285714,0.42857142857142855,0.42857142857142855,0,1.0,0,-3.5714285714285694,1.857142857142847,-1.7142857142857224,,0.0,-3.5714285714285694,-1.0,0.0,-2.0
22500167,2025-11-04,1,1.0,6,0.6666666666666666,2,0,7.5,118.16666666666667,125.66666666666667,,7.5,118.16666666666667,125.66666666666667,0.8333333333333334,0.8333333333333334,1,0.5,6,1.0,2,1,5.333333333333343,116.33333333333333,121.66666666666667,,5.333333333333343,116.33333333333333,121.66666666666667,0.8333333333333334,0.8333333333333334,0,1.0,0,-2.166666666666657,-1.8333333333333428,-4.0,,0.0,-2.166666666666657,0.0,0.0,-1.0
22500168,2025-11-04,1,0.3333333333333333,7,0.5,2,0,0.5714285714285694,121.0,121.57142857142857,,0.5714285714285694,121.0,121.57142857142857,0.42857142857142855,0.42857142857142855,1,0.0,6,0.0,2,6,-18.166666666666657,125.83333333333333,107.66666666666667,,-18.166666666666657,125.83333333333333,107.66666666666667,0.0,0.0,0,6.0,0,-18.738095238095227,4.833333333333329,-13.904761904761898,,-0.42857142857142855,-18.738095238095227,0.0,-0.42857142857142855,-1.0
22500169,2025-11-04,1,0.0,7,0.75,2,0,-2.2857142857142776,120.57142857142857,118.28571428571429,,-2.2857142857142776,120.57142857142857,118.28571428571429,0.42857142857142855,0.42857142857142855,2,0.25,7,1.0,3,2,1.8571428571428612,115.71428571428571,117.57142857142857,,1.8571428571428612,115.71428571428571,117.57142857142857,0.5714285714285714,0.5714285714285714,0,2.0,0,4.142857142857139,-4.857142857142861,-0.7142857142857224,,0.14285714285714285,4.142857142857139,1.0,0.14285714285714285,-2.0
22500170,2025-11-04,0,1.0,7,1.0,2,0,12.42857142857143,109.71428571428571,122.14285714285714,,12.42857142857143,109.71428571428571,122.14285714285714,1.0,1.0,7,0.0,6,0.75,1,1,-0.8333333333333286,113.33333333333333,112.5,,-0.8333333333333286,113.33333333333333,112.5,0.5,0.5,0,1.0,0,-13.26190476190476,3.6190476190476204,-9.642857142857139,,-0.5,-13.26190476190476,-1.0,-0.5,-7.0
22500171,2025-11-05,1,0.75,7,0.6666666666666666,1,1,6.142857142857139,117.42857142857143,123.57142857142857,,6.142857142857139,117.42857142857143,123.57142857142857,0.7142857142857143,0.7142857142857143,0,0.5,7,0.6666666666666666,3,0,0.2857142857142776,113.85714285714286,114.14285714285714,,0.2857142857142776,113.85714285714286,114.14285714285714,0.5714285714285714,0.5714285714285714,1,-1.0,0,-5.857142857142861,-3.5714285714285694,-9.42857142857143,,-0.1428571428571429,-5.857142857142861,2.0,-0.1428571428571429,1.0
22500172,2025-11-05,1,0.25,7,0.6666666666666666,2,0,-3.0,118.57142857142857,115.57142857142857,,-3.0,118.57142857142857,115.57142857142857,0.42857142857142855,0.42857142857142855,1,0.6666666666666666,6,0.6666666666666666,2,0,2.0,112.83333333333333,114.83333333333333,,2.0,112.83333333333333,114.83333333333333,0.6666666666666666,0.6666666666666666,2,0.0,0,5.0,-5.738095238095241,-0.7380952380952408,,0.23809523809523808,5.0,0.0,0.23809523809523808,1.0
22500173,2025-11-05,0,0.0,7,0.0,2,7,-15.714285714285708,127.57142857142857,111.85714285714286,,-15.714285714285708,127.57142857142857,111.85714285714286,0.0,0.0,0,0.0,7,0.25,2,1,-7.714285714285708,120.57142857142857,112.85714285714286,,-7.714285714285708,120.57142857142857,112.85714285714286,0.14285714285714285,0.14285714285714285,0,-6.0,0,8.0,-7.0,1.0,,0.14285714285714285,8.0,0.0,0.14285714285714285,0.0
22500174,2025-11-05,1,0.25,7,0.0,2,5,-14.42857142857143,127.0,112.57142857142857,,-14.42857142857143,127.0,112.57142857142857,0.14285714285714285,0.14285714285714285,0,0.5,8,0.25,2,2,0.875,109.625,110.5,,0.875,109.625,110.5,0.375,0.375,0,-3.0,0,15.30357142857143,-17.375,-2.0714285714285694,,0.23214285714285715,15.30357142857143,0.0,0.23214285714285715,0.0
22500175,2025-11-05,1,0.75,7,0.3333333333333333,2,0,1.2857142857142918,115.57142857142857,116.85714285714286,,1.2857142857142918,115.57142857142857,116.85714285714286,0.5714285714285714,0.5714285714285714,2,0.0,7,1.0,2,0,2.7142857142857224,113.57142857142857,116.28571428571429,,2.7142857142857224,113.57142857142857,116.28571428571429,0.5714285714285714,0.5714285714285714,2,0.0,0,1.4285714285714306,-2.0,-0.5714285714285694,,0.0,1.4285714285714306,0.0,0.0,0.0
22500176,2025-11-05,0,0.6666666666666666,6,0.6666666666666666,2,0,12.666666666666657,112.16666666666667,124.83333333333333,,12.666666666666657,112.16666666666667,124.83333333333333,0.6666666666666666,0.6666666666666666,4,0.3333333333333333,8,0.4,2,3,-4.875,120.375,115.5,,-4.875,120.375,115.5,0.375,0.375,0,3.0,0,-17.541666666666657,8.208333333333329,-9.333333333333329,,-0.29166666666666663,-17.541666666666657,0.0,-0.29166666666666663,-4.0
22500177,2025-11-05,0,0.0,7,0.3333333333333333,1,0,-15.0,123.85714285714286,108.85714285714286,,-15.0,123.85714285714286,108.85714285714286,0.14285714285714285,0.14285714285714285,1,0.0,6,0.4,2,1,-7.666666666666671,114.5,106.83333333333333,,-7.666666666666671,114.5,106.83333333333333,0.3333333333333333,0.3333333333333333,0,1.0,0,7.333333333333329,-9.357142857142861,-2.0238095238095326,,0.19047619047619047,7.333333333333329,1.0,0.19047619047619047,-1.0
22500178,2025-11-05,1,0.4,7,1.0,2,0,6.857142857142861,117.0,123.85714285714286,,6.857142857142861,117.0,123.85714285714286,0.5714285714285714,0.5714285714285714,1,0.3333333333333333,6,1.0,2,0,11.166666666666671,113.83333333333333,125.0,,11.166666666666671,113.83333333333333,125.0,0.6666666666666666,0.6666666666666666,1,0.0,0,4.30952380952381,-3.1666666666666714,1.1428571428571388,,0.09523809523809523,4.30952380952381,0.0,0.09523809523809523,0.0
22500179,2025-11-05,1,0.6666666666666666,6,1.0,3,1,10.0,108.16666666666667,118.16666666666667,,10.0,108.16666666666667,118.16666666666667,0.8333333333333334,0.8333333333333334,0,1.0,8,0.5,2,0,3.125,116.625,119.75,,3.125,116.625,119.75,0.75,0.75,4,-1.0,0,-6.875,8.458333333333329,1.5833333333333286,,-0.08333333333333337,-6.875,-1.0,-0.08333333333333337,4.0
22500180,2025-11-05,1,1.0,8,1.0,1,0,13.25,109.375,122.625,,13.25,109.375,122.625,1.0,1.0,8,0.6666666666666666,7,0.5,2,1,2.7142857142857224,117.57142857142857,120.28571428571429,,2.7142857142857224,117.57142857142857,120.28571428571429,0.5714285714285714,0.5714285714285714,0,1.0,0,-10.535714285714278,8.19642857142857,-2.339285714285708,,-0.4285714285714286,-10.535714285714278,1.0,-0.4285714285714286,-8.0
22500181,2025-11-05,1,0.25,8,1.0,1,0,3.0,114.625,117.625,,3.0,114.625,117.625,0.625,0.625,1,0.2,7,0.5,2,1,-4.714285714285708,121.0,116.28571428571429,,-4.714285714285708,121.0,116.28571428571429,0.2857142857142857,0.2857142857142857,0,1.0,0,-7.714285714285708,6.375,-1.3392857142857082,,-0.3392857142857143,-7.714285714285708,1.0,-0.3392857142857143,-1.0
22500182,2025-11-06,1,0.0,7,0.6,2,2,-3.4285714285714306,115.14285714285714,111.71428571428571,,-3.4285714285714306,115.14285714285714,111.71428571428571,0.42857142857142855,0.42857142857142855,0,0.0,8,0.75,2,1,-3.375,120.25,116.875,,-3.375,120.25,116.875,0.375,0.375,0,-1.0,0,0.0535714285714306,5.107142857142861,5.160714285714292,,-0.05357142857142855,0.0535714285714306,0.0,-0.05357142857142855,0.0
22500028,2025-11-07,1,0.5,9,0.4,2,0,4.0,109.33333333333333,113.33333333333333,,4.0,109.33333333333333,113.33333333333333,0.4444444444444444,0.4444444444444444,1,0.4,8,0.3333333333333333,3,1,-1.375,117.625,116.25,,-1.375,117.625,116.25,0.375,0.375,0,1.0,0,-5.375,8.291666666666671,2.9166666666666714,,-0.06944444444444442,-5.375,1.0,-0.06944444444444442,-1.0
22500029,2025-11-07,0,0.5,8,0.75,2,0,1.625,114.75,116.375,,1.625,114.75,116.375,0.625,0.625,2,0.2,8,0.0,2,6,-16.25,128.125,111.875,,-16.25,128.125,111.875,0.125,0.125,0,6.0,0,-17.875,13.375,-4.5,,-0.5,-17.875,0.0,-0.5,-2.0
22500030,2025-11-07,0,0.5,8,0.5,3,0,2.5,118.0,120.5,,2.5,118.0,120.5,0.5,0.5,3,0.6,8,0.3333333333333333,3,0,-0.75,117.375,116.625,,-0.75,117.375,116.625,0.5,0.5,1,0.0,0,-3.25,-0.625,-3.875,,0.0,-3.25,0.0,0.0,-2.0
22500031,2025-11-07,0,0.6666666666666666,7,0.75,2,0,3.2857142857142776,111.42857142857143,114.71428571428571,,3.2857142857142776,111.42857142857143,114.71428571428571,0.7142857142857143,0.7142857142857143,3,0.25,8,0.0,2,0,-12.625,124.5,111.875,,-12.625,124.5,111.875,0.125,0.125,1,0.0,0,-15.910714285714278,13.07142857142857,-2.839285714285708,,-0.5892857142857143,-15.910714285714278,0.0,-0.5892857142857143,-2.0
22500032,2025-11-07,1,0.75,7,0.6666666666666666,2,0,13.0,111.71428571428571,124.71428571428571,,13.0,111.71428571428571,124.71428571428571,0.7142857142857143,0.7142857142857143,5,0.5,7,1.0,2,2,8.285714285714292,109.57142857142857,117.85714285714286,,8.285714285714292,109.57142857142857,117.85714285714286,0.7142857142857143,0.7142857142857143,0,2.0,0,-4.714285714285708,-2.142857142857139,-6.857142857142847,,0.0,-4.714285714285708,0.0,0.0,-5.0
22500033,2025-11-07,1,0.25,8,0.5,3,1,0.0,120.375,120.375,,0.0,120.375,120.375,0.375,0.375,0,0.3333333333333333,8,1.0,2,1,4.75,117.625,122.375,,4.75,117.625,122.375,0.5,0.5,0,0.0,0,4.75,-2.75,2.0,,0.125,4.75,-1.0,0.125,0.0
22500034,2025-11-07,1,0.0,7,0.3333333333333333,2,2,-6.857142857142861,112.57142857142857,105.71428571428571,,-6.857142857142861,112.57142857142857,105.71428571428571,0.2857142857142857,0.2857142857142857,0,0.3333333333333333,9,0.3333333333333333,2,4,-6.0,120.77777777777777,114.77777777777777,,-6.0,120.77777777777777,114.77777777777777,0.3333333333333333,0.3333333333333333,0,2.0,0,0.8571428571428612,8.206349206349202,9.063492063492063,,0.047619047619047616,0.8571428571428612,0.0,0.047619047619047616,0.0
22500035,2025-11-07,1,0.5,7,1.0,3,0,4.857142857142861,115.57142857142857,120.42857142857143,,4.857142857142861,115.57142857142857,120.42857142857143,0.8571428571428571,0.8571428571428571,1,0.5,8,0.75,3,1,0.75,119.125,119.875,,0.75,119.125,119.875,0.625,0.625,0,1.0,0,-4.107142857142861,3.5535714285714306,-0.5535714285714306,,-0.2321428571428571,-4.107142857142861,0.0,-0.2321428571428571,-1.0
22500036,2025-11-07,1,0.2,8,0.6666666666666666,2,1,-4.0,118.0,114.0,,-4.0,118.0,114.0,0.375,0.375,0,0.6,8,0.3333333333333333,2,1,-1.75,118.25,116.5,,-1.75,118.25,116.5,0.5,0.5,0,0.0,0,2.25,0.25,2.5,,0.125,2.25,0.0,0.125,0.0
22500037,2025-11-07,1,0.2,9,1.0,2,1,2.1111111111111143,115.33333333333333,117.44444444444444,,2.1111111111111143,115.33333333333333,117.44444444444444,0.5555555555555556,0.5555555555555556,0,0.3333333333333333,7,1.0,2,0,11.0,113.57142857142857,124.57142857142857,,11.0,113.57142857142857,124.57142857142857,0.7142857142857143,0.7142857142857143,2,-1.0,0,8.888888888888886,-1.7619047619047592,7.1269841269841265,,0.15873015873015872,8.888888888888886,0.0,0.15873015873015872,2.0
22500038,2025-11-07,0,0.8,9,1.0,2,1,11.555555555555557,110.66666666666667,122.22222222222223,,11.555555555555557,110.66666666666667,122.22222222222223,0.8888888888888888,0.8888888888888888,0,0.2,8,0.6666666666666666,2,0,-3.5,120.375,116.875,,-3.5,120.375,116.875,0.375,0.375,1,-1.0,0,-15.055555555555557,9.708333333333329,-5.3472222222222285,,-0.5138888888888888,-15.055555555555557,0.0,-0.5138888888888888,1.0
22500183,2025-11-08,0,0.0,8,0.3333333333333333,1,3,-7.75,113.25,105.5,,-7.75,113.25,105.5,0.25,0.25,0,0.2,9,0.0,1,7,-18.111111111111114,130.33333333333334,112.22222222222223,,-18.111111111111114,130.33333333333334,112.22222222222223,0.1111111111111111,0.1111111111111111,0,4.0,0,-10.361111111111114,17.083333333333343,6.7222222222222285,,-0.1388888888888889,-10.361111111111114,0.0,-0.1388888888888889,0.0
22500184,2025-11-08,1,0.6,9,0.5,1,0,3.555555555555557,115.66666666666667,119.22222222222223,,3.555555555555557,115.66666666666667,119.22222222222223,0.5555555555555556,0.5555555555555556,4,0.6,8,0.6666666666666666,3,2,4.0,119.25,123.25,,4.0,119.25,123.25,0.625,0.625,0,2.0,0,0.44444444444444287,3.5833333333333286,4.0277777777777715,,0.06944444444444442,0.44444444444444287,2.0,0.06944444444444442,-4.0
22500185,2025-11-08,1,1.0,9,0.6,3,0,3.0,116.55555555555556,119.55555555555556,,3.0,116.55555555555556,119.55555555555556,0.7777777777777778,0.7777777777777778,5,0.6,9,0.25,1,1,-2.0,116.44444444444444,114.44444444444444,,-2.0,116.44444444444444,114.44444444444444,0.4444444444444444,0.4444444444444444,0,1.0,0,-5.0,-0.11111111111111427,-5.111111111111114,,-0.33333333333333337,-5.0,-2.0,-0.33333333333333337,-5.0
22500186,2025-11-08,1,0.3333333333333333,8,1.0,1,1,2.25,116.875,119.125,,2.25,116.875,119.125,0.75,0.75,0,0.6,9,0.75,1,0,5.111111111111114,114.77777777777777,119.88888888888889,,5.111111111111114,114.77777777777777,119.88888888888889,0.6666666666666666,0.6666666666666666,3,-1.0,0,2.8611111111111143,-2.0972222222222285,0.7638888888888857,,-0.08333333333333337,2.8611111111111143,0.0,-0.08333333333333337,3.0
22500187,2025-11-08,1,0.6666666666666666,8,0.6,3,0,2.625,117.75,120.375,,2.625,117.75,120.375,0.625,0.625,1,0.3333333333333333,9,1.0,1,0,6.222222222222214,116.55555555555556,122.77777777777777,,6.222222222222214,116.55555555555556,122.77777777777777,0.5555555555555556,0.5555555555555556,1,0.0,0,3.5972222222222143,-1.1944444444444429,2.4027777777777715,,-0.06944444444444442,3.5972222222222143,-2.0,-0.06944444444444442,0.0
22500188,2025-11-08,1,0.2,8,0.3333333333333333,3,0,-12.875,120.75,107.875,,-12.875,120.75,107.875,0.25,0.25,2,0.5,8,1.0,1,0,8.625,109.625,118.25,,8.625,109.625,118.25,0.75,0.75,1,0.0,0,21.5,-11.125,10.375,,0.5,21.5,-2.0,0.5,-1.0
22500189,2025-11-08,1,0.0,8,0.2,3,2,-7.875,119.5,111.625,,-7.875,119.5,111.625,0.125,0.125,0,0.3333333333333333,8,1.0,1,0,12.75,112.375,125.125,,12.75,112.375,125.125,0.75,0.75,3,-2.0,0,20.625,-7.125,13.5,,0.625,20.625,-2.0,0.625,3.0
22500190,2025-11-08,0,0.0,9,0.8,2,0,-1.5555555555555571,118.22222222222223,116.66666666666667,,-1.5555555555555571,118.22222222222223,116.66666666666667,0.4444444444444444,0.4444444444444444,1,0.0,8,0.6,2,3,-4.625,115.125,110.5,,-4.625,115.125,110.5,0.375,0.375,0,3.0,0,-3.069444444444443,-3.0972222222222285,-6.166666666666671,,-0.06944444444444442,-3.069444444444443,0.0,-0.06944444444444442,-1.0
22500191,2025-11-09,0,0.6,8,0.6666666666666666,2,1,10.0,112.875,122.875,,10.0,112.875,122.875,0.625,0.625,0,0.5,9,0.8,2,0,2.444444444444443,118.11111111111111,120.55555555555556,,2.444444444444443,118.11111111111111,120.55555555555556,0.6666666666666666,0.6666666666666666,1,-1.0,0,-7.555555555555557,5.236111111111114,-2.319444444444443,,0.04166666666666663,-7.555555555555557,0.0,0.04166666666666663,1.0
22500192,2025-11-09,1,0.25,9,0.0,2,1,-13.222222222222229,124.55555555555556,111.33333333333333,,-13.222222222222229,124.55555555555556,111.33333333333333,0.1111111111111111,0.1111111111111111,0,0.0,8,1.0,4,0,5.25,113.625,118.875,,5.25,113.625,118.875,0.625,0.625,3,-1.0,0,18.47222222222223,-10.930555555555557,7.541666666666671,,0.5138888888888888,18.47222222222223,2.0,0.5138888888888888,3.0
22500193,2025-11-09,0,0.4,10,0.4,2,1,2.299999999999997,110.7,113.0,,2.299999999999997,110.7,113.0,0.4,0.4,0,0.4,9,0.5,2,0,0.22222222222222854,116.77777777777777,117.0,,0.22222222222222854,116.77777777777777,117.0,0.4444444444444444,0.4444444444444444,1,-1.0,0,-2.0777777777777686,6.077777777777769,4.0,,0.0444444444444444,-2.0777777777777686,0.0,0.0444444444444444,1.0
22500194,2025-11-09,0,0.8333333333333334,10,1.0,2,0,13.5,109.7,123.2,,13.5,109.7,123.2,0.9,0.9,1,0.3333333333333333,10,0.42857142857142855,2,0,-4.0,119.1,115.1,,-4.0,119.1,115.1,0.4,0.4,1,0.0,0,-17.5,9.399999999999991,-8.100000000000009,,-0.5,-17.5,0.0,-0.5,0.0
22500195,2025-11-09,0,0.75,8,0.75,2,0,5.125,110.875,116.0,,5.125,110.875,116.0,0.75,0.75,4,0.6,9,0.75,1,0,4.666666666666671,119.33333333333333,124.0,,4.666666666666671,119.33333333333333,124.0,0.6666666666666666,0.6666666666666666,1,0.0,0,-0.4583333333333286,8.458333333333329,8.0,,-0.08333333333333337,-0.4583333333333286,-1.0,-0.08333333333333337,-3.0
22500196,2025-11-09,1,0.0,9,0.2,1,3,-8.8888888888889,119.22222222222223,110.33333333333333,,-8.8888888888889,119.22222222222223,110.33333333333333,0.1111111111111111,0.1111111111111111,0,0.16666666666666666,10,1.0,2,2,-0.6000000000000085,116.7,116.1,,-0.6000000000000085,116.7,116.1,0.5,0.5,0,-1.0,0,8.288888888888891,-2.5222222222222257,5.766666666666666,,0.3888888888888889,8.288888888888891,1.0,0.3888888888888889,0.0
22500197,2025-11-09,0,0.6,9,0.5,2,0,2.8888888888888857,115.88888888888889,118.77777777777777,,2.8888888888888857,115.88888888888889,118.77777777777777,0.5555555555555556,0.5555555555555556,1,0.2,9,0.5,2,1,-6.555555555555557,121.66666666666667,115.11111111111111,,-6.555555555555557,121.66666666666667,115.11111111111111,0.3333333333333333,0.3333333333333333,0,1.0,0,-9.444444444444443,5.777777777777786,-3.666666666666657,,-0.22222222222222227,-9.444444444444443,0.0,-0.22222222222222227,-1.0
22500198,2025-11-10,0,0.8,10,0.6,2,1,0.7000000000000028,117.1,117.8,,0.7000000000000028,117.1,117.8,0.7,0.7,0,0.2,9,0.5,3,2,-2.0,121.0,119.0,,-2.0,121.0,119.0,0.3333333333333333,0.3333333333333333,0,1.0,0,-2.700000000000003,3.9000000000000057,1.2000000000000028,,-0.36666666666666664,-2.700000000000003,1.0,-0.36666666666666664,0.0
22500199,2025-11-10,1,0.2,10,0.0,2,8,-16.900000000000006,128.4,111.5,,-16.900000000000006,128.4,111.5,0.1,0.1,0,0.8,9,0.75,1,0,4.888888888888886,110.55555555555556,115.44444444444444,,4.888888888888886,110.55555555555556,115.44444444444444,0.7777777777777778,0.7777777777777778,5,-8.0,0,21.78888888888889,-17.84444444444445,3.944444444444443,,0.6777777777777778,21.78888888888889,-1.0,0.6777777777777778,5.0
22500200,2025-11-10,1,0.5,9,0.6,2,1,1.7777777777777857,119.77777777777777,121.55555555555556,,1.7777777777777857,119.77777777777777,121.55555555555556,0.5555555555555556,0.5555555555555556,0,0.4,10,0.4,1,1,-0.20000000000000284,116.2,116.0,,-0.20000000000000284,116.2,116.0,0.4,0.4,0,0.0,0,-1.9777777777777885,-3.5777777777777686,-5.555555555555557,,-0.15555555555555556,-1.9777777777777885,-1.0,-0.15555555555555556,0.0
22500201,2025-11-10,1,0.6,10,0.8,2,0,5.200000000000003,115.5,120.7,,5.200000000000003,115.5,120.7,0.7,0.7,4,0.3333333333333333,10,1.0,2,0,6.099999999999994,118.0,124.1,,6.099999999999994,118.0,124.1,0.6,0.6,2,0.0,0,0.8999999999999915,2.5,3.3999999999999915,,-0.09999999999999998,0.8999999999999915,0.0,-0.09999999999999998,-2.0
22500202,2025-11-10,0,0.5,9,1.0,2,0,8.444444444444443,110.66666666666667,119.11111111111111,,8.444444444444443,110.66666666666667,119.11111111111111,0.7777777777777778,0.7777777777777778,2,0.25,9,1.0,2,2,1.3333333333333286,118.11111111111111,119.44444444444444,,1.3333333333333286,118.11111111111111,119.44444444444444,0.6666666666666666,0.6666666666666666,0,2.0,0,-7.111111111111114,7.444444444444443,0.3333333333333286,,-0.11111111111111116,-7.111111111111114,0.0,-0.11111111111111116,-2.0
22500203,2025-11-10,0,0.5,10,0.6666666666666666,1,1,1.5,118.5,120.0,,1.5,118.5,120.0,0.6,0.6,0,0.3333333333333333,9,0.3333333333333333,2,0,-6.222222222222214,112.33333333333333,106.11111111111111,,-6.222222222222214,112.33333333333333,106.11111111111111,0.3333333333333333,0.3333333333333333,1,-1.0,0,-7.722222222222214,-6.166666666666671,-13.888888888888886,,-0.26666666666666666,-7.722222222222214,1.0,-0.26666666666666666,1.0
22500204,2025-11-10,1,0.16666666666666666,9,0.3333333333333333,2,1,-12.222222222222214,121.33333333333333,109.11111111111111,,-12.222222222222214,121.33333333333333,109.11111111111111,0.2222222222222222,0.2222222222222222,0,0.2,10,0.8,2,0,-0.29999999999999716,116.7,116.4,,-0.29999999999999716,116.7,116.4,0.5,0.5,2,-1.0,0,11.922222222222217,-4.633333333333326,7.288888888888891,,0.2777777777777778,11.922222222222217,0.0,0.2777777777777778,2.0
22500205,2025-11-10,0,0.6666666666666666,10,0.5,1,0,5.299999999999997,116.0,121.3,,5.299999999999997,116.0,121.3,0.6,0.6,2,0.16666666666666666,9,0.6666666666666666,3,2,-8.0,120.11111111111111,112.11111111111111,,-8.0,120.11111111111111,112.11111111111111,0.3333333333333333,0.3333333333333333,0,2.0,0,-13.299999999999997,4.111111111111114,-9.188888888888883,,-0.26666666666666666,-13.299999999999997,2.0,-0.26666666666666666,-2.0
22500206,2025-11-10,0,0.6,10,0.4,2,0,0.20000000000000284,115.0,115.2,,0.20000000000000284,115.0,115.2,0.5,0.5,1,0.0,9,0.5,2,4,-5.333333333333329,115.0,109.66666666666667,,-5.333333333333329,115.0,109.66666666666667,0.3333333333333333,0.3333333333333333,0,4.0,0,-5.533333333333331,0.0,-5.533333333333331,,-0.16666666666666669,-5.533333333333331,0.0,-0.16666666666666669,-1.0
22500207,2025-11-11,0,0.5,10,0.5,3,1,2.200000000000003,117.1,119.3,,2.200000000000003,117.1,119.3,0.5,0.5,0,0.2,10,0.0,2,2,-15.5,125.5,110.0,,-15.5,125.5,110.0,0.1,0.1,0,1.0,0,-17.700000000000003,8.400000000000006,-9.299999999999997,,-0.4,-17.700000000000003,-1.0,-0.4,0.0
22500208,2025-11-11,1,0.3333333333333333,11,0.375,2,1,-4.9090909090909065,118.63636363636364,113.72727272727273,,-6.0,118.3,112.3,0.3,0.36363636363636365,0,0.0,9,1.0,2,0,8.666666666666671,111.88888888888889,120.55555555555556,,8.666666666666671,111.88888888888889,120.55555555555556,0.6666666666666666,0.6666666666666666,4,-1.0,0,13.575757575757578,-6.7474747474747545,6.828282828282823,,0.36666666666666664,14.666666666666671,0.0,0.303030303030303,4.0
22500209,2025-11-11,1,0.5,11,0.4,2,0,2.4545454545454533,110.36363636363636,112.81818181818181,,2.799999999999997,109.7,112.5,0.5,0.45454545454545453,1,0.6,10,0.6,2,1,3.9000000000000057,118.5,122.4,,3.9000000000000057,118.5,122.4,0.6,0.6,0,1.0,0,1.4454545454545524,8.13636363636364,9.581818181818193,,0.09999999999999998,1.1000000000000085,0.0,0.14545454545454545,-1.0
22500210,2025-11-11,1,0.16666666666666666,11,1.0,2,0,2.2727272727272663,113.63636363636364,115.9090909090909,,1.5,114.1,115.6,0.5,0.5454545454545454,1,0.8571428571428571,11,1.0,2,0,13.545454545454547,108.81818181818181,122.36363636363636,,14.799999999999997,107.3,122.1,0.9,0.9090909090909091,2,0.0,0,11.27272727272728,-4.818181818181827,6.454545454545453,,0.4,13.299999999999997,0.0,0.36363636363636365,1.0
22500211,2025-11-11,1,0.0,10,0.2,2,4,-11.100000000000009,118.7,107.6,,-11.100000000000009,118.7,107.6,0.1,0.1,0,0.16666666666666666,10,0.5,1,3,-7.8999999999999915,120.1,112.2,,-7.8999999999999915,120.1,112.2,0.3,0.3,0,-1.0,0,3.200000000000017,1.3999999999999915,4.6000000000000085,,0.19999999999999998,3.200000000000017,-1.0,0.19999999999999998,0.0
22500212,2025-11-11,0,0.3333333333333333,9,1.0,3,0,13.222222222222229,111.0,124.22222222222223,,13.222222222222229,111.0,124.22222222222223,0.7777777777777778,0.7777777777777778,4,0.2,10,0.4,2,2,-8.600000000000009,123.9,115.3,,-8.600000000000009,123.9,115.3,0.3,0.3,0,2.0,0,-21.822222222222237,12.900000000000006,-8.922222222222231,,-0.4777777777777778,-21.822222222222237,-1.0,-0.4777777777777778,-4.0
22500213,2025-11-12,1,0.6,11,0.6666666666666666,2,0,1.5454545454545467,118.0909090909091,119.63636363636364,,0.3999999999999915,117.9,118.3,0.6,0.6363636363636364,1,0.2,10,0.4,2,3,-2.799999999999997,121.0,118.2,,-2.799999999999997,121.0,118.2,0.3,0.3,0,3.0,0,-4.345454545454544,2.9090909090909065,-1.4363636363636374,,-0.3,-3.1999999999999886,0.0,-0.33636363636363636,-1.0
22500214,2025-11-12,1,0.25,10,0.8333333333333334,2,3,0.7999999999999972,118.4,119.2,,0.7999999999999972,118.4,119.2,0.6,0.6,0,0.8,10,0.8,2,0,4.599999999999994,113.0,117.6,,4.599999999999994,113.0,117.6,0.8,0.8,6,-3.0,0,3.799999999999997,-5.400000000000006,-1.6000000000000085,,0.20000000000000007,3.799999999999997,0.0,0.20000000000000007,6.0
22500215,2025-11-12,0,0.4,11,0.5,2,0,0.09090909090909349,115.81818181818181,115.9090909090909,,-0.29999999999999716,115.3,115.0,0.4,0.45454545454545453,1,0.0,10,1.0,1,0,9.099999999999994,112.7,121.8,,9.099999999999994,112.7,121.8,0.7,0.7,5,0.0,0,9.0090909090909,-3.11818181818181,5.890909090909091,,0.29999999999999993,9.399999999999991,-1.0,0.24545454545454543,4.0
22500216,2025-11-12,1,0.25,12,0.375,1,2,-5.583333333333329,119.83333333333333,114.25,,-4.099999999999994,117.0,112.9,0.3,0.3333333333333333,0,0.42857142857142855,12,0.4,1,1,2.0833333333333286,109.66666666666667,111.75,,3.5999999999999943,109.4,113.0,0.5,0.4166666666666667,0,-1.0,0,7.666666666666657,-10.166666666666657,-2.5,,0.2,7.699999999999989,0.0,0.08333333333333337,0.0
22500217,2025-11-12,0,0.5,11,0.8,2,1,4.5454545454545325,117.72727272727273,122.27272727272727,,5.800000000000011,117.6,123.4,0.7,0.6363636363636364,0,0.3333333333333333,11,1.0,2,0,5.727272727272734,119.81818181818181,125.54545454545455,,6.700000000000003,119.3,126.0,0.7,0.6363636363636364,3,-1.0,0,1.1818181818182012,2.0909090909090793,3.2727272727272805,,0.0,0.8999999999999915,0.0,0.0,3.0
22500218,2025-11-12,1,0.16666666666666666,11,0.0,2,9,-15.545454545454547,129.1818181818182,113.63636363636364,,-15.800000000000011,128.8,113.0,0.1,0.09090909090909091,0,0.6666666666666666,9,0.6666666666666666,3,0,9.666666666666657,113.11111111111111,122.77777777777777,,9.666666666666657,113.11111111111111,122.77777777777777,0.6666666666666666,0.6666666666666666,1,-9.0,0,25.212121212121204,-16.070707070707073,9.141414141414131,,0.5666666666666667,25.46666666666667,1.0,0.5757575757575757,1.0
22500219,2025-11-12,0,0.4,10,0.6,2,2,1.2999999999999972,119.3,120.6,,1.2999999999999972,119.3,120.6,0.5,0.5,0,0.14285714285714285,10,0.3333333333333333,2,2,-13.299999999999997,121.3,108.0,,-13.299999999999997,121.3,108.0,0.2,0.2,0,0.0,0,-14.599999999999994,2.0,-12.599999999999994,,-0.3,-14.599999999999994,0.0,-0.3,0.0
22500220,2025-11-12,0,0.14285714285714285,12,1.0,1,1,0.0833333333333286,114.66666666666667,114.75,,-1.5,113.6,112.1,0.4,0.5,0,0.6,10,1.0,2,0,8.0,111.3,119.3,,8.0,111.3,119.3,0.8,0.8,3,-1.0,0,7.916666666666671,-3.3666666666666742,4.549999999999997,,0.4,9.5,1.0,0.30000000000000004,3.0
22500221,2025-11-12,0,0.2,11,0.8333333333333334,2,0,1.818181818181813,115.0,116.81818181818181,,1.5999999999999943,114.9,116.5,0.5,0.5454545454545454,3,0.3333333333333333,10,0.2857142857142857,2,1,-5.799999999999997,112.7,106.9,,-5.799999999999997,112.7,106.9,0.3,0.3,0,1.0,0,-7.61818181818181,-2.299999999999997,-9.918181818181807,,-0.2,-7.3999999999999915,0.0,-0.24545454545454543,-3.0
22500222,2025-11-12,1,0.8333333333333334,11,0.6,2,0,1.5454545454545467,116.54545454545455,118.0909090909091,,2.700000000000003,116.3,119.0,0.8,0.7272727272727273,1,0.8571428571428571,12,1.0,1,0,14.416666666666671,108.25,122.66666666666667,,16.599999999999994,104.0,120.6,0.9,0.9166666666666666,3,0.0,0,12.871212121212125,-8.295454545454547,4.575757575757578,,0.09999999999999998,13.899999999999991,-1.0,0.18939393939393934,2.0
22500223,2025-11-12,0,0.6666666666666666,11,0.4,2,0,0.45454545454545325,113.81818181818181,114.27272727272727,,2.5,111.4,113.9,0.6,0.5454545454545454,2,0.2,11,0.3333333333333333,1,3,-9.090909090909093,123.72727272727273,114.63636363636364,,-9.599999999999994,124.1,114.5,0.3,0.2727272727272727,0,3.0,0,-9.545454545454547,9.90909090909092,0.36363636363637397,,-0.3,-12.099999999999994,-1.0,-0.2727272727272727,-2.0
22500224,2025-11-12,0,0.5,10,1.0,1,0,13.299999999999997,110.7,124.0,,13.299999999999997,110.7,124.0,0.8,0.8,5,0.0,10,0.42857142857142855,2,5,-5.099999999999994,114.0,108.9,,-5.099999999999994,114.0,108.9,0.3,0.3,0,5.0,0,-18.39999999999999,3.299999999999997,-15.099999999999994,,-0.5,-18.39999999999999,1.0,-0.5,-5.0
22500225,2025-11-13,0,0.5714285714285714,11,0.5,2,0,2.9090909090909065,116.36363636363636,119.27272727272727,,1.2000000000000028,116.2,117.4,0.5,0.5454545454545454,1,0.5714285714285714,12,0.8,1,0,5.333333333333343,117.58333333333333,122.91666666666667,,6.5,116.8,123.3,0.7,0.6666666666666666,1,0.0,0,2.4242424242424363,1.2196969696969688,3.643939393939405,,0.19999999999999996,5.299999999999997,-1.0,0.12121212121212122,0.0
22500226,2025-11-13,1,0.0,11,0.2,2,5,-12.27272727272728,121.72727272727273,109.45454545454545,,-12.899999999999991,119.8,106.9,0.1,0.09090909090909091,0,0.3333333333333333,12,0.8333333333333334,1,0,2.416666666666657,114.91666666666667,117.33333333333333,,5.199999999999989,113.4,118.6,0.6,0.5833333333333334,4,-5.0,0,14.689393939393938,-6.810606060606062,7.878787878787875,,0.5,18.09999999999998,-1.0,0.49242424242424243,4.0
22500227,2025-11-13,0,0.7142857142857143,12,0.4,1,0,3.166666666666657,112.66666666666667,115.83333333333333,,5.3999999999999915,110.7,116.1,0.6,0.5833333333333334,3,0.16666666666666666,11,0.6,2,0,-5.0,120.81818181818181,115.81818181818181,,-7.599999999999994,122.1,114.5,0.3,0.36363636363636365,1,0.0,0,-8.166666666666657,8.151515151515142,-0.015151515151515582,,-0.3,-12.999999999999986,1.0,-0.21969696969696972,-2.0
22500039,2025-11-14,1,0.3333333333333333,12,0.8333333333333334,2,1,4.083333333333329,120.66666666666667,124.75,,2.0999999999999943,120.9,123.0,0.6,0.5833333333333334,0,0.0,11,0.875,2,1,6.7272727272727195,113.72727272727273,120.45454545454545,,6.599999999999994,114.0,120.6,0.6,0.6363636363636364,0,0.0,0,2.643939393939391,-6.939393939393938,-4.295454545454547,,0.0,4.5,0.0,0.05303030303030298,0.0
22500040,2025-11-14,1,0.2,11,0.0,3,3,-15.0,124.9090909090909,109.9090909090909,,-14.599999999999994,123.8,109.2,0.1,0.09090909090909091,0,0.5,12,0.5,2,0,1.5,115.08333333333333,116.58333333333333,,1.7999999999999972,114.9,116.7,0.5,0.5,2,-3.0,0,16.5,-9.825757575757578,6.674242424242422,,0.4,16.39999999999999,-1.0,0.40909090909090906,2.0
22500041,2025-11-14,1,0.6,11,0.6666666666666666,3,0,3.7272727272727337,116.81818181818181,120.54545454545455,,4.0,116.9,120.9,0.6,0.6363636363636364,1,0.8,11,0.8333333333333334,2,0,5.181818181818187,113.0,118.18181818181819,,6.1000000000000085,112.8,118.9,0.9,0.8181818181818182,7,0.0,0,1.4545454545454533,-3.818181818181813,-2.3636363636363598,,0.30000000000000004,2.1000000000000085,-1.0,0.18181818181818188,6.0
22500042,2025-11-14,1,0.5,11,0.6,2,0,1.9090909090909065,119.0909090909091,121.0,,2.5,119.2,121.7,0.6,0.5454545454545454,1,0.6666666666666666,10,0.75,2,0,11.0,113.0,124.0,,11.0,113.0,124.0,0.7,0.7,2,0.0,0,9.090909090909093,-6.0909090909090935,3.0,,0.09999999999999998,8.5,0.0,0.15454545454545454,1.0
22500043,2025-11-14,1,0.2,11,0.5,2,0,-1.5454545454545467,119.0909090909091,117.54545454545455,,-3.5999999999999943,119.3,115.7,0.3,0.36363636363636365,1,0.5,12,0.6666666666666666,2,1,0.5,117.5,118.0,,-1.3000000000000114,117.4,116.1,0.5,0.5833333333333334,0,1.0,0,2.0454545454545467,-1.5909090909090935,0.45454545454545325,,0.2,2.299999999999983,0.0,0.21969696969696972,-1.0
22500044,2025-11-14,1,0.2,12,0.2857142857142857,2,4,-11.083333333333329,124.5,113.41666666666667,,-13.0,127.0,114.0,0.2,0.25,0,0.7142857142857143,11,0.5,4,0,5.454545454545453,115.72727272727273,121.18181818181819,,5.599999999999994,115.9,121.5,0.6,0.6363636363636364,3,-4.0,0,16.537878787878782,-8.772727272727266,7.765151515151516,,0.39999999999999997,18.599999999999994,2.0,0.38636363636363635,3.0
22500045,2025-11-14,0,0.7142857142857143,12,0.6,2,1,-1.0,116.91666666666667,115.91666666666667,,-2.0,117.4,115.4,0.7,0.6666666666666666,0,0.14285714285714285,11,0.25,2,3,-12.818181818181827,121.63636363636364,108.81818181818181,,-13.5,121.0,107.5,0.2,0.18181818181818182,0,2.0,0,-11.818181818181827,4.719696969696969,-7.098484848484858,,-0.49999999999999994,-11.5,0.0,-0.4848484848484848,0.0
22500046,2025-11-14,0,0.0,11,0.375,2,6,-5.9090909090909065,115.45454545454545,109.54545454545455,,-4.3999999999999915,114.1,109.7,0.3,0.2727272727272727,0,0.3333333333333333,11,0.25,2,2,-6.0909090909090935,113.63636363636364,107.54545454545455,,-3.4000000000000057,112.5,109.1,0.3,0.2727272727272727,0,-4.0,0,-0.18181818181818699,-1.818181818181813,-2.0,,0.0,0.9999999999999858,0.0,0.0,0.0
22500047,2025-11-14,0,0.25,13,1.0,2,0,0.4615384615384528,115.07692307692308,115.53846153846153,,1.0,111.7,112.7,0.5,0.5384615384615384,1,0.6,11,0.8333333333333334,2,1,6.818181818181813,112.54545454545455,119.36363636363636,,4.200000000000003,114.6,118.8,0.7,0.7272727272727273,0,1.0,0,6.35664335664336,-2.5314685314685335,3.8251748251748268,,0.19999999999999996,3.200000000000003,0.0,0.18881118881118886,-1.0
22500228,2025-11-15,1,0.2,13,0.375,3,3,-7.92307692307692,120.6923076923077,112.76923076923077,,-10.200000000000003,119.8,109.6,0.2,0.3076923076923077,0,0.5714285714285714,13,0.6666666666666666,2,1,3.923076923076934,118.23076923076923,122.15384615384616,,4.700000000000003,118.1,122.8,0.6,0.6153846153846154,0,-2.0,0,11.846153846153854,-2.461538461538467,9.384615384615387,,0.39999999999999997,14.900000000000006,-1.0,0.3076923076923077,0.0
22500229,2025-11-15,0,0.8571428571428571,13,1.0,3,0,15.538461538461533,107.0,122.53846153846153,,17.799999999999997,103.2,121.0,0.9,0.9230769230769231,4,0.16666666666666666,12,0.5,1,1,-2.5,121.41666666666667,118.91666666666667,,-4.5,121.5,117.0,0.3,0.3333333333333333,0,1.0,0,-18.038461538461533,14.416666666666671,-3.6217948717948616,,-0.6000000000000001,-22.299999999999997,-2.0,-0.5897435897435899,-4.0
22500230,2025-11-15,0,0.625,12,0.5,2,0,3.75,116.08333333333333,119.83333333333333,,3.1000000000000085,115.3,118.4,0.6,0.5833333333333334,2,0.0,12,0.2,2,6,-14.166666666666671,122.66666666666667,108.5,,-13.899999999999991,120.3,106.4,0.1,0.08333333333333333,0,6.0,0,-17.91666666666667,6.583333333333343,-11.333333333333329,,-0.5,-17.0,0.0,-0.5,-2.0
22500231,2025-11-15,0,0.75,13,0.6,1,0,0.1538461538461604,115.92307692307692,116.07692307692308,,-1.2999999999999972,115.8,114.5,0.7,0.6923076923076923,1,0.5,13,0.7142857142857143,1,0,1.4615384615384528,118.76923076923077,120.23076923076923,,0.5,119.0,119.5,0.6,0.6153846153846154,1,0.0,0,1.3076923076922924,2.846153846153854,4.153846153846146,,-0.09999999999999998,1.7999999999999972,0.0,-0.07692307692307687,0.0
22500232,2025-11-15,0,0.6,11,1.0,3,0,13.36363636363636,111.18181818181819,124.54545454545455,,15.300000000000011,108.6,123.9,0.9,0.8181818181818182,6,0.7142857142857143,12,0.6,1,0,6.166666666666671,115.25,121.41666666666667,,8.800000000000011,114.1,122.9,0.7,0.6666666666666666,4,0.0,0,-7.196969696969688,4.068181818181813,-3.1287878787878753,,-0.20000000000000007,-6.5,-2.0,-0.1515151515151516,-2.0
22500233,2025-11-16,1,0.25,12,0.375,2,0,-4.916666666666671,116.41666666666667,111.5,,-6.5,116.6,110.1,0.3,0.3333333333333333,1,0.42857142857142855,13,0.5,4,0,4.692307692307693,108.53846153846153,113.23076923076923,,7.799999999999997,107.0,114.8,0.6,0.46153846153846156,1,0.0,0,9.608974358974365,-7.878205128205138,1.7307692307692264,,0.3,14.299999999999997,2.0,0.12820512820512825,0.0
22500234,2025-11-16,1,0.16666666666666666,13,0.2857142857142857,2,5,-11.307692307692307,124.46153846153847,113.15384615384616,,-13.700000000000003,126.7,113.0,0.2,0.23076923076923078,0,0.6,12,0.7142857142857143,2,2,6.166666666666671,112.25,118.41666666666667,,3.6999999999999886,113.9,117.6,0.6,0.6666666666666666,0,-3.0,0,17.474358974358978,-12.211538461538467,5.262820512820511,,0.39999999999999997,17.39999999999999,0.0,0.43589743589743585,0.0
22500235,2025-11-16,0,0.16666666666666666,12,0.0,2,4,-14.333333333333329,123.25,108.91666666666667,,-14.600000000000009,121.2,106.6,0.1,0.08333333333333333,0,0.14285714285714285,12,0.0,4,10,-16.166666666666657,129.66666666666666,113.5,,-19.099999999999994,131.6,112.5,0.0,0.08333333333333333,0,6.0,0,-1.8333333333333286,6.416666666666657,4.583333333333329,,-0.1,-4.499999999999986,2.0,0.0,0.0
22500236,2025-11-16,1,0.5,13,0.5714285714285714,2,0,1.9230769230769198,113.76923076923077,115.6923076923077,,3.700000000000003,113.7,117.4,0.6,0.5384615384615384,3,0.6666666666666666,11,0.8,2,0,12.181818181818187,113.27272727272727,125.45454545454545,,13.5,112.1,125.6,0.8,0.7272727272727273,3,0.0,0,10.258741258741267,-0.49650349650350734,9.76223776223776,,0.20000000000000007,9.799999999999997,0.0,0.18881118881118886,0.0
22500237,2025-11-16,0,0.3333333333333333,14,1.0,2,0,0.5,114.57142857142857,115.07142857142857,,-0.20000000000000284,110.7,110.5,0.5,0.5714285714285714,2,0.14285714285714285,12,0.2,2,4,-12.916666666666657,121.33333333333333,108.41666666666667,,-14.5,120.8,106.3,0.2,0.16666666666666666,0,4.0,0,-13.416666666666657,6.761904761904759,-6.654761904761898,,-0.3,-14.299999999999997,0.0,-0.40476190476190477,-2.0
22500238,2025-11-16,1,0.42857142857142855,12,0.6,2,1,-0.25,120.83333333333333,120.58333333333333,,-1.8999999999999915,121.3,119.4,0.5,0.5,0,0.3333333333333333,12,0.2222222222222222,2,3,-6.083333333333329,115.25,109.16666666666667,,-3.0,114.1,111.1,0.3,0.25,0,2.0,0,-5.833333333333329,-5.583333333333329,-11.416666666666657,,-0.2,-1.1000000000000085,0.0,-0.25,0.0
22500239,2025-11-16,0,0.75,13,0.4,3,0,3.6923076923076934,113.38461538461539,117.07692307692308,,8.099999999999994,111.2,119.3,0.7,0.6153846153846154,4,0.3333333333333333,13,0.8571428571428571,3,0,4.92307692307692,113.61538461538461,118.53846153846153,,10.899999999999991,109.9,120.8,0.7,0.6153846153846154,5,0.0,0,1.2307692307692264,0.2307692307692264,1.4615384615384528,,0.0,2.799999999999997,0.0,0.0,1.0
22500240,2025-11-16,1,0.2,11,0.8333333333333334,4,4,-0.27272727272726627,118.9090909090909,118.63636363636364,,-0.7000000000000028,119.7,119.0,0.5,0.5454545454545454,0,0.16666666666666666,12,0.5,3,1,-5.416666666666671,121.75,116.33333333333333,,-8.5,124.8,116.3,0.3,0.3333333333333333,0,-3.0,0,-5.143939393939405,2.8409090909090935,-2.3030303030303116,,-0.2,-7.799999999999997,-1.0,-0.2121212121212121,0.0
22500241,2025-11-17,1,0.5,14,0.625,2,1,-0.3571428571428612,118.78571428571429,118.42857142857143,,-2.8999999999999915,119.8,116.9,0.5,0.5714285714285714,0,0.5714285714285714,14,0.7142857142857143,2,0,4.214285714285708,116.92857142857143,121.14285714285714,,3.4000000000000057,118.6,122.0,0.6,0.6428571428571429,1,-1.0,0,4.571428571428569,-1.8571428571428612,2.714285714285708,,0.09999999999999998,6.299999999999997,0.0,0.07142857142857151,1.0
22500242,2025-11-17,1,0.0,13,0.16666666666666666,2,7,-14.461538461538467,123.15384615384616,108.6923076923077,,-15.299999999999997,121.8,106.5,0.1,0.07692307692307693,0,0.8,12,0.8571428571428571,3,0,5.5,112.33333333333333,117.83333333333333,,6.599999999999994,112.2,118.8,0.9,0.8333333333333334,8,-7.0,0,19.961538461538467,-10.820512820512832,9.141025641025635,,0.8,21.89999999999999,1.0,0.7564102564102564,8.0
22500243,2025-11-17,1,0.2,13,0.375,1,1,-4.769230769230774,116.76923076923077,112.0,,-7.5,118.0,110.5,0.2,0.3076923076923077,0,0.5,12,0.6666666666666666,3,1,2.6666666666666714,116.58333333333333,119.25,,2.700000000000003,116.2,118.9,0.5,0.5833333333333334,0,0.0,0,7.435897435897445,-0.185897435897445,7.25,,0.3,10.200000000000003,2.0,0.27564102564102566,0.0
22500244,2025-11-17,1,0.0,12,0.8888888888888888,3,0,6.833333333333329,115.25,122.08333333333333,,6.3999999999999915,117.7,124.1,0.6,0.6666666666666666,1,0.2857142857142857,13,0.8333333333333334,3,2,3.153846153846146,122.15384615384616,125.3076923076923,,0.5,124.2,124.7,0.5,0.5384615384615384,0,2.0,0,-3.6794871794871824,6.90384615384616,3.224358974358978,,-0.09999999999999998,-5.8999999999999915,0.0,-0.1282051282051282,-1.0
22500245,2025-11-17,1,0.16666666666666666,13,0.42857142857142855,2,2,-3.3076923076923066,120.46153846153847,117.15384615384616,,-8.399999999999991,121.1,112.7,0.2,0.3076923076923077,0,0.6666666666666666,13,0.5,2,0,4.84615384615384,115.6923076923077,120.53846153846153,,5.900000000000006,112.5,118.4,0.7,0.6153846153846154,3,-2.0,0,8.153846153846146,-4.769230769230774,3.3846153846153726,,0.49999999999999994,14.299999999999997,0.0,0.3076923076923077,3.0
22500246,2025-11-17,1,0.3333333333333333,13,0.3,1,0,-5.230769230769226,116.61538461538461,111.38461538461539,,-3.5,114.5,111.0,0.3,0.3076923076923077,1,0.7142857142857143,13,0.5,2,1,4.846153846153854,115.84615384615384,120.6923076923077,,7.299999999999997,115.4,122.7,0.6,0.6153846153846154,0,1.0,0,10.07692307692308,-0.7692307692307736,9.307692307692307,,0.3,10.799999999999997,1.0,0.3076923076923077,-1.0
22500247,2025-11-17,0,0.875,14,1.0,2,0,15.357142857142861,106.21428571428571,121.57142857142857,,18.39999999999999,103.4,121.8,0.9,0.9285714285714286,5,0.14285714285714285,13,0.16666666666666666,1,5,-13.307692307692307,121.53846153846153,108.23076923076923,,-13.099999999999994,121.0,107.9,0.2,0.15384615384615385,0,5.0,0,-28.664835164835168,15.324175824175825,-13.340659340659343,,-0.7,-31.499999999999986,-1.0,-0.7747252747252747,-5.0
22500248,2025-11-17,0,0.16666666666666666,12,0.8333333333333334,1,5,-0.5,121.5,121.0,,-2.200000000000003,124.9,122.7,0.4,0.5,0,0.6666666666666666,12,1.0,2,0,13.166666666666671,111.25,124.41666666666667,,14.200000000000003,108.7,122.9,0.9,0.8333333333333334,7,-5.0,0,13.666666666666671,-10.25,3.4166666666666714,,0.5,16.400000000000006,1.0,0.33333333333333337,7.0
22500249,2025-11-18,1,0.4,15,1.0,2,0,1.6666666666666714,114.0,115.66666666666667,,-0.30000000000001137,113.4,113.1,0.5,0.6,3,0.42857142857142855,14,0.5714285714285714,2,1,1.5,114.0,115.5,,4.5,111.8,116.3,0.6,0.5,0,1.0,0,-0.1666666666666714,0.0,-0.1666666666666714,,0.09999999999999998,4.800000000000011,0.0,-0.09999999999999998,-3.0
22500250,2025-11-18,0,0.42857142857142855,14,0.5714285714285714,2,0,4.571428571428584,109.21428571428571,113.78571428571429,,4.900000000000006,109.8,114.7,0.6,0.5,2,0.2857142857142857,13,0.0,2,0,-11.461538461538453,121.92307692307692,110.46153846153847,,-11.200000000000003,120.0,108.8,0.2,0.15384615384615385,1,0.0,0,-16.032967032967036,12.708791208791212,-3.324175824175825,,-0.39999999999999997,-16.10000000000001,0.0,-0.34615384615384615,-1.0
22500251,2025-11-18,0,0.8,13,0.875,1,0,6.230769230769226,112.3076923076923,118.53846153846153,,7.5,112.1,119.6,0.9,0.8461538461538461,9,0.7777777777777778,14,0.4,2,0,3.5714285714285694,114.0,117.57142857142857,,8.800000000000011,110.6,119.4,0.8,0.6428571428571429,5,0.0,0,-2.659340659340657,1.6923076923076934,-0.9670329670329636,,-0.09999999999999998,1.3000000000000114,1.0,-0.20329670329670324,-4.0
22500252,2025-11-18,1,0.16666666666666666,14,0.375,3,4,-7.928571428571431,119.78571428571429,111.85714285714286,,-9.700000000000003,117.5,107.8,0.2,0.2857142857142857,0,0.6,13,0.75,2,0,6.692307692307693,112.07692307692308,118.76923076923077,,3.8999999999999915,114.2,118.1,0.6,0.6923076923076923,1,-4.0,0,14.620879120879124,-7.708791208791212,6.912087912087912,,0.39999999999999997,13.599999999999994,-1.0,0.4065934065934066,1.0
22500253,2025-11-18,1,0.16666666666666666,13,0.5714285714285714,2,0,-4.769230769230774,123.6923076923077,118.92307692307692,,-8.599999999999994,126.1,117.5,0.3,0.38461538461538464,1,0.7777777777777778,14,0.6,3,0,1.8571428571428612,114.42857142857143,116.28571428571429,,2.5,113.1,115.6,0.8,0.7142857142857143,2,0.0,0,6.626373626373635,-9.263736263736263,-2.637362637362628,,0.5,11.099999999999994,1.0,0.32967032967032966,1.0
22500254,2025-11-18,0,0.3333333333333333,14,0.75,2,1,4.428571428571431,114.35714285714286,118.78571428571429,,11.099999999999994,108.5,119.6,0.7,0.5714285714285714,0,0.375,13,0.6,2,2,-0.6153846153846274,122.15384615384616,121.53846153846153,,-1.7000000000000028,123.7,122.0,0.5,0.46153846153846156,0,1.0,0,-5.043956043956058,7.796703296703299,2.752747252747241,,-0.19999999999999996,-12.799999999999997,0.0,-0.10989010989010983,0.0
22500255,2025-11-19,0,0.6666666666666666,12,0.8333333333333334,3,0,11.5,113.25,124.75,,14.299999999999997,111.9,126.2,0.9,0.75,4,0.5714285714285714,15,0.75,2,0,4.733333333333334,116.2,120.93333333333334,,6.599999999999994,116.7,123.3,0.7,0.6666666666666666,2,0.0,0,-6.766666666666666,2.950000000000003,-3.816666666666663,,-0.20000000000000007,-7.700000000000003,-1.0,-0.08333333333333337,-2.0
22500256,2025-11-19,1,0.14285714285714285,14,0.42857142857142855,2,3,-3.214285714285708,119.71428571428571,116.5,,-5.900000000000006,117.7,111.8,0.2,0.2857142857142857,0,0.0,14,0.16666666666666666,2,8,-14.5,123.42857142857143,108.92857142857143,,-16.599999999999994,123.8,107.2,0.1,0.07142857142857142,0,5.0,0,-11.285714285714292,3.7142857142857224,-7.571428571428569,,-0.1,-10.699999999999989,0.0,-0.21428571428571427,0.0
22500257,2025-11-19,1,0.36363636363636365,16,1.0,1,1,1.0625,114.4375,115.5,,-0.09999999999999432,113.5,113.4,0.5,0.5625,0,0.2857142857142857,14,0.8571428571428571,2,0,3.0714285714285694,121.5,124.57142857142857,,-2.0,123.8,121.8,0.5,0.5714285714285714,1,-1.0,0,2.0089285714285694,7.0625,9.07142857142857,,0.0,-1.9000000000000057,1.0,0.008928571428571397,1.0
22500258,2025-11-19,0,0.6666666666666666,14,0.6,2,0,4.642857142857153,115.14285714285714,119.78571428571429,,7.8999999999999915,111.2,119.1,0.8,0.6428571428571429,4,0.5,13,0.7142857142857143,2,0,2.615384615384613,115.92307692307692,118.53846153846153,,1.7000000000000028,114.6,116.3,0.5,0.6153846153846154,1,0.0,0,-2.02747252747254,0.780219780219781,-1.2472527472527588,,-0.30000000000000004,-6.199999999999989,0.0,-0.027472527472527486,-3.0
22500259,2025-11-19,1,0.14285714285714285,13,0.0,3,11,-16.692307692307693,129.6153846153846,112.92307692307692,,-18.799999999999997,130.6,111.8,0.0,0.07692307692307693,0,0.7142857142857143,14,0.5714285714285714,2,0,6.214285714285708,114.42857142857143,120.64285714285714,,11.0,112.3,123.3,0.7,0.6428571428571429,1,-11.0,0,22.9065934065934,-15.186813186813183,7.719780219780219,,0.7,29.799999999999997,-1.0,0.5659340659340659,1.0
22500260,2025-11-19,0,0.6666666666666666,13,0.8571428571428571,2,1,11.92307692307692,112.6923076923077,124.61538461538461,,12.600000000000009,110.3,122.9,0.8,0.7692307692307693,0,0.14285714285714285,14,0.14285714285714285,2,6,-13.57142857142857,121.85714285714286,108.28571428571429,,-11.400000000000006,121.4,110.0,0.2,0.14285714285714285,0,5.0,0,-25.49450549450549,9.164835164835168,-16.32967032967032,,-0.6000000000000001,-24.000000000000014,0.0,-0.6263736263736264,0.0
22500261,2025-11-19,1,0.14285714285714285,14,0.2857142857142857,3,6,-11.42857142857143,124.35714285714286,112.92857142857143,,-14.400000000000006,128.3,113.9,0.2,0.21428571428571427,0,0.8888888888888888,15,1.0,2,0,15.466666666666654,106.4,121.86666666666666,,19.5,104.2,123.7,0.9,0.9333333333333333,6,-6.0,0,26.895238095238085,-17.957142857142856,8.93809523809523,,0.7,33.900000000000006,-1.0,0.719047619047619,6.0
22500262,2025-11-19,0,0.0,13,0.8888888888888888,2,1,6.15384615384616,115.23076923076923,121.38461538461539,,7.0,117.7,124.7,0.6,0.6153846153846154,0,0.25,14,0.3,2,1,-6.571428571428569,116.85714285714286,110.28571428571429,,-5.200000000000003,116.4,111.2,0.3,0.2857142857142857,0,0.0,0,-12.72527472527473,1.6263736263736348,-11.098901098901095,,-0.3,-12.200000000000003,0.0,-0.3296703296703297,0.0
22500263,2025-11-19,0,0.2857142857142857,13,0.8333333333333334,2,0,-0.2307692307692264,121.92307692307692,121.6923076923077,,-2.3999999999999915,125.3,122.9,0.4,0.5384615384615384,1,0.375,14,0.5,1,3,-1.7857142857142918,122.5,120.71428571428571,,-4.799999999999997,125.6,120.8,0.4,0.42857142857142855,0,3.0,0,-1.5549450549450654,0.5769230769230802,-0.9780219780219852,,0.0,-2.4000000000000057,-1.0,-0.10989010989010989,-1.0
22500264,2025-11-20,1,0.16666666666666666,14,0.375,3,2,-4.571428571428584,116.28571428571429,111.71428571428571,,-5.799999999999997,119.2,113.4,0.2,0.2857142857142857,0,0.42857142857142855,15,0.625,2,0,1.933333333333323,113.93333333333334,115.86666666666666,,7.200000000000003,109.6,116.8,0.7,0.5333333333333333,1,-2.0,0,6.5047619047619065,-2.3523809523809547,4.152380952380952,,0.49999999999999994,13.0,-1.0,0.24761904761904763,1.0
22500265,2025-11-20,1,0.125,15,0.2857142857142857,1,7,-11.599999999999994,123.6,112.0,,-14.5,127.0,112.5,0.2,0.2,0,0.14285714285714285,15,0.375,2,5,-8.066666666666663,119.2,111.13333333333334,,-10.799999999999997,117.3,106.5,0.1,0.26666666666666666,0,-2.0,0,3.5333333333333314,-4.3999999999999915,-0.86666666666666,,-0.1,3.700000000000003,1.0,0.06666666666666665,0.0
22500266,2025-11-20,0,0.5,14,0.625,1,1,1.7857142857142776,116.28571428571429,118.07142857142857,,0.29999999999999716,113.3,113.6,0.4,0.5714285714285714,0,0.42857142857142855,15,0.625,3,2,-1.13333333333334,118.73333333333333,117.6,,-5.099999999999994,120.6,115.5,0.4,0.5333333333333333,0,1.0,0,-2.9190476190476176,2.4476190476190425,-0.4714285714285751,,0.0,-5.3999999999999915,2.0,-0.03809523809523807,0.0
22500267,2025-11-20,1,0.7777777777777778,15,0.3333333333333333,2,1,2.799999999999997,114.4,117.2,,7.5,111.4,118.9,0.7,0.6,0,0.6,14,0.7777777777777778,2,0,6.928571428571416,111.28571428571429,118.21428571428571,,3.0999999999999943,114.0,117.1,0.6,0.7142857142857143,2,-1.0,0,4.128571428571419,-3.114285714285714,1.0142857142857054,,-0.09999999999999998,-4.400000000000006,0.0,0.11428571428571432,2.0
22500048,2025-11-21,1,0.0,15,0.2857142857142857,2,0,-12.933333333333323,123.06666666666666,110.13333333333334,,-13.700000000000003,122.8,109.1,0.2,0.13333333333333333,1,0.5714285714285714,16,0.6666666666666666,2,1,3.8125,116.0625,119.875,,6.699999999999989,116.9,123.6,0.7,0.625,0,1.0,0,16.745833333333323,-7.004166666666663,9.74166666666666,,0.49999999999999994,20.39999999999999,0.0,0.4916666666666667,-1.0
22500049,2025-11-21,0,0.2857142857142857,14,0.0,3,1,-11.642857142857153,121.28571428571429,109.64285714285714,,-9.799999999999997,117.6,107.8,0.2,0.14285714285714285,0,0.5,15,0.5714285714285714,3,0,5.200000000000003,108.53333333333333,113.73333333333333,,4.299999999999997,109.2,113.5,0.6,0.5333333333333333,3,-1.0,0,16.842857142857156,-12.75238095238096,4.0904761904761955,,0.39999999999999997,14.099999999999994,0.0,0.3904761904761905,3.0
22500050,2025-11-21,1,0.125,14,0.0,2,12,-16.285714285714278,128.92857142857142,112.64285714285714,,-19.39999999999999,128.7,109.3,0.0,0.07142857142857142,0,0.7,15,0.6,2,0,4.933333333333323,114.93333333333334,119.86666666666666,,10.599999999999994,108.5,119.1,0.9,0.6666666666666666,5,-12.0,0,21.2190476190476,-13.99523809523808,7.223809523809521,,0.9,29.999999999999986,0.0,0.5952380952380952,5.0
22500051,2025-11-21,0,0.2857142857142857,15,0.875,2,0,3.799999999999997,119.8,123.6,,0.0,122.7,122.7,0.6,0.6,2,0.375,14,0.8333333333333334,2,0,-0.142857142857153,121.85714285714286,121.71428571428571,,-3.5999999999999943,126.1,122.5,0.4,0.5714285714285714,2,0.0,0,-3.94285714285715,2.057142857142864,-1.8857142857142861,,-0.19999999999999996,-3.5999999999999943,0.0,-0.02857142857142858,0.0
22500052,2025-11-21,1,0.14285714285714285,15,0.125,2,7,-13.133333333333326,122.06666666666666,108.93333333333334,,-11.899999999999991,121.3,109.4,0.2,0.13333333333333333,0,0.25,15,0.2727272727272727,2,2,-6.266666666666666,116.6,110.33333333333333,,-5.6000000000000085,117.2,111.6,0.2,0.26666666666666666,0,-5.0,0,6.86666666666666,-5.466666666666669,1.3999999999999915,,0.0,6.299999999999983,0.0,0.13333333333333333,0.0
22500053,2025-11-21,1,0.7142857142857143,15,0.625,2,0,6.533333333333331,114.06666666666666,120.6,,12.200000000000003,111.6,123.8,0.8,0.6666666666666666,2,0.42857142857142855,15,0.75,3,0,5.266666666666666,114.06666666666666,119.33333333333333,,12.900000000000006,108.1,121.0,0.8,0.6,1,0.0,0,-1.2666666666666657,0.0,-1.2666666666666657,,0.0,0.7000000000000028,1.0,-0.06666666666666665,-1.0
22500054,2025-11-21,0,0.7142857142857143,14,0.8571428571428571,2,0,11.57142857142857,113.07142857142857,124.64285714285714,,9.900000000000006,113.3,123.2,0.8,0.7857142857142857,1,0.7142857142857143,13,0.8333333333333334,2,0,11.384615384615387,112.53846153846153,123.92307692307692,,12.5,111.4,123.9,0.9,0.7692307692307693,5,0.0,0,-0.1868131868131826,-0.5329670329670364,-0.719780219780219,,0.09999999999999998,2.5999999999999943,0.0,-0.016483516483516425,4.0
22500055,2025-11-21,0,0.8888888888888888,16,1.0,2,0,15.375,105.9375,121.3125,,19.0,103.3,122.3,0.9,0.9375,7,0.14285714285714285,14,0.5714285714285714,3,1,-5.428571428571431,124.85714285714286,119.42857142857143,,-9.799999999999997,126.5,116.7,0.3,0.35714285714285715,0,1.0,0,-20.80357142857143,18.91964285714286,-1.8839285714285694,,-0.6000000000000001,-28.799999999999997,1.0,-0.5803571428571428,-7.0
22500056,2025-11-21,0,0.375,15,0.42857142857142855,2,4,-1.7333333333333343,122.46666666666667,120.73333333333333,,-5.1000000000000085,124.4,119.3,0.3,0.4,0,0.3333333333333333,17,1.0,2,2,0.17647058823530415,114.17647058823529,114.3529411764706,,-1.0,113.1,112.1,0.5,0.5294117647058824,0,-2.0,0,1.9098039215686384,-8.290196078431379,-6.38039215686274,,0.2,4.1000000000000085,0.0,0.12941176470588234,0.0
22500268,2025-11-22,0,0.14285714285714285,15,0.375,2,3,-6.13333333333334,117.13333333333334,111.0,,-8.799999999999997,119.7,110.9,0.1,0.26666666666666666,0,0.125,15,0.42857142857142855,3,4,-3.6000000000000085,120.2,116.6,,-5.199999999999989,118.1,112.9,0.2,0.26666666666666666,0,1.0,0,2.5333333333333314,3.066666666666663,5.599999999999994,,0.1,3.6000000000000085,1.0,0.0,0.0
22500269,2025-11-22,1,0.2,14,0.8888888888888888,3,0,5.857142857142861,114.92857142857143,120.78571428571429,,8.200000000000003,116.7,124.9,0.7,0.6428571428571429,1,0.42857142857142855,16,0.6666666666666666,2,0,3.5625,113.125,116.6875,,8.400000000000006,109.0,117.4,0.7,0.5625,2,0.0,0,-2.294642857142861,-1.8035714285714306,-4.098214285714292,,0.0,0.20000000000000284,-1.0,-0.0803571428571429,1.0
22500270,2025-11-22,0,0.7,16,0.3333333333333333,2,2,2.0625,115.6875,117.75,,4.6000000000000085,114.1,118.7,0.6,0.5625,0,0.125,16,0.125,1,8,-12.5,121.8125,109.3125,,-9.100000000000009,119.4,110.3,0.2,0.125,0,6.0,0,-14.5625,6.125,-8.4375,,-0.39999999999999997,-13.700000000000017,-1.0,-0.4375,0.0
22500271,2025-11-22,1,0.1111111111111111,15,0.0,1,13,-17.19999999999999,129.66666666666666,112.46666666666667,,-20.5,130.0,109.5,0.0,0.06666666666666667,0,0.375,15,0.7142857142857143,1,1,-2.5333333333333314,123.26666666666667,120.73333333333333,,-8.200000000000003,127.9,119.7,0.3,0.5333333333333333,0,-12.0,0,14.666666666666657,-6.3999999999999915,8.266666666666666,,0.3,12.299999999999997,0.0,0.4666666666666667,0.0
22500272,2025-11-22,0,0.8333333333333334,14,0.875,4,0,6.357142857142847,112.28571428571429,118.64285714285714,,10.399999999999991,111.7,122.1,1.0,0.8571428571428571,10,0.42857142857142855,16,0.5555555555555556,2,3,-1.625,119.0,117.375,,-5.800000000000011,119.4,113.6,0.4,0.5,0,3.0,0,-7.982142857142847,6.714285714285708,-1.2678571428571388,,-0.6,-16.200000000000003,-2.0,-0.3571428571428571,-10.0
22500273,2025-11-22,0,0.14285714285714285,16,0.4444444444444444,2,0,-5.0,117.75,112.75,,-6.200000000000003,115.2,109.0,0.2,0.3125,1,0.25,16,0.3333333333333333,1,0,-5.6875,116.5,110.8125,,-4.5,117.7,113.2,0.3,0.3125,1,0.0,0,-0.6875,-1.25,-1.9375,,0.09999999999999998,1.7000000000000028,-1.0,0.0,0.0
22500274,2025-11-22,0,0.1111111111111111,16,0.2857142857142857,2,8,-13.4375,124.4375,111.0,,-18.80000000000001,127.4,108.6,0.1,0.1875,0,0.75,15,0.8571428571428571,1,0,11.0,112.8,123.8,,10.400000000000006,113.3,123.7,0.9,0.8,2,-8.0,0,24.4375,-11.637500000000003,12.799999999999997,,0.8,29.200000000000017,-1.0,0.6125,2.0
22500275,2025-11-23,0,0.375,16,0.875,2,0,5.8125,119.0,124.8125,,4.599999999999994,120.4,125.0,0.7,0.625,3,0.5714285714285714,15,0.625,3,0,2.2666666666666657,116.13333333333334,118.4,,1.2999999999999972,113.8,115.1,0.5,0.6,1,0.0,0,-3.5458333333333343,-2.86666666666666,-6.412499999999994,,-0.19999999999999996,-3.299999999999997,1.0,-0.025000000000000022,-2.0
22500276,2025-11-23,1,0.125,16,0.375,1,5,-4.3125,120.875,116.5625,,-5.0,119.0,114.0,0.2,0.25,0,0.7272727272727273,17,0.3333333333333333,1,0,2.941176470588246,114.6470588235294,117.58823529411765,,7.099999999999994,112.2,119.3,0.7,0.5882352941176471,1,-5.0,0,7.253676470588246,-6.227941176470594,1.025735294117652,,0.49999999999999994,12.099999999999994,0.0,0.3382352941176471,1.0
22500277,2025-11-23,1,0.42857142857142855,17,0.7,1,0,4.058823529411754,113.58823529411765,117.6470588235294,,6.5,111.7,118.2,0.7,0.5882352941176471,3,0.5,16,0.5,2,1,4.375,108.8125,113.1875,,3.3999999999999915,109.7,113.1,0.5,0.5,0,1.0,0,0.31617647058824616,-4.775735294117652,-4.459558823529406,,-0.19999999999999996,-3.1000000000000085,1.0,-0.08823529411764708,-3.0
22500278,2025-11-23,1,0.25,16,0.375,1,0,-4.8125,117.0625,112.25,,-7.200000000000003,119.3,112.1,0.2,0.3125,1,0.5714285714285714,17,0.7,2,0,4.235294117647058,115.6470588235294,119.88235294117646,,7.0,116.9,123.9,0.7,0.6470588235294118,1,0.0,0,9.047794117647058,-1.415441176470594,7.632352941176464,,0.49999999999999994,14.200000000000003,1.0,0.3345588235294118,0.0
22500279,2025-11-23,1,0.375,15,0.0,2,0,-10.333333333333343,120.2,109.86666666666666,,-8.5,116.4,107.9,0.3,0.2,1,0.7,16,0.6666666666666666,2,0,6.5,114.625,121.125,,12.5,109.4,121.9,0.9,0.6875,6,0.0,0,16.833333333333343,-5.575000000000003,11.25833333333334,,0.6000000000000001,21.0,0.0,0.4875,5.0
22500280,2025-11-23,1,0.4444444444444444,16,0.42857142857142855,2,0,-1.375,122.5,121.125,,-4.900000000000006,126.0,121.1,0.3,0.4375,1,0.9,17,1.0,2,0,16.35294117647058,106.29411764705883,122.6470588235294,,19.099999999999994,103.9,123.0,0.9,0.9411764705882353,8,0.0,0,17.72794117647058,-16.205882352941174,1.522058823529406,,0.6000000000000001,24.0,0.0,0.5036764705882353,7.0
22500281,2025-11-23,1,0.6,15,0.8,3,0,7.066666666666663,112.26666666666667,119.33333333333333,,3.4000000000000057,116.5,119.9,0.6,0.7333333333333333,3,0.42857142857142855,16,0.7777777777777778,2,0,5.0,114.0,119.0,,10.799999999999997,109.8,120.6,0.8,0.625,2,0.0,0,-2.066666666666663,1.7333333333333343,-0.3333333333333286,,0.20000000000000007,7.3999999999999915,-1.0,-0.10833333333333328,-1.0
22500282,2025-11-23,0,0.7777777777777778,15,0.6666666666666666,5,0,2.666666666666657,115.2,117.86666666666666,,3.799999999999997,114.2,118.0,0.8,0.7333333333333333,3,0.14285714285714285,15,0.5,2,2,-7.200000000000003,126.13333333333334,118.93333333333334,,-10.799999999999997,129.1,118.3,0.3,0.3333333333333333,0,2.0,0,-9.86666666666666,10.933333333333337,1.066666666666677,,-0.5,-14.599999999999994,-3.0,-0.39999999999999997,-3.0
22500283,2025-11-24,0,0.8571428571428571,15,0.875,2,0,6.799999999999997,112.53333333333333,119.33333333333333,,9.799999999999997,111.7,121.5,1.0,0.8666666666666667,11,0.0,16,0.2857142857142857,3,1,-12.8125,122.875,110.0625,,-15.300000000000011,123.9,108.6,0.1,0.125,0,1.0,0,-19.612499999999997,10.341666666666669,-9.270833333333329,,-0.9,-25.10000000000001,1.0,-0.7416666666666667,-11.0
22500284,2025-11-24,1,0.5714285714285714,18,0.7272727272727273,1,0,4.833333333333329,115.05555555555556,119.88888888888889,,7.400000000000006,115.3,122.7,0.7,0.6666666666666666,2,0.7,17,0.7142857142857143,1,0,6.705882352941174,114.29411764705883,121.0,,12.199999999999989,109.9,122.1,0.9,0.7058823529411765,7,0.0,0,1.8725490196078454,-0.7614379084967311,1.1111111111111143,,0.20000000000000007,4.799999999999983,0.0,0.03921568627450989,5.0
22500285,2025-11-24,0,0.16666666666666666,15,0.8888888888888888,2,1,4.666666666666657,116.13333333333334,120.8,,8.0,116.5,124.5,0.7,0.6,0,0.3333333333333333,16,0.0,1,1,-10.3125,120.125,109.8125,,-7.1000000000000085,115.4,108.3,0.3,0.1875,0,0.0,0,-14.979166666666657,3.99166666666666,-10.987499999999997,,-0.39999999999999997,-15.100000000000009,-1.0,-0.4125,0.0
22500286,2025-11-24,1,0.25,17,0.3076923076923077,2,1,-5.705882352941174,115.6470588235294,109.94117647058823,,-4.8999999999999915,117.8,112.9,0.3,0.29411764705882354,0,0.4444444444444444,17,0.875,1,0,6.058823529411768,118.88235294117646,124.94117647058823,,5.5,120.2,125.7,0.7,0.6470588235294118,4,-1.0,0,11.764705882352942,3.235294117647058,15.0,,0.39999999999999997,10.399999999999991,-1.0,0.35294117647058826,4.0
22500287,2025-11-24,0,0.75,16,0.75,2,1,10.0,113.75,123.75,,9.299999999999997,113.7,123.0,0.8,0.75,0,0.25,17,0.4444444444444444,2,0,-4.35294117647058,116.47058823529412,112.11764705882354,,-4.299999999999997,113.1,108.8,0.3,0.35294117647058826,2,-1.0,0,-14.35294117647058,2.720588235294116,-11.632352941176464,,-0.5,-13.599999999999994,0.0,-0.39705882352941174,2.0
22500288,2025-11-24,0,0.4,17,0.42857142857142855,1,1,-2.882352941176464,122.47058823529412,119.58823529411765,,-6.800000000000011,125.9,119.1,0.3,0.4117647058823529,0,0.42857142857142855,17,0.5,2,4,-2.294117647058826,119.58823529411765,117.29411764705883,,-7.299999999999997,120.8,113.5,0.3,0.47058823529411764,0,3.0,0,0.5882352941176379,-2.882352941176464,-2.294117647058826,,0.0,-0.4999999999999858,1.0,0.05882352941176472,0.0
22500289,2025-11-24,1,0.375,16,0.75,2,0,-2.3125,123.0625,120.75,,-6.8999999999999915,127.1,120.2,0.4,0.5625,1,0.125,17,0.1111111111111111,2,9,-12.764705882352942,121.41176470588235,108.6470588235294,,-11.200000000000003,119.7,108.5,0.1,0.11764705882352941,0,9.0,0,-10.452205882352942,-1.650735294117652,-12.102941176470594,,-0.30000000000000004,-4.300000000000011,0.0,-0.44485294117647056,-1.0
22500290,2025-11-24,0,0.7142857142857143,14,0.7142857142857143,3,1,10.357142857142861,112.5,122.85714285714286,,10.400000000000006,110.5,120.9,0.8,0.7142857142857143,0,0.42857142857142855,17,0.8,1,0,5.235294117647058,113.29411764705883,118.52941176470588,,10.5,108.2,118.7,0.8,0.6470588235294118,3,-1.0,0,-5.121848739495803,0.794117647058826,-4.327731092436977,,0.0,0.09999999999999432,-2.0,-0.0672268907563025,3.0
22500291,2025-11-24,1,0.14285714285714285,16,0.4444444444444444,1,3,-6.875,125.0,118.125,,-8.700000000000003,127.3,118.6,0.3,0.3125,0,0.3333333333333333,18,0.8333333333333334,3,3,-0.055555555555557135,114.88888888888889,114.83333333333333,,-2.5,115.1,112.6,0.4,0.5,0,0.0,0,6.819444444444443,-10.111111111111114,-3.2916666666666714,,0.10000000000000003,6.200000000000003,2.0,0.1875,0.0
22500292,2025-11-24,1,0.625,16,0.625,3,1,6.0625,114.0625,120.125,,10.400000000000006,112.5,122.9,0.7,0.625,0,0.2,17,0.2857142857142857,2,0,-12.352941176470594,124.3529411764706,112.0,,-17.700000000000003,126.7,109.0,0.2,0.23529411764705882,1,-1.0,0,-18.415441176470594,10.290441176470594,-8.125,,-0.49999999999999994,-28.10000000000001,-1.0,-0.3897058823529412,1.0
22500057,2025-11-25,1,0.7272727272727273,18,0.42857142857142855,2,0,2.944444444444443,114.38888888888889,117.33333333333333,,5.900000000000006,112.0,117.9,0.7,0.6111111111111112,2,0.1,16,0.0,3,14,-16.1875,129.125,112.9375,,-17.5,129.6,112.1,0.0,0.0625,0,14.0,0,-19.131944444444443,14.736111111111114,-4.395833333333329,,-0.7,-23.400000000000006,1.0,-0.5486111111111112,-2.0
22500058,2025-11-25,0,0.375,18,0.7,2,1,3.3333333333333286,114.94444444444444,118.27777777777777,,7.1000000000000085,112.8,119.9,0.7,0.5555555555555556,0,0.5714285714285714,16,0.5555555555555556,2,1,1.5,116.8125,118.3125,,-2.0999999999999943,116.0,113.9,0.4,0.5625,0,0.0,0,-1.8333333333333286,1.8680555555555571,0.03472222222222854,,-0.29999999999999993,-9.200000000000003,0.0,0.00694444444444442,0.0
22500059,2025-11-25,1,0.2222222222222222,17,0.375,2,1,-5.411764705882348,117.23529411764706,111.82352941176471,,-6.799999999999997,118.7,111.9,0.2,0.29411764705882354,0,0.8,16,0.6666666666666666,2,0,2.625,114.625,117.25,,3.5,113.6,117.1,0.8,0.75,4,-1.0,0,8.036764705882348,-2.610294117647058,5.42647058823529,,0.6000000000000001,10.299999999999997,0.0,0.45588235294117646,4.0
22500060,2025-11-26,1,0.875,16,0.875,2,0,6.6875,112.8125,119.5,,9.5,112.8,122.3,1.0,0.875,12,0.5,17,0.5555555555555556,3,0,4.647058823529406,110.0,114.6470588235294,,7.0,109.8,116.8,0.6,0.5294117647058824,1,0.0,0,-2.040441176470594,-2.8125,-4.852941176470594,,-0.4,-2.5,1.0,-0.34558823529411764,-11.0
22500061,2025-11-26,0,0.2857142857142857,16,0.8888888888888888,2,0,5.1875,115.125,120.3125,,8.099999999999994,114.9,123.0,0.7,0.625,1,0.1111111111111111,17,0.375,3,6,-4.235294117647058,120.41176470588235,116.17647058823529,,-7.599999999999994,120.0,112.4,0.1,0.23529411764705882,0,6.0,0,-9.422794117647058,5.286764705882348,-4.13602941176471,,-0.6,-15.699999999999989,1.0,-0.3897058823529412,-1.0
22500062,2025-11-26,1,0.42857142857142855,18,0.45454545454545453,2,5,-2.8333333333333286,119.33333333333333,116.5,,-5.700000000000003,119.5,113.8,0.3,0.4444444444444444,0,0.4444444444444444,18,0.8888888888888888,2,0,5.944444444444443,117.94444444444444,123.88888888888889,,6.8999999999999915,118.2,125.1,0.8,0.6666666666666666,5,-5.0,0,8.777777777777771,-1.3888888888888857,7.388888888888886,,0.5,12.599999999999994,0.0,0.2222222222222222,5.0
22500063,2025-11-26,1,0.0,17,0.25,2,2,-12.352941176470594,122.82352941176471,110.47058823529412,,-15.600000000000009,124.4,108.8,0.1,0.11764705882352941,0,0.7,18,0.75,2,0,6.944444444444443,113.44444444444444,120.38888888888889,,10.5,109.8,120.3,0.9,0.7222222222222222,8,-2.0,0,19.297385620915037,-9.379084967320267,9.91830065359477,,0.8,26.10000000000001,0.0,0.6045751633986928,8.0
22500064,2025-11-26,1,0.5555555555555556,17,0.625,2,2,5.411764705882348,114.23529411764706,119.6470588235294,,8.299999999999997,113.3,121.6,0.6,0.5882352941176471,0,0.9,18,1.0,3,0,16.944444444444443,105.66666666666667,122.61111111111111,,19.89999999999999,102.7,122.6,0.9,0.9444444444444444,9,-2.0,0,11.532679738562095,-8.568627450980387,2.9640522875817084,,0.30000000000000004,11.599999999999994,1.0,0.35620915032679734,9.0
22500065,2025-11-26,0,0.25,18,0.4,2,1,-4.666666666666671,116.94444444444444,112.27777777777777,,-4.5,114.2,109.7,0.3,0.3333333333333333,0,0.125,18,0.2,2,0,-11.333333333333329,121.88888888888889,110.55555555555556,,-10.099999999999994,122.8,112.7,0.1,0.16666666666666666,1,-1.0,0,-6.666666666666657,4.944444444444443,-1.7222222222222143,,-0.19999999999999998,-5.599999999999994,0.0,-0.16666666666666666,1.0
22500066,2025-11-26,0,0.75,15,0.7142857142857143,2,0,11.133333333333326,111.13333333333334,122.26666666666667,,9.900000000000006,109.6,119.5,0.8,0.7333333333333333,1,0.3333333333333333,19,0.8571428571428571,2,0,0.8421052631578902,115.0,115.84210526315789,,-0.29999999999999716,114.7,114.4,0.5,0.5263157894736842,1,0.0,0,-10.291228070175436,3.86666666666666,-6.4245614035087755,,-0.30000000000000004,-10.200000000000003,0.0,-0.2070175438596491,0.0
22500067,2025-11-26,0,0.5,16,0.8,3,1,6.0625,112.1875,118.25,,3.700000000000003,114.6,118.3,0.6,0.6875,0,0.45454545454545453,18,0.42857142857142855,2,0,-2.055555555555557,121.38888888888889,119.33333333333333,,-5.799999999999997,124.3,118.5,0.3,0.4444444444444444,1,-1.0,0,-8.118055555555557,9.201388888888886,1.0833333333333286,,-0.3,-9.5,-1.0,-0.24305555555555558,1.0
22500068,2025-11-26,0,0.42857142857142855,18,0.7272727272727273,2,1,3.7222222222222285,113.33333333333333,117.05555555555556,,9.400000000000006,107.8,117.2,0.8,0.6111111111111112,0,0.2,18,0.375,2,0,-11.3888888888889,123.66666666666667,112.27777777777777,,-17.700000000000003,126.3,108.6,0.2,0.2777777777777778,2,-1.0,0,-15.111111111111128,10.333333333333343,-4.777777777777786,,-0.6000000000000001,-27.10000000000001,0.0,-0.33333333333333337,2.0
22500069,2025-11-28,1,0.5,19,0.7272727272727273,4,1,4.0,114.78947368421052,118.78947368421052,,3.0,114.8,117.8,0.6,0.631578947368421,0,0.6666666666666666,19,0.42857142857142855,3,1,1.7894736842105345,115.3157894736842,117.10526315789474,,5.200000000000003,114.3,119.5,0.7,0.5789473684210527,0,0.0,0,-2.2105263157894655,0.526315789473685,-1.6842105263157805,,0.09999999999999998,2.200000000000003,-1.0,-0.05263157894736836,0.0
22500070,2025-11-28,0,0.5714285714285714,17,0.5,3,2,-1.0,118.41176470588235,117.41176470588235,,-6.0,119.1,113.1,0.4,0.5294117647058824,0,0.3333333333333333,17,0.0,4,2,-10.470588235294116,119.70588235294117,109.23529411764706,,-6.799999999999997,114.2,107.4,0.3,0.17647058823529413,0,0.0,0,-9.470588235294116,1.294117647058826,-8.17647058823529,,-0.10000000000000003,-0.7999999999999972,1.0,-0.3529411764705882,0.0
22500071,2025-11-28,1,0.3333333333333333,17,0.75,4,1,-2.941176470588232,124.23529411764706,121.29411764705883,,-8.400000000000006,130.3,121.9,0.3,0.5294117647058824,0,0.1111111111111111,18,0.3333333333333333,2,7,-5.555555555555557,120.88888888888889,115.33333333333333,,-10.0,121.3,111.3,0.1,0.2222222222222222,0,6.0,0,-2.614379084967325,-3.3464052287581723,-5.960784313725497,,-0.19999999999999998,-1.5999999999999943,-2.0,-0.30718954248366015,0.0
22500072,2025-11-28,0,0.4444444444444444,19,0.7,3,0,5.3157894736842195,114.3157894736842,119.63157894736842,,9.900000000000006,112.1,122.0,0.7,0.5789473684210527,1,0.7777777777777778,17,0.875,2,1,6.117647058823522,113.05882352941177,119.17647058823529,,8.099999999999994,114.2,122.3,0.9,0.8235294117647058,0,1.0,0,0.8018575851393024,-1.2569659442724372,-0.45510835913313485,,0.20000000000000007,-1.8000000000000114,-1.0,0.2445820433436532,-1.0
22500073,2025-11-28,1,0.1,17,0.14285714285714285,3,0,-14.117647058823536,128.1764705882353,114.05882352941177,,-13.900000000000006,129.0,115.1,0.1,0.11764705882352941,1,0.0,18,0.25,2,3,-11.777777777777771,121.38888888888889,109.61111111111111,,-14.900000000000006,122.9,108.0,0.1,0.1111111111111111,0,3.0,0,2.3398692810457646,-6.787581699346418,-4.447712418300654,,0.0,-1.0,-1.0,-0.006535947712418305,-1.0
22500074,2025-11-28,1,0.375,19,0.45454545454545453,2,6,-2.8421052631579045,118.63157894736842,115.78947368421052,,-7.599999999999994,119.1,111.5,0.2,0.42105263157894735,0,0.375,17,0.8888888888888888,2,0,6.529411764705884,114.29411764705883,120.82352941176471,,9.200000000000003,114.8,124.0,0.7,0.6470588235294118,2,-6.0,0,9.371517027863788,-4.337461300309599,5.03405572755419,,0.49999999999999994,16.799999999999997,0.0,0.22600619195046445,2.0
22500075,2025-11-28,1,0.5,19,0.7272727272727273,2,0,4.1578947368420955,112.63157894736842,116.78947368421052,,9.300000000000011,107.6,116.9,0.8,0.631578947368421,1,0.9,19,1.0,2,0,16.473684210526315,105.63157894736842,122.10526315789474,,20.900000000000006,101.1,122.0,1.0,0.9473684210526315,10,0.0,0,12.31578947368422,-7.0,5.3157894736842195,,0.19999999999999996,11.599999999999994,0.0,0.3157894736842105,9.0
22500076,2025-11-28,0,0.5714285714285714,17,0.8,2,0,6.470588235294116,111.58823529411765,118.05882352941177,,5.200000000000003,113.0,118.2,0.7,0.7058823529411765,1,0.7777777777777778,17,0.75,4,0,10.0,113.82352941176471,123.82352941176471,,9.299999999999997,114.0,123.3,0.8,0.7647058823529411,1,0.0,0,3.529411764705884,2.235294117647058,5.764705882352942,,0.10000000000000009,4.099999999999994,2.0,0.05882352941176461,0.0
22500077,2025-11-28,1,0.2,19,0.3333333333333333,2,1,-11.421052631578945,123.05263157894737,111.63157894736842,,-15.799999999999997,124.3,108.5,0.2,0.2631578947368421,0,0.125,17,0.4444444444444444,4,4,-7.470588235294116,125.52941176470588,118.05882352941177,,-10.600000000000009,130.4,119.8,0.2,0.29411764705882354,0,3.0,0,3.950464396284829,2.476780185758514,6.427244582043343,,0.0,5.199999999999989,2.0,0.03095975232198145,0.0
22500078,2025-11-28,1,0.2,18,0.3076923076923077,4,2,-5.611111111111114,115.11111111111111,109.5,,-3.8999999999999915,116.6,112.7,0.3,0.2777777777777778,0,0.8,17,0.7142857142857143,3,0,3.470588235294116,114.82352941176471,118.29411764705883,,4.199999999999989,113.4,117.6,0.8,0.7647058823529411,5,-2.0,0,9.08169934640523,-0.2875816993464042,8.794117647058826,,0.5,8.09999999999998,-1.0,0.48692810457516333,5.0
22500079,2025-11-28,0,0.3333333333333333,19,0.4,2,0,-4.15789473684211,117.52631578947368,113.36842105263158,,-2.5,114.6,112.1,0.4,0.3684210526315789,1,0.2,18,0.375,3,2,-6.055555555555557,118.22222222222223,112.16666666666667,,-7.200000000000003,120.7,113.5,0.2,0.2777777777777778,0,2.0,0,-1.8976608187134474,0.6959064327485436,-1.2017543859649038,,-0.2,-4.700000000000003,1.0,-0.09064327485380114,-1.0
22500293,2025-11-29,1,0.5,18,0.6,3,0,4.555555555555543,110.22222222222223,114.77777777777777,,7.5,110.7,118.2,0.7,0.5555555555555556,2,0.5,18,0.625,3,3,4.666666666666657,114.16666666666667,118.83333333333333,,9.799999999999997,110.9,120.7,0.6,0.5555555555555556,0,3.0,0,0.11111111111111427,3.944444444444443,4.055555555555557,,-0.09999999999999998,2.299999999999997,0.0,0.0,-2.0
22500294,2025-11-29,1,0.7,19,0.7777777777777778,3,0,6.684210526315795,112.47368421052632,119.15789473684211,,9.5,109.6,119.1,0.9,0.7368421052631579,9,0.1111111111111111,19,0.4,1,0,-4.89473684210526,120.63157894736842,115.73684210526316,,-7.5,120.3,112.8,0.2,0.2631578947368421,1,0.0,0,-11.578947368421055,8.15789473684211,-3.421052631578945,,-0.7,-17.0,-2.0,-0.47368421052631576,-8.0
22500295,2025-11-29,1,0.3,18,0.75,1,2,-3.1666666666666714,124.16666666666667,121.0,,-7.5,130.0,122.5,0.3,0.5,0,0.0,19,0.3333333333333333,1,0,-9.421052631578945,119.52631578947368,110.10526315789474,,-9.899999999999991,119.8,109.9,0.2,0.15789473684210525,1,-2.0,0,-6.254385964912274,-4.6403508771929864,-10.89473684210526,,-0.09999999999999998,-2.3999999999999915,0.0,-0.34210526315789475,1.0
22500296,2025-11-29,0,0.7777777777777778,18,0.7777777777777778,1,2,5.611111111111114,113.0,118.61111111111111,,6.0,114.7,120.7,0.8,0.7777777777777778,0,0.4444444444444444,19,0.9,3,0,5.78947368421052,117.15789473684211,122.94736842105263,,5.3999999999999915,117.7,123.1,0.8,0.6842105263157895,6,-2.0,0,0.17836257309940606,4.15789473684211,4.336257309941516,,0.0,-0.6000000000000085,2.0,-0.0935672514619883,6.0
22500297,2025-11-29,1,0.3333333333333333,18,0.0,1,3,-10.555555555555557,119.44444444444444,108.88888888888889,,-8.900000000000006,115.4,106.5,0.2,0.16666666666666666,0,0.3333333333333333,20,0.45454545454545453,1,7,-3.1499999999999915,118.6,115.45,,-7.799999999999997,118.7,110.9,0.2,0.4,0,4.0,0,7.405555555555566,-0.8444444444444485,6.561111111111117,,0.0,1.1000000000000085,0.0,0.23333333333333336,0.0
22500298,2025-11-29,1,0.125,19,0.18181818181818182,3,1,-11.0,122.47368421052632,111.47368421052632,,-9.900000000000006,123.5,113.6,0.1,0.15789473684210525,0,0.3333333333333333,20,0.75,3,1,0.5999999999999943,114.45,115.05,,1.7999999999999972,112.2,114.0,0.5,0.5,0,0.0,0,11.599999999999994,-8.023684210526312,3.576315789473682,,0.4,11.700000000000003,0.0,0.34210526315789475,0.0
22500299,2025-11-29,0,0.7777777777777778,18,0.6666666666666666,1,1,9.277777777777771,115.22222222222223,124.5,,6.5,117.5,124.0,0.7,0.7222222222222222,0,0.4444444444444444,20,0.7272727272727273,1,1,3.75,113.15,116.9,,7.800000000000011,109.6,117.4,0.7,0.6,0,0.0,0,-5.5277777777777715,-2.072222222222223,-7.599999999999994,,0.0,1.3000000000000114,0.0,-0.12222222222222223,0.0
22500300,2025-11-29,0,0.16666666666666666,19,0.3076923076923077,1,3,-5.84210526315789,115.84210526315789,110.0,,-5.5,119.0,113.5,0.2,0.2631578947368421,0,0.2,19,0.3333333333333333,1,3,-6.0,117.89473684210526,111.89473684210526,,-6.599999999999994,120.5,113.9,0.2,0.2631578947368421,0,0.0,0,-0.15789473684210975,2.05263157894737,1.8947368421052602,,0.0,-1.0999999999999943,0.0,0.0,0.0
22500301,2025-11-30,0,0.7777777777777778,16,0.7142857142857143,4,0,10.6875,110.4375,121.125,,9.5,109.4,118.9,0.8,0.75,2,0.125,18,0.5,2,0,-6.555555555555557,125.16666666666667,118.61111111111111,,-8.600000000000009,130.9,122.3,0.3,0.3333333333333333,1,0.0,0,-17.243055555555557,14.729166666666671,-2.5138888888888857,,-0.5,-18.10000000000001,-2.0,-0.4166666666666667,-1.0
22500302,2025-11-30,0,0.4444444444444444,19,0.6,1,1,4.105263157894726,110.6842105263158,114.78947368421052,,4.199999999999989,111.9,116.1,0.6,0.5263157894736842,0,0.4444444444444444,20,0.7272727272727273,2,2,3.450000000000003,115.55,119.0,,1.7000000000000028,115.6,117.3,0.5,0.6,0,1.0,0,-0.6552631578947228,4.8657894736842024,4.21052631578948,,-0.09999999999999998,-2.499999999999986,1.0,0.0736842105263158,0.0
22500303,2025-11-30,1,0.6363636363636364,20,0.7777777777777778,1,1,6.0,112.75,118.75,,9.799999999999997,108.4,118.2,0.9,0.7,0,0.375,18,0.9,2,0,6.666666666666671,114.0,120.66666666666667,,7.799999999999997,114.3,122.1,0.7,0.6666666666666666,3,-1.0,0,0.6666666666666714,1.25,1.9166666666666714,,-0.20000000000000007,-2.0,1.0,-0.033333333333333326,3.0
22500304,2025-11-30,0,0.6666666666666666,20,0.5,2,0,2.049999999999997,115.7,117.75,,3.8999999999999915,116.4,120.3,0.7,0.6,1,0.625,18,0.5,2,0,-0.2777777777777857,117.55555555555556,117.27777777777777,,-3.700000000000003,116.2,112.5,0.5,0.5555555555555556,1,0.0,0,-2.327777777777783,1.8555555555555543,-0.47222222222222854,,-0.19999999999999996,-7.599999999999994,0.0,-0.0444444444444444,0.0
22500305,2025-11-30,0,0.9,20,1.0,2,0,15.850000000000009,106.3,122.15,,18.19999999999999,102.9,121.1,1.0,0.95,11,0.45454545454545453,19,0.375,4,1,-2.631578947368425,121.05263157894737,118.42105263157895,,-6.6000000000000085,122.2,115.6,0.3,0.42105263157894735,0,1.0,0,-18.481578947368433,14.752631578947373,-3.7289473684210606,,-0.7,-24.799999999999997,2.0,-0.5289473684210526,-11.0
22500306,2025-11-30,1,0.625,18,0.8,2,0,6.277777777777786,112.94444444444444,119.22222222222223,,4.400000000000006,115.6,120.0,0.7,0.7222222222222222,2,0.5,19,0.6666666666666666,1,0,4.631578947368411,114.21052631578948,118.84210526315789,,6.200000000000003,112.7,118.9,0.6,0.5789473684210527,1,0.0,0,-1.646198830409375,1.2660818713450368,-0.3801169590643383,,-0.09999999999999998,1.7999999999999972,-1.0,-0.14327485380116955,-1.0
22500307,2025-11-30,0,0.4,20,0.4,2,0,-3.700000000000003,117.0,113.3,,-3.4000000000000057,114.9,111.5,0.4,0.4,2,0.18181818181818182,20,0.3333333333333333,2,2,-11.299999999999997,123.3,112.0,,-14.0,122.7,108.7,0.2,0.25,0,2.0,0,-7.599999999999994,6.299999999999997,-1.2999999999999972,,-0.2,-10.599999999999994,0.0,-0.15000000000000002,-2.0
22500308,2025-11-30,1,0.1111111111111111,20,0.18181818181818182,1,2,-10.849999999999994,121.55,110.7,,-8.399999999999991,121.8,113.4,0.1,0.15,0,0.8,18,0.75,2,0,3.8333333333333286,115.05555555555556,118.88888888888889,,4.400000000000006,113.8,118.2,0.8,0.7777777777777778,6,-2.0,0,14.683333333333323,-6.49444444444444,8.188888888888883,,0.7000000000000001,12.799999999999997,1.0,0.6277777777777778,6.0
22500309,2025-12-01,1,0.6923076923076923,21,0.5,1,0,2.3333333333333286,116.57142857142857,118.9047619047619,,4.400000000000006,119.6,124.0,0.7,0.6190476190476191,2,0.8,19,0.7777777777777778,2,0,5.473684210526315,114.15789473684211,119.63157894736842,,6.0,117.4,123.4,0.8,0.7894736842105263,1,0.0,0,3.1403508771929864,-2.4135338345864596,0.7268170426065268,,0.10000000000000009,1.5999999999999943,1.0,0.17042606516290726,-1.0
22500310,2025-12-01,0,0.4444444444444444,21,0.6666666666666666,1,3,3.19047619047619,115.61904761904762,118.80952380952381,,1.7000000000000028,113.3,115.0,0.5,0.5714285714285714,0,0.0,20,0.4,2,0,-8.849999999999994,118.6,109.75,,-6.599999999999994,118.5,111.9,0.3,0.2,2,-3.0,0,-12.040476190476184,2.980952380952374,-9.05952380952381,,-0.2,-8.299999999999997,1.0,-0.3714285714285714,2.0
22500311,2025-12-01,1,0.3333333333333333,21,0.5,2,0,-2.19047619047619,117.66666666666667,115.47619047619048,,-6.299999999999997,117.2,110.9,0.2,0.42857142857142855,1,0.09090909090909091,18,0.14285714285714285,3,1,-15.166666666666671,127.66666666666667,112.5,,-14.299999999999997,127.3,113.0,0.1,0.1111111111111111,0,1.0,0,-12.976190476190482,10.0,-2.9761904761904816,,-0.1,-8.0,1.0,-0.31746031746031744,-1.0
22500312,2025-12-01,1,0.1111111111111111,20,0.45454545454545453,2,0,-4.300000000000011,120.15,115.85,,-5.799999999999997,119.3,113.5,0.3,0.3,2,0.3,19,0.0,2,4,-10.89473684210526,119.26315789473684,108.36842105263158,,-8.799999999999997,114.5,105.7,0.2,0.15789473684210525,0,4.0,0,-6.594736842105249,-0.8868421052631703,-7.481578947368419,,-0.09999999999999998,-3.0,0.0,-0.14210526315789473,-2.0
22500313,2025-12-01,1,0.2,20,0.3,2,4,-5.900000000000006,117.7,111.8,,-6.700000000000003,121.4,114.7,0.2,0.25,0,0.4444444444444444,20,0.8181818181818182,2,1,5.349999999999994,118.2,123.55,,4.599999999999994,118.4,123.0,0.7,0.65,0,-3.0,0,11.25,0.5,11.75,,0.49999999999999994,11.299999999999997,0.0,0.4,0.0
22500314,2025-12-01,1,0.2727272727272727,19,0.75,2,3,-3.10526315789474,123.05263157894737,119.94736842105263,,-7.099999999999994,127.5,120.4,0.3,0.47368421052631576,0,0.5,20,0.7,3,0,5.200000000000003,114.05,119.25,,10.599999999999994,111.9,122.5,0.8,0.6,2,-3.0,0,8.305263157894743,-9.002631578947373,-0.6973684210526301,,0.5,17.69999999999999,1.0,0.12631578947368421,2.0
22500315,2025-12-01,0,0.2857142857142857,20,0.3076923076923077,2,0,-5.349999999999994,115.55,110.2,,-4.900000000000006,118.4,113.5,0.3,0.3,1,0.8,19,0.6666666666666666,2,0,9.73684210526315,115.05263157894737,124.78947368421052,,6.599999999999994,118.7,125.3,0.7,0.7368421052631579,1,0.0,0,15.086842105263145,-0.49736842105262724,14.589473684210517,,0.39999999999999997,11.5,0.0,0.43684210526315786,0.0
22500316,2025-12-01,1,0.8,17,0.7142857142857143,1,0,11.705882352941188,109.88235294117646,121.58823529411765,,10.800000000000011,108.6,119.4,0.8,0.7647058823529411,3,0.125,19,0.45454545454545453,1,1,-7.6842105263157805,125.36842105263158,117.6842105263158,,-7.3999999999999915,130.1,122.7,0.3,0.3157894736842105,0,1.0,0,-19.39009287925697,15.486068111455111,-3.9040247678018574,,-0.5,-18.200000000000003,0.0,-0.4489164086687306,-3.0
22500317,2025-12-01,0,0.4444444444444444,21,0.6666666666666666,2,2,2.7142857142857224,113.95238095238095,116.66666666666667,,3.700000000000003,112.8,116.5,0.6,0.5714285714285714,0,0.8,19,0.7777777777777778,1,0,4.26315789473685,115.36842105263158,119.63157894736842,,5.400000000000006,114.3,119.7,0.8,0.7894736842105263,7,-2.0,0,1.5488721804511272,1.4160401002506262,2.9649122807017534,,0.20000000000000007,1.7000000000000028,-1.0,0.21804511278195493,7.0
22500318,2025-12-02,1,0.09090909090909091,19,0.25,1,0,-14.21052631578948,127.57894736842105,113.36842105263158,,-10.699999999999989,125.1,114.4,0.2,0.15789473684210525,1,0.625,19,0.45454545454545453,2,1,-0.6842105263157805,118.84210526315789,118.15789473684211,,-5.5,118.4,112.9,0.4,0.5263157894736842,0,1.0,0,13.5263157894737,-8.736842105263165,4.7894736842105345,,0.2,5.199999999999989,1.0,0.3684210526315789,-1.0
22500319,2025-12-02,1,0.45454545454545453,20,0.3333333333333333,2,2,-2.9000000000000057,121.15,118.25,,-7.099999999999994,123.0,115.9,0.3,0.4,0,0.5833333333333334,21,0.7777777777777778,2,2,4.666666666666671,112.9047619047619,117.57142857142857,,6.6000000000000085,109.1,115.7,0.8,0.6666666666666666,0,0.0,0,7.566666666666677,-8.245238095238108,-0.6785714285714306,,0.5,13.700000000000003,0.0,0.2666666666666666,0.0
22500320,2025-12-02,1,0.375,19,0.9090909090909091,2,0,7.473684210526315,112.94736842105263,120.42105263157895,,6.3999999999999915,113.9,120.3,0.7,0.6842105263157895,4,0.5,20,0.6,2,0,4.0,110.9,114.9,,5.700000000000003,111.1,116.8,0.7,0.55,1,0.0,0,-3.473684210526315,-2.0473684210526244,-5.521052631578939,,0.0,-0.6999999999999886,0.0,-0.13421052631578945,-3.0
22500321,2025-12-02,0,0.5,20,0.7,2,0,5.050000000000011,114.1,119.15,,4.799999999999997,112.2,117.0,0.6,0.6,2,0.1,21,0.18181818181818182,2,3,-10.904761904761912,122.0952380952381,111.19047619047619,,-8.799999999999997,122.6,113.8,0.1,0.14285714285714285,0,3.0,0,-15.954761904761924,7.995238095238108,-7.959523809523816,,-0.5,-13.599999999999994,0.0,-0.45714285714285713,-2.0
22500322,2025-12-02,1,0.45454545454545453,21,0.4,2,0,-3.142857142857139,116.52380952380952,113.38095238095238,,-1.2000000000000028,114.2,113.0,0.5,0.42857142857142855,3,0.5555555555555556,19,0.8,2,1,5.263157894736835,113.57894736842105,118.84210526315789,,2.3999999999999915,116.2,118.6,0.6,0.6842105263157895,0,1.0,0,8.406015037593974,-2.9448621553884635,5.461152882205511,,0.09999999999999998,3.5999999999999943,0.0,0.25563909774436094,-3.0
22500323,2025-12-02,0,0.9090909090909091,21,1.0,2,0,15.476190476190482,106.71428571428571,122.19047619047619,,17.599999999999994,104.4,122.0,1.0,0.9523809523809523,12,0.3333333333333333,21,0.7777777777777778,3,0,0.952380952380949,113.57142857142857,114.52380952380952,,-0.5,113.5,113.0,0.5,0.5238095238095238,1,0.0,0,-14.523809523809533,6.857142857142861,-7.666666666666671,,-0.5,-18.099999999999994,1.0,-0.4285714285714285,-11.0
22500324,2025-12-03,0,0.4166666666666667,21,0.3333333333333333,1,3,-2.904761904761898,121.14285714285714,118.23809523809524,,-8.200000000000003,123.4,115.2,0.2,0.38095238095238093,0,0.5,22,0.6666666666666666,2,0,3.7727272727272805,115.77272727272727,119.54545454545455,,1.9000000000000057,113.6,115.5,0.5,0.5909090909090909,1,-3.0,0,6.6774891774891785,-5.3701298701298725,1.307359307359306,,0.3,10.100000000000009,1.0,0.20995670995671,1.0
22500325,2025-12-03,0,0.8,20,0.6,2,1,8.75,115.85,124.6,,4.200000000000003,121.0,125.2,0.6,0.7,0,0.0,21,0.36363636363636365,2,1,-9.19047619047619,119.38095238095238,110.19047619047619,,-5.799999999999997,116.8,111.0,0.3,0.19047619047619047,0,0.0,0,-17.94047619047619,3.5309523809523853,-14.409523809523805,,-0.3,-10.0,0.0,-0.5095238095238095,0.0
22500326,2025-12-03,0,0.5555555555555556,20,0.8181818181818182,1,0,5.3500000000000085,113.85,119.2,,2.6999999999999886,116.4,119.1,0.6,0.7,1,0.5,21,0.7272727272727273,2,0,5.19047619047619,114.33333333333333,119.52380952380952,,10.799999999999997,112.7,123.5,0.8,0.6190476190476191,3,0.0,0,-0.15952380952381873,0.4833333333333343,0.32380952380951555,,0.20000000000000007,8.100000000000009,1.0,-0.08095238095238089,2.0
22500327,2025-12-03,0,0.18181818181818182,21,0.3,2,5,-6.428571428571431,118.76190476190476,112.33333333333333,,-7.0,122.4,115.4,0.2,0.23809523809523808,0,0.6428571428571429,22,0.5,2,1,2.181818181818187,115.77272727272727,117.95454545454545,,1.0,119.5,120.5,0.6,0.5909090909090909,0,-4.0,0,8.610389610389618,-2.989177489177493,5.621212121212125,,0.39999999999999997,8.0,0.0,0.35281385281385286,0.0
22500328,2025-12-03,1,0.1,21,0.45454545454545453,2,1,-4.714285714285708,119.95238095238095,115.23809523809524,,-8.200000000000003,120.9,112.7,0.2,0.2857142857142857,0,0.3333333333333333,20,0.9090909090909091,1,1,6.799999999999997,113.45,120.25,,4.5,114.2,118.7,0.6,0.65,0,0.0,0,11.514285714285705,-6.502380952380946,5.011904761904759,,0.39999999999999997,12.700000000000003,-1.0,0.3642857142857143,0.0
22500329,2025-12-03,0,0.3,20,0.1,2,0,-9.700000000000003,118.45,108.75,,-3.9000000000000057,111.4,107.5,0.3,0.2,1,0.25,20,0.75,2,4,-3.200000000000003,123.15,119.95,,-7.200000000000003,127.9,120.7,0.3,0.45,0,4.0,0,6.5,4.700000000000003,11.200000000000003,,0.0,-3.299999999999997,0.0,0.25,-1.0
22500330,2025-12-03,1,0.18181818181818182,21,0.3,3,3,-11.142857142857139,122.9047619047619,111.76190476190476,,-13.400000000000006,122.0,108.6,0.2,0.23809523809523808,0,0.7272727272727273,18,0.7142857142857143,2,1,10.6111111111111,111.16666666666667,121.77777777777777,,11.100000000000009,109.8,120.9,0.8,0.7222222222222222,0,-2.0,0,21.75396825396824,-11.738095238095227,10.015873015873012,,0.6000000000000001,24.500000000000014,-1.0,0.48412698412698413,0.0
22500331,2025-12-03,1,0.8,20,0.8,2,0,5.25,113.35,118.6,,5.8999999999999915,113.7,119.6,0.8,0.8,2,0.3,22,0.5,2,1,-2.2272727272727337,118.18181818181819,115.95454545454545,,-5.5,119.0,113.5,0.2,0.4090909090909091,0,1.0,0,-7.477272727272734,4.831818181818193,-2.645454545454541,,-0.6000000000000001,-11.399999999999991,0.0,-0.39090909090909093,-2.0
22500332,2025-12-03,1,0.4444444444444444,21,0.8333333333333334,2,0,5.904761904761898,118.42857142857143,124.33333333333333,,6.099999999999994,116.9,123.0,0.7,0.6666666666666666,1,0.375,21,0.3076923076923077,2,0,-4.61904761904762,115.80952380952381,111.19047619047619,,-3.0,118.2,115.2,0.4,0.3333333333333333,2,0.0,0,-10.523809523809518,-2.6190476190476204,-13.142857142857139,,-0.29999999999999993,-9.099999999999994,0.0,-0.3333333333333333,1.0
22500333,2025-12-04,1,0.3333333333333333,22,0.7,2,1,0.36363636363635976,114.04545454545455,114.4090909090909,,0.7000000000000028,113.3,114.0,0.5,0.5,0,0.625,20,0.5,2,0,0.29999999999999716,118.0,118.3,,-3.299999999999997,117.5,114.2,0.5,0.55,1,-1.0,0,-0.0636363636363626,3.9545454545454533,3.8909090909090907,,0.0,-4.0,0.0,0.050000000000000044,1.0
22500334,2025-12-04,0,0.5,21,0.6363636363636364,2,0,4.095238095238102,111.19047619047619,115.28571428571429,,5.900000000000006,112.1,118.0,0.7,0.5714285714285714,2,0.08333333333333333,20,0.25,2,1,-14.450000000000003,127.25,112.8,,-12.0,126.1,114.1,0.2,0.15,0,1.0,0,-18.545238095238105,16.05952380952381,-2.4857142857142946,,-0.49999999999999994,-17.900000000000006,0.0,-0.4214285714285714,-2.0
22500335,2025-12-04,0,0.125,20,0.5,3,0,-6.8999999999999915,125.35,118.45,,-5.8999999999999915,130.6,124.7,0.4,0.35,1,0.36363636363636365,21,0.1,1,0,-8.76190476190476,117.71428571428571,108.95238095238095,,-1.8999999999999915,109.8,107.9,0.4,0.23809523809523808,2,0.0,0,-1.8619047619047677,-7.635714285714286,-9.497619047619054,,0.0,4.0,-2.0,-0.1119047619047619,1.0
22500336,2025-12-04,0,0.8,20,0.7,3,1,3.200000000000003,115.85,119.05,,5.700000000000003,114.6,120.3,0.8,0.75,0,0.5833333333333334,22,0.8,2,0,4.5909090909090935,113.13636363636364,117.72727272727273,,5.6000000000000085,109.6,115.2,0.8,0.6818181818181818,1,-1.0,0,1.3909090909090907,-2.713636363636354,-1.3227272727272634,,0.0,-0.09999999999999432,-1.0,-0.06818181818181823,1.0
22500337,2025-12-04,0,0.5454545454545454,21,0.7,2,0,5.142857142857139,115.42857142857143,120.57142857142857,,4.800000000000011,115.1,119.9,0.6,0.6190476190476191,3,0.1,22,0.16666666666666666,2,4,-10.72727272727272,123.31818181818181,112.5909090909091,,-8.100000000000009,125.7,117.6,0.1,0.13636363636363635,0,4.0,0,-15.870129870129858,7.889610389610382,-7.980519480519476,,-0.5,-12.90000000000002,0.0,-0.4826839826839827,-3.0
22500338,2025-12-05,1,0.8181818181818182,21,0.7,1,0,3.19047619047619,116.04761904761905,119.23809523809524,,5.0,115.5,120.5,0.8,0.7619047619047619,1,0.5454545454545454,22,0.6363636363636364,1,0,5.954545454545453,110.72727272727273,116.68181818181819,,10.599999999999994,112.0,122.6,0.8,0.5909090909090909,3,0.0,0,2.7640692640692635,-5.320346320346317,-2.556277056277054,,0.0,5.599999999999994,0.0,-0.17099567099567092,2.0
22500339,2025-12-05,1,0.4,22,0.8333333333333334,2,1,5.181818181818187,118.4090909090909,123.5909090909091,,6.5,115.7,122.2,0.7,0.6363636363636364,0,0.5,22,0.6666666666666666,2,1,4.863636363636374,114.31818181818181,119.18181818181819,,8.899999999999991,113.4,122.3,0.7,0.5909090909090909,0,0.0,0,-0.318181818181813,-4.0909090909090935,-4.4090909090909065,,0.0,2.3999999999999915,0.0,-0.045454545454545414,0.0
22500340,2025-12-05,0,0.8181818181818182,21,0.6,2,0,9.047619047619051,116.04761904761905,125.0952380952381,,4.299999999999997,121.4,125.7,0.6,0.7142857142857143,1,0.6428571428571429,23,0.4444444444444444,2,2,1.0869565217391255,115.73913043478261,116.82608695652173,,-2.299999999999997,118.8,116.5,0.5,0.5652173913043478,0,2.0,0,-7.9606625258799255,-0.3084886128364417,-8.269151138716367,,-0.09999999999999998,-6.599999999999994,0.0,-0.14906832298136652,-1.0
22500341,2025-12-05,1,0.6,21,0.8181818181818182,2,0,5.19047619047619,113.76190476190476,118.95238095238095,,3.4000000000000057,115.1,118.5,0.7,0.7142857142857143,2,0.5,23,0.6153846153846154,2,1,3.0869565217391397,116.04347826086956,119.1304347826087,,2.0,113.2,115.2,0.5,0.5652173913043478,0,1.0,0,-2.10351966873705,2.2815734989648035,0.17805383022775345,,-0.19999999999999996,-1.4000000000000057,0.0,-0.14906832298136652,-2.0
22500342,2025-12-05,1,0.46153846153846156,22,0.3333333333333333,2,0,-2.2272727272727337,120.63636363636364,118.4090909090909,,-4.6000000000000085,120.4,115.8,0.3,0.4090909090909091,1,0.7272727272727273,21,0.8,2,1,4.80952380952381,113.33333333333333,118.14285714285714,,4.3999999999999915,113.7,118.1,0.7,0.7619047619047619,0,1.0,0,7.036796536796544,-7.303030303030312,-0.2662337662337677,,0.39999999999999997,9.0,0.0,0.35281385281385275,-1.0
22500343,2025-12-05,1,0.2222222222222222,21,0.5,1,0,-5.952380952380949,124.61904761904762,118.66666666666667,,-7.000000000000014,128.8,121.8,0.4,0.38095238095238093,2,0.3333333333333333,21,0.9166666666666666,2,0,7.19047619047619,113.0,120.19047619047619,,7.700000000000003,112.2,119.9,0.7,0.6666666666666666,1,0.0,0,13.142857142857139,-11.61904761904762,1.5238095238095184,,0.29999999999999993,14.700000000000017,1.0,0.2857142857142857,-1.0
22500344,2025-12-05,0,0.09090909090909091,22,0.45454545454545453,2,2,-5.181818181818173,119.9090909090909,114.72727272727273,,-8.399999999999991,118.1,109.7,0.2,0.2727272727272727,0,0.5833333333333334,23,0.7272727272727273,1,1,4.260869565217391,113.56521739130434,117.82608695652173,,3.5,110.8,114.3,0.7,0.6521739130434783,0,-1.0,0,9.442687747035563,-6.343873517786562,3.098814229249001,,0.49999999999999994,11.899999999999991,-1.0,0.37944664031620556,0.0
22500345,2025-12-05,0,0.0,22,0.3333333333333333,2,2,-9.454545454545453,120.0909090909091,110.63636363636364,,-3.799999999999997,117.0,113.2,0.3,0.18181818181818182,0,0.25,21,0.6666666666666666,2,5,-3.5238095238095326,122.66666666666667,119.14285714285714,,-7.099999999999994,126.8,119.7,0.3,0.42857142857142855,0,3.0,0,5.930735930735921,2.575757575757578,8.506493506493499,,0.0,-3.299999999999997,0.0,0.24675324675324672,0.0
22500346,2025-12-05,1,0.5,22,0.6666666666666666,4,0,3.3636363636363598,113.68181818181819,117.04545454545455,,4.5,112.2,116.7,0.6,0.5909090909090909,1,0.7272727272727273,19,0.75,2,0,11.42105263157896,110.3157894736842,121.73684210526316,,13.0,107.8,120.8,0.8,0.7368421052631579,1,0.0,0,8.0574162679426,-3.3660287081339817,4.691387559808618,,0.20000000000000007,8.5,-2.0,0.14593301435406691,0.0
22500347,2025-12-05,1,0.25,22,0.3,2,0,-5.0909090909090935,117.54545454545455,112.45454545454545,,-5.300000000000011,118.9,113.6,0.2,0.2727272727272727,1,0.4166666666666667,22,0.4,3,1,-3.318181818181813,116.95454545454545,113.63636363636364,,-0.5999999999999943,113.5,112.9,0.5,0.4090909090909091,0,1.0,0,1.7727272727272805,-0.5909090909090935,1.181818181818187,,0.3,4.700000000000017,1.0,0.1363636363636364,-1.0
22500348,2025-12-05,0,0.625,21,0.5384615384615384,1,0,0.3333333333333286,117.04761904761905,117.38095238095238,,-3.3999999999999915,117.3,113.9,0.5,0.5714285714285714,2,0.3,23,0.5384615384615384,2,0,-1.9565217391304373,117.78260869565217,115.82608695652173,,-6.400000000000006,116.5,110.1,0.2,0.43478260869565216,1,0.0,0,-2.289855072463766,0.7349896480331211,-1.5548654244306448,,-0.3,-3.000000000000014,1.0,-0.13664596273291924,-1.0
22500349,2025-12-05,1,0.375,22,0.35714285714285715,2,0,-3.9545454545454533,115.45454545454545,111.5,,-1.4000000000000057,115.7,114.3,0.5,0.36363636363636365,3,0.9166666666666666,22,1.0,3,0,15.318181818181813,106.95454545454545,122.27272727272727,,16.39999999999999,105.4,121.8,1.0,0.9545454545454546,13,0.0,0,19.272727272727266,-8.5,10.772727272727266,,0.5,17.799999999999997,1.0,0.5909090909090909,10.0
22500350,2025-12-06,1,0.1,23,0.15384615384615385,2,5,-10.652173913043484,123.3913043478261,112.73913043478261,,-7.200000000000003,125.8,118.6,0.1,0.13043478260869565,0,0.36363636363636365,22,0.09090909090909091,2,1,-8.954545454545453,117.95454545454545,109.0,,-2.5,111.6,109.1,0.4,0.22727272727272727,0,-4.0,0,1.6976284584980306,-5.43675889328064,-3.7391304347826093,,0.30000000000000004,4.700000000000003,0.0,0.09683794466403162,0.0
22500351,2025-12-06,0,0.6428571428571429,24,0.4,1,3,1.0,116.5,117.5,,-2.5999999999999943,120.0,117.4,0.4,0.5416666666666666,0,0.08333333333333333,21,0.2222222222222222,2,2,-15.904761904761898,128.14285714285714,112.23809523809524,,-16.299999999999997,127.0,110.7,0.2,0.14285714285714285,0,-1.0,0,-16.904761904761898,11.642857142857139,-5.261904761904759,,-0.2,-13.700000000000003,1.0,-0.3988095238095238,0.0
22500352,2025-12-06,0,0.3076923076923077,23,0.7,2,2,0.30434782608695343,113.3913043478261,113.69565217391305,,0.09999999999999432,111.2,111.3,0.4,0.4782608695652174,0,0.5,24,0.6428571428571429,1,0,3.5,116.08333333333333,119.58333333333333,,2.5,114.9,117.4,0.5,0.5833333333333334,1,-2.0,0,3.1956521739130466,2.6920289855072355,5.887681159420282,,0.09999999999999998,2.4000000000000057,-1.0,0.10507246376811596,1.0
22500353,2025-12-06,1,0.3,24,0.5,1,1,-2.5,117.70833333333333,115.20833333333333,,-5.5,116.2,110.7,0.2,0.4166666666666667,0,0.7272727272727273,22,0.8181818181818182,1,0,4.86363636363636,113.45454545454545,118.31818181818181,,4.1000000000000085,114.8,118.9,0.7,0.7727272727272727,1,-1.0,0,7.36363636363636,-4.253787878787875,3.1098484848484844,,0.49999999999999994,9.600000000000009,0.0,0.356060606060606,1.0
22500354,2025-12-06,0,0.16666666666666666,22,0.3,3,4,-11.818181818181813,122.81818181818181,111.0,,-12.700000000000003,120.8,108.1,0.2,0.22727272727272727,0,0.36363636363636365,23,0.8333333333333334,1,2,4.9130434782608745,117.8695652173913,122.78260869565217,,7.200000000000003,112.3,119.5,0.7,0.6086956521739131,0,-2.0,0,16.731225296442688,-4.9486166007905155,11.782608695652172,,0.49999999999999994,19.900000000000006,-2.0,0.3814229249011858,0.0
22500355,2025-12-06,1,0.23076923076923078,23,0.3,1,1,-5.260869565217391,117.08695652173913,111.82608695652173,,-5.900000000000006,117.5,111.6,0.2,0.2608695652173913,0,0.5833333333333334,22,0.7,2,0,5.318181818181813,115.45454545454545,120.77272727272727,,4.299999999999997,115.7,120.0,0.6,0.6363636363636364,4,-1.0,0,10.579051383399204,-1.6324110671936722,8.946640316205531,,0.39999999999999997,10.200000000000003,1.0,0.37549407114624506,4.0
22500356,2025-12-06,1,0.7272727272727273,20,0.7777777777777778,1,0,11.799999999999997,109.7,121.5,,12.599999999999994,106.4,119.0,0.8,0.75,2,0.3333333333333333,23,0.35714285714285715,1,1,-4.695652173913047,116.17391304347827,111.47826086956522,,-4.0,115.6,111.6,0.4,0.34782608695652173,0,1.0,0,-16.495652173913044,6.473913043478262,-10.021739130434781,,-0.4,-16.599999999999994,0.0,-0.40217391304347827,-2.0
22500357,2025-12-07,1,0.5,23,0.6923076923076923,2,0,4.695652173913032,113.91304347826087,118.6086956521739,,8.300000000000011,114.1,122.4,0.7,0.6086956521739131,1,0.3333333333333333,22,0.9230769230769231,2,0,8.409090909090907,112.95454545454545,121.36363636363636,,10.299999999999997,110.2,120.5,0.7,0.6818181818181818,2,0.0,0,3.713438735177874,-0.9584980237154213,2.754940711462453,,0.0,1.9999999999999858,0.0,0.07312252964426869,1.0
22500358,2025-12-07,0,0.5454545454545454,23,0.6666666666666666,2,0,6.608695652173907,110.47826086956522,117.08695652173913,,9.099999999999994,113.0,122.1,0.8,0.6086956521739131,4,0.5833333333333334,24,0.6666666666666666,2,2,3.0416666666666714,113.45833333333333,116.5,,0.8000000000000114,111.1,111.9,0.6,0.625,0,2.0,0,-3.5670289855072355,2.98007246376811,-0.5869565217391255,,-0.20000000000000007,-8.299999999999983,0.0,0.016304347826086918,-4.0
22500359,2025-12-07,0,0.8333333333333334,22,0.6,2,0,8.681818181818187,116.81818181818181,125.5,,3.299999999999997,123.5,126.8,0.6,0.7272727272727273,2,0.16666666666666666,23,0.45454545454545453,2,0,-3.8695652173913118,118.43478260869566,114.56521739130434,,-4.599999999999994,115.8,111.2,0.3,0.30434782608695654,1,0.0,0,-12.551383399209499,1.6166007905138429,-10.934782608695656,,-0.3,-7.8999999999999915,0.0,-0.42292490118577075,-1.0
22500360,2025-12-07,1,0.42857142857142855,23,0.3333333333333333,2,1,-2.391304347826093,120.69565217391305,118.30434782608695,,-4.700000000000003,118.8,114.1,0.3,0.391304347826087,0,0.4166666666666667,23,0.45454545454545453,2,0,-2.7826086956521863,116.1304347826087,113.34782608695652,,3.8999999999999915,110.2,114.1,0.6,0.43478260869565216,1,-1.0,0,-0.39130434782609314,-4.565217391304344,-4.956521739130437,,0.3,8.599999999999994,0.0,0.04347826086956519,1.0
22500361,2025-12-07,0,0.35714285714285715,24,0.7,1,0,0.5,112.58333333333333,113.08333333333333,,0.5,109.8,110.3,0.4,0.5,1,0.25,22,0.6,2,6,-4.045454545454547,122.54545454545455,118.5,,-8.299999999999997,123.8,115.5,0.3,0.4090909090909091,0,6.0,0,-4.545454545454547,9.962121212121218,5.416666666666671,,-0.10000000000000003,-8.799999999999997,1.0,-0.09090909090909088,-1.0
22500362,2025-12-07,0,0.75,22,0.7,2,1,2.0909090909090935,116.5,118.5909090909091,,5.799999999999997,116.0,121.8,0.8,0.7272727272727273,0,0.6666666666666666,22,0.5384615384615384,2,0,1.0,116.31818181818181,117.31818181818181,,-1.0,116.0,115.0,0.6,0.5909090909090909,3,-1.0,0,-1.0909090909090935,-0.18181818181818699,-1.2727272727272805,,-0.20000000000000007,-6.799999999999997,0.0,-0.13636363636363635,3.0
22500363,2025-12-07,0,0.9166666666666666,23,1.0,2,0,15.565217391304344,107.1304347826087,122.69565217391305,,15.600000000000009,107.3,122.9,1.0,0.9565217391304348,14,0.2,22,0.5,2,1,-7.227272727272734,125.5909090909091,118.36363636363636,,-9.399999999999991,130.2,120.8,0.4,0.36363636363636365,0,1.0,0,-22.792490118577078,18.46047430830039,-4.332015810276687,,-0.6,-25.0,0.0,-0.5928853754940712,-14.0
22500364,2025-12-08,1,0.23076923076923078,23,0.3,2,0,-10.608695652173907,122.30434782608695,111.69565217391305,,-9.700000000000003,119.5,109.8,0.3,0.2608695652173913,1,0.09090909090909091,23,0.3333333333333333,3,0,-8.391304347826093,119.43478260869566,111.04347826086956,,-0.5,114.6,114.1,0.4,0.21739130434782608,1,0.0,0,2.2173913043478137,-2.8695652173912976,-0.6521739130434838,,0.10000000000000003,9.200000000000003,1.0,-0.043478260869565216,0.0
22500365,2025-12-08,0,0.45454545454545453,23,0.6666666666666666,3,1,2.391304347826093,113.82608695652173,116.21739130434783,,-0.8999999999999915,114.1,113.2,0.5,0.5652173913043478,0,0.5833333333333334,23,0.7272727272727273,2,0,5.217391304347828,115.04347826086956,120.26086956521739,,5.700000000000003,114.0,119.7,0.7,0.6521739130434783,5,-1.0,0,2.826086956521735,1.217391304347828,4.043478260869563,,0.19999999999999996,6.599999999999994,-1.0,0.08695652173913049,5.0
22500366,2025-12-08,0,0.5454545454545454,22,0.8181818181818182,3,1,4.36363636363636,114.5,118.86363636363636,,2.200000000000003,117.2,119.4,0.7,0.6818181818181818,0,0.09090909090909091,24,0.15384615384615385,2,6,-10.958333333333329,123.20833333333333,112.25,,-7.299999999999997,125.1,117.8,0.1,0.125,0,5.0,0,-15.321969696969688,8.708333333333329,-6.61363636363636,,-0.6,-9.5,-1.0,-0.5568181818181818,0.0
22501201,2025-12-09,1,0.36363636363636365,24,0.7692307692307693,3,3,4.041666666666671,118.25,122.29166666666667,,5.3999999999999915,113.7,119.1,0.6,0.5833333333333334,0,0.45454545454545453,24,0.6923076923076923,2,1,4.25,113.58333333333333,117.83333333333333,,8.099999999999994,113.0,121.1,0.7,0.5833333333333334,0,-2.0,0,0.2083333333333286,-4.666666666666671,-4.458333333333343,,0.09999999999999998,2.700000000000003,-1.0,0.0,0.0
22501202,2025-12-09,0,0.3333333333333333,23,0.9285714285714286,2,0,8.304347826086953,112.3913043478261,120.69565217391305,,11.099999999999994,108.7,119.8,0.8,0.6956521739130435,3,0.5833333333333334,25,0.6153846153846154,2,3,2.5999999999999943,113.76,116.36,,-0.9000000000000057,112.0,111.1,0.5,0.6,0,3.0,0,-5.704347826086959,1.368695652173912,-4.335652173913047,,-0.30000000000000004,-12.0,0.0,-0.09565217391304348,-3.0
22501203,2025-12-10,1,0.5,24,0.6666666666666666,2,0,2.4166666666666714,113.45833333333333,115.875,,-0.4000000000000057,112.2,111.8,0.6,0.5833333333333334,1,0.9230769230769231,24,1.0,3,0,16.16666666666667,106.875,123.04166666666667,,17.299999999999997,107.8,125.1,1.0,0.9583333333333334,15,0.0,0,13.75,-6.583333333333329,7.166666666666671,,0.4,17.700000000000003,1.0,0.375,14.0
22501204,2025-12-10,0,0.5833333333333334,23,0.8181818181818182,2,0,4.304347826086953,115.26086956521739,119.56521739130434,,1.1999999999999886,119.4,120.6,0.7,0.6956521739130435,1,0.7692307692307693,23,0.7,3,0,2.173913043478251,116.1304347826087,118.30434782608695,,4.799999999999997,116.4,121.2,0.8,0.7391304347826086,1,0.0,0,-2.1304347826087024,0.8695652173913118,-1.2608695652173907,,0.10000000000000009,3.6000000000000085,1.0,0.04347826086956519,0.0
22501205,2025-12-11,1,0.21428571428571427,24,0.3,5,2,-5.166666666666671,116.75,111.58333333333333,,-6.0,117.4,111.4,0.2,0.25,0,0.6666666666666666,21,0.7777777777777778,5,1,10.619047619047606,110.28571428571429,120.9047619047619,,8.900000000000006,107.0,115.9,0.7,0.7142857142857143,0,-1.0,0,15.785714285714278,-6.464285714285708,9.32142857142857,,0.49999999999999994,14.900000000000006,0.0,0.4642857142857143,0.0
22501206,2025-12-11,1,0.5833333333333334,24,0.6666666666666666,4,0,6.666666666666671,110.58333333333333,117.25,,9.599999999999994,112.5,122.1,0.8,0.625,5,0.2727272727272727,25,0.5,5,2,-2.8799999999999955,117.96,115.08,,-5.5,116.8,111.3,0.2,0.4,0,2.0,0,-9.546666666666667,7.376666666666665,-2.1700000000000017,,-0.6000000000000001,-15.099999999999994,1.0,-0.22499999999999998,-5.0
22501207,2025-12-11,1,0.4,24,0.3333333333333333,4,2,-3.25,120.625,117.375,,-5.299999999999997,118.0,112.7,0.3,0.375,0,0.09090909090909091,25,0.14285714285714285,3,7,-10.64,123.68,113.04,,-6.8999999999999915,126.1,119.2,0.1,0.12,0,5.0,0,-7.390000000000001,3.055000000000007,-4.334999999999994,,-0.19999999999999998,-1.5999999999999943,-1.0,-0.255,0.0
22501208,2025-12-11,0,0.8461538461538461,23,0.6,4,0,8.695652173913047,116.34782608695652,125.04347826086956,,4.5,121.1,125.6,0.7,0.7391304347826086,3,0.21428571428571427,24,0.3,3,1,-10.625,122.04166666666667,111.41666666666667,,-9.5,118.8,109.3,0.3,0.25,0,1.0,0,-19.320652173913047,5.693840579710155,-13.626811594202891,,-0.39999999999999997,-14.0,-1.0,-0.48913043478260865,-3.0
22501209,2025-12-12,0,0.25,23,0.5454545454545454,5,7,-5.260869565217391,122.56521739130434,117.30434782608695,,-11.800000000000011,123.4,111.6,0.2,0.391304347826087,0,0.16666666666666666,24,0.4166666666666667,5,1,-4.083333333333343,118.29166666666667,114.20833333333333,,-5.299999999999997,116.3,111.0,0.3,0.2916666666666667,0,-6.0,0,1.1775362318840479,-4.273550724637673,-3.096014492753625,,0.09999999999999998,6.500000000000014,0.0,-0.09963768115942029,0.0
22501210,2025-12-12,1,0.6666666666666666,25,0.4,6,0,1.5600000000000023,116.48,118.04,,-0.29999999999999716,119.6,119.3,0.5,0.56,1,0.7272727272727273,23,0.8333333333333334,6,0,5.173913043478251,113.3913043478261,118.56521739130434,,3.799999999999997,114.8,118.6,0.7,0.782608695652174,2,0.0,0,3.6139130434782487,-3.088695652173911,0.5252173913043379,,0.19999999999999996,4.099999999999994,0.0,0.2226086956521739,1.0
22501211,2025-12-12,1,0.09090909090909091,24,0.38461538461538464,4,0,-7.583333333333329,118.83333333333333,111.25,,2.0999999999999943,112.4,114.5,0.5,0.25,2,0.6666666666666666,23,0.5,5,1,0.7826086956521721,116.1304347826087,116.91304347826087,,-1.6000000000000085,116.4,114.8,0.5,0.5652173913043478,0,1.0,0,8.3659420289855,-2.702898550724626,5.6630434782608745,,0.0,-3.700000000000003,1.0,0.3152173913043478,-2.0
22501212,2025-12-12,0,0.5,25,0.6,6,1,3.1599999999999966,115.4,118.56,,0.7999999999999972,114.2,115.0,0.4,0.56,0,0.08333333333333333,22,0.2,6,3,-15.863636363636374,128.27272727272728,112.4090909090909,,-15.5,126.6,111.1,0.2,0.13636363636363635,0,2.0,0,-19.02363636363637,12.872727272727275,-6.150909090909096,,-0.2,-16.299999999999997,0.0,-0.4236363636363637,0.0
22501213,2025-12-12,0,0.2,23,0.46153846153846156,5,2,-8.217391304347828,125.82608695652173,117.6086956521739,,-12.699999999999989,128.6,115.9,0.3,0.34782608695652173,0,0.4166666666666667,24,0.5,5,0,-1.7083333333333428,115.29166666666667,113.58333333333333,,7.0,109.0,116.0,0.7,0.4583333333333333,2,-2.0,0,6.509057971014485,-10.534420289855063,-4.025362318840578,,0.39999999999999997,19.69999999999999,0.0,0.11050724637681159,2.0
22501214,2025-12-12,1,0.36363636363636365,23,0.16666666666666666,6,0,-7.782608695652172,117.21739130434783,109.43478260869566,,-3.0,111.1,108.1,0.4,0.2608695652173913,1,0.3333333333333333,24,0.4,6,0,-3.9583333333333286,115.875,111.91666666666667,,-0.29999999999999716,114.5,114.2,0.5,0.375,1,0.0,0,3.8242753623188435,-1.342391304347828,2.4818840579710155,,0.09999999999999998,2.700000000000003,0.0,0.1141304347826087,0.0
22501215,2025-12-12,0,0.5833333333333334,24,0.6666666666666666,4,1,4.875,114.75,119.625,,3.0,115.2,118.2,0.6,0.625,0,0.4,25,0.7,5,0,1.7600000000000051,111.72,113.48,,1.9000000000000057,108.3,110.2,0.4,0.52,2,-1.0,0,-3.114999999999995,-3.030000000000001,-6.144999999999996,,-0.19999999999999996,-1.0999999999999943,1.0,-0.10499999999999998,2.0
22501216,2025-12-14,0,0.08333333333333333,23,0.18181818181818182,2,4,-15.34782608695653,128.34782608695653,113.0,,-13.600000000000009,126.7,113.1,0.2,0.13043478260869565,0,0.08333333333333333,25,0.38461538461538464,2,1,-7.680000000000007,118.68,111.0,,0.20000000000000284,112.1,112.3,0.4,0.24,0,-3.0,0,7.667826086956524,-9.667826086956524,-2.0,,0.2,13.800000000000011,0.0,0.10956521739130434,0.0
22501217,2025-12-14,1,0.6666666666666666,24,0.5333333333333333,2,0,1.1666666666666572,115.66666666666667,116.83333333333333,,0.29999999999999716,114.8,115.1,0.6,0.5833333333333334,1,0.625,26,0.4,2,1,0.4615384615384528,117.46153846153847,117.92307692307692,,-2.0999999999999943,120.3,118.2,0.5,0.5384615384615384,0,1.0,0,-0.7051282051282044,1.7948717948717956,1.0897435897435912,,-0.09999999999999998,-2.3999999999999915,0.0,-0.044871794871794934,-1.0
22501218,2025-12-14,0,0.16666666666666666,25,0.38461538461538464,2,2,-4.039999999999992,118.72,114.68,,-4.700000000000003,116.5,111.8,0.3,0.28,0,0.5454545454545454,26,0.6,2,0,3.1923076923076934,115.8076923076923,119.0,,2.1999999999999886,115.4,117.6,0.5,0.5769230769230769,1,-2.0,0,7.232307692307685,-2.9123076923076923,4.319999999999993,,0.2,6.8999999999999915,0.0,0.29692307692307685,1.0
22501219,2025-12-14,1,0.2727272727272727,26,0.5333333333333333,3,0,-2.1923076923076934,117.3076923076923,115.11538461538461,,-3.0999999999999943,114.6,111.5,0.3,0.4230769230769231,1,0.3333333333333333,24,0.16666666666666666,2,1,-7.791666666666671,117.29166666666667,109.5,,-2.4000000000000057,111.7,109.3,0.4,0.25,0,1.0,0,-5.599358974358978,-0.016025641025635196,-5.615384615384613,,0.10000000000000003,0.6999999999999886,-1.0,-0.17307692307692307,-1.0
22501220,2025-12-14,1,0.21428571428571427,25,0.2727272727272727,3,2,-11.439999999999998,122.6,111.16,,-11.199999999999989,121.1,109.9,0.3,0.24,0,0.6153846153846154,25,0.6666666666666666,2,0,4.960000000000008,114.96,119.92,,2.6000000000000085,116.3,118.9,0.6,0.64,1,-2.0,0,16.400000000000006,-7.640000000000001,8.760000000000005,,0.3,13.799999999999997,-1.0,0.4,1.0
22501221,2025-12-14,1,0.4,26,0.6363636363636364,2,1,1.4230769230769198,112.3076923076923,113.73076923076923,,2.0,108.9,110.9,0.4,0.5,0,0.375,25,0.3333333333333333,3,3,-4.039999999999992,121.52,117.48,,-7.5,120.1,112.6,0.3,0.36,0,2.0,0,-5.463076923076912,9.21230769230769,3.7492307692307776,,-0.10000000000000003,-9.5,1.0,-0.14,0.0
22501223,2025-12-14,0,0.09090909090909091,26,0.2,3,0,-9.34615384615384,123.53846153846153,114.1923076923077,,-4.299999999999997,126.3,122.0,0.2,0.15384615384615385,1,0.3076923076923077,24,0.5454545454545454,2,0,-4.916666666666657,122.70833333333333,117.79166666666667,,-11.600000000000009,123.9,112.3,0.2,0.4166666666666667,1,0.0,0,4.429487179487182,-0.8301282051282044,3.599358974358978,,0.0,-7.300000000000011,-1.0,0.26282051282051283,0.0
22501228,2025-12-14,0,0.7692307692307693,24,0.6363636363636364,4,1,1.5416666666666572,116.79166666666667,118.33333333333333,,1.1000000000000085,120.1,121.2,0.7,0.7083333333333334,0,0.46153846153846156,25,0.6666666666666666,4,1,0.35999999999999943,114.44,114.8,,-7.0,115.0,108.0,0.5,0.56,0,0.0,0,-1.1816666666666578,-2.3516666666666737,-3.5333333333333314,,-0.19999999999999996,-8.100000000000009,0.0,-0.14833333333333332,0.0
22501222,2025-12-15,0,0.7272727272727273,24,0.8461538461538461,3,0,6.083333333333343,113.45833333333333,119.54166666666667,,5.700000000000003,115.1,120.8,0.7,0.7916666666666666,3,0.5384615384615384,25,0.6666666666666666,4,1,5.799999999999997,110.8,116.6,,6.700000000000003,114.2,120.9,0.7,0.6,0,1.0,0,-0.28333333333334565,-2.6583333333333314,-2.941666666666677,,0.0,1.0,1.0,-0.19166666666666665,-3.0
22501224,2025-12-15,1,0.3333333333333333,25,0.4375,3,0,-3.480000000000004,115.68,112.2,,0.7000000000000028,114.3,115.0,0.6,0.4,2,0.2727272727272727,24,0.46153846153846156,3,0,-7.708333333333329,125.83333333333333,118.125,,-10.900000000000006,127.2,116.3,0.4,0.375,1,0.0,0,-4.228333333333325,10.153333333333322,5.924999999999997,,-0.19999999999999996,-11.600000000000009,0.0,-0.025000000000000022,-1.0
22501225,2025-12-15,1,0.6666666666666666,22,0.8,4,0,10.227272727272734,110.4090909090909,120.63636363636364,,8.700000000000003,107.0,115.7,0.7,0.7272727272727273,1,0.8571428571428571,24,0.6,4,0,9.625,115.875,125.5,,6.900000000000006,119.8,126.7,0.7,0.75,4,0.0,0,-0.6022727272727337,5.4659090909090935,4.86363636363636,,0.0,-1.7999999999999972,0.0,0.022727272727272707,3.0
22501226,2025-12-15,0,0.4166666666666667,25,0.46153846153846156,3,1,-1.7999999999999972,115.88,114.08,,7.599999999999994,110.9,118.5,0.7,0.44,0,0.2,25,0.3,4,3,-5.040000000000006,116.68,111.64,,-3.4000000000000057,116.0,112.6,0.2,0.24,0,2.0,0,-3.240000000000009,0.8000000000000114,-2.4399999999999977,,-0.49999999999999994,-11.0,1.0,-0.2,0.0
22501227,2025-12-15,0,0.5833333333333334,26,0.5714285714285714,6,4,1.8846153846153868,113.88461538461539,115.76923076923077,,-5.5,112.7,107.2,0.4,0.5769230769230769,0,0.3333333333333333,25,0.7692307692307693,6,4,3.519999999999996,118.2,121.72,,3.1000000000000085,115.8,118.9,0.5,0.56,0,0.0,0,1.6353846153846092,4.315384615384616,5.950769230769225,,0.09999999999999998,8.600000000000009,0.0,-0.01692307692307682,0.0
22500367,2025-12-17,1,0.5454545454545454,27,0.5625,3,1,2.7777777777777857,115.92592592592592,118.70370370370371,,0.29999999999999716,116.4,116.7,0.4,0.5555555555555556,0,0.3076923076923077,25,0.5,3,1,-5.1200000000000045,122.36,117.24,,-9.0,121.0,112.0,0.2,0.4,0,0.0,0,-7.89777777777779,6.434074074074076,-1.4637037037037146,,-0.2,-9.299999999999997,0.0,-0.15555555555555556,0.0
22500368,2025-12-17,0,0.46153846153846156,26,0.46153846153846156,2,0,-1.0384615384615472,115.38461538461539,114.34615384615384,,5.300000000000011,111.6,116.9,0.7,0.46153846153846156,1,0.6153846153846154,26,0.6923076923076923,3,0,5.307692307692307,114.5,119.8076923076923,,4.099999999999994,115.2,119.3,0.7,0.6538461538461539,2,0.0,0,6.346153846153854,-0.8846153846153868,5.461538461538467,,0.0,-1.200000000000017,1.0,0.1923076923076923,1.0
22500369,2025-12-18,1,0.2,26,0.2727272727272727,3,4,-5.538461538461533,116.84615384615384,111.3076923076923,,-6.700000000000003,116.5,109.8,0.1,0.23076923076923078,0,0.9230769230769231,25,1.0,8,0,17.480000000000004,106.16,123.64,,20.5,105.8,126.3,1.0,0.96,16,-4.0,0,23.018461538461537,-10.686153846153843,12.332307692307694,,0.9,27.200000000000003,5.0,0.7292307692307691,16.0
22500370,2025-12-18,1,0.15384615384615385,24,0.18181818181818182,4,0,-13.916666666666657,126.70833333333333,112.79166666666667,,-10.599999999999994,123.6,113.0,0.3,0.16666666666666666,1,0.6153846153846154,24,0.8181818181818182,8,0,4.666666666666657,115.41666666666667,120.08333333333333,,1.5,121.2,122.7,0.7,0.7083333333333334,2,0.0,0,18.583333333333314,-11.291666666666657,7.291666666666657,,0.39999999999999997,12.099999999999994,4.0,0.5416666666666667,1.0
22500371,2025-12-18,1,0.625,27,0.45454545454545453,4,0,0.5555555555555571,117.44444444444444,118.0,,-3.5,122.2,118.7,0.5,0.5555555555555556,1,0.23076923076923078,26,0.38461538461538464,4,0,-3.57692307692308,118.42307692307692,114.84615384615384,,-2.4000000000000057,114.5,112.1,0.4,0.3076923076923077,1,0.0,0,-4.132478632478637,0.9786324786324769,-3.1538461538461604,,-0.09999999999999998,1.0999999999999943,0.0,-0.24786324786324787,0.0
22500372,2025-12-18,0,0.4,24,0.9285714285714286,9,0,8.625,111.91666666666667,120.54166666666667,,12.5,107.7,120.2,0.8,0.7083333333333334,4,0.08333333333333333,26,0.35714285714285715,4,2,-8.115384615384613,118.26923076923077,110.15384615384616,,-0.6000000000000085,110.9,110.3,0.4,0.23076923076923078,0,2.0,0,-16.740384615384613,6.352564102564102,-10.387820512820511,,-0.4,-13.100000000000009,-5.0,-0.4775641025641026,-4.0
22500373,2025-12-18,0,0.3333333333333333,26,0.7142857142857143,3,5,3.0,117.73076923076923,120.73076923076923,,-1.5,115.7,114.2,0.4,0.5384615384615384,0,0.3333333333333333,25,0.23076923076923078,4,0,-5.679999999999993,115.88,110.2,,1.2999999999999972,109.4,110.7,0.4,0.28,1,-5.0,0,-8.679999999999993,-1.850769230769231,-10.530769230769224,,0.0,2.799999999999997,1.0,-0.2584615384615384,1.0
22500374,2025-12-18,0,0.6153846153846154,27,0.5714285714285714,3,0,2.1851851851851762,113.22222222222223,115.4074074074074,,-5.5,111.4,105.9,0.4,0.5925925925925926,1,0.25,27,0.5333333333333333,4,1,-3.7777777777777857,117.66666666666667,113.88888888888889,,-6.300000000000011,114.4,108.1,0.3,0.4074074074074074,0,1.0,0,-5.962962962962962,4.444444444444443,-1.518518518518519,,-0.10000000000000003,-0.8000000000000114,1.0,-0.18518518518518517,-1.0
22500375,2025-12-18,1,0.6153846153846154,23,0.8,3,1,9.65217391304347,111.17391304347827,120.82608695652173,,7.3999999999999915,109.4,116.8,0.6,0.6956521739130435,0,0.16666666666666666,27,0.2,4,0,-8.629629629629619,122.81481481481481,114.18518518518519,,-1.6000000000000085,125.2,123.6,0.3,0.18518518518518517,2,-1.0,0,-18.28180354267309,11.640901771336544,-6.640901771336544,,-0.3,-9.0,1.0,-0.5104669887278583,2.0
22500376,2025-12-18,1,0.75,25,0.8461538461538461,3,0,6.11999999999999,113.12,119.24,,5.099999999999994,114.0,119.1,0.7,0.8,4,0.3,26,0.4375,3,1,-3.615384615384613,116.61538461538461,113.0,,-0.29999999999999716,116.8,116.5,0.5,0.38461538461538464,0,1.0,0,-9.735384615384604,3.4953846153846087,-6.239999999999995,,-0.19999999999999996,-5.3999999999999915,0.0,-0.4153846153846154,-4.0
22500377,2025-12-18,1,0.45454545454545453,25,0.7142857142857143,9,0,4.439999999999998,113.36,117.8,,8.200000000000003,112.5,120.7,0.7,0.6,1,0.8571428571428571,25,0.6363636363636364,3,0,9.36,116.24,125.6,,6.900000000000006,121.4,128.3,0.7,0.76,5,0.0,0,4.920000000000002,2.8799999999999955,7.799999999999997,,0.0,-1.2999999999999972,-6.0,0.16000000000000003,4.0
22500378,2025-12-18,1,0.375,27,0.6363636363636364,4,2,1.1851851851851762,113.18518518518519,114.37037037037037,,2.9000000000000057,111.5,114.4,0.4,0.48148148148148145,0,0.46153846153846156,26,0.6153846153846154,4,2,0.2692307692307736,114.5,114.76923076923077,,-7.299999999999997,115.3,108.0,0.4,0.5384615384615384,0,0.0,0,-0.9159544159544026,1.3148148148148096,0.3988603988604069,,0.0,-10.200000000000003,0.0,0.05698005698005698,0.0
22500379,2025-12-18,0,0.7857142857142857,25,0.6363636363636364,4,0,1.559999999999988,116.68,118.24,,-0.10000000000000853,118.9,118.8,0.7,0.72,1,0.2727272727272727,25,0.5,3,0,-7.1200000000000045,126.12,119.0,,-7.0,126.1,119.1,0.5,0.4,2,0.0,0,-8.679999999999993,9.439999999999998,0.7600000000000051,,-0.19999999999999996,-6.8999999999999915,-1.0,-0.31999999999999995,1.0
22500380,2025-12-18,1,0.2,26,0.2727272727272727,4,3,-11.538461538461547,122.38461538461539,110.84615384615384,,-8.5,119.1,110.6,0.3,0.23076923076923078,0,0.375,26,0.4,4,0,-3.6923076923076934,121.88461538461539,118.1923076923077,,-7.400000000000006,120.9,113.5,0.3,0.38461538461538464,1,-3.0,0,7.846153846153854,-0.5,7.346153846153854,,0.0,1.0999999999999943,0.0,0.15384615384615385,1.0
22500381,2025-12-19,1,0.38461538461538464,27,0.7142857142857143,1,0,3.2962962962963047,116.88888888888889,120.18518518518519,,-1.4000000000000057,113.5,112.1,0.4,0.5555555555555556,1,0.5384615384615384,26,0.6153846153846154,4,2,5.307692307692321,110.84615384615384,116.15384615384616,,6.800000000000011,114.1,120.9,0.7,0.5769230769230769,0,2.0,0,2.011396011396016,-6.042735042735046,-4.03133903133903,,0.29999999999999993,8.200000000000017,3.0,0.02136752136752129,-1.0
22500382,2025-12-19,0,0.6,25,0.5333333333333333,5,1,1.0,115.84,116.84,,-0.9000000000000057,115.4,114.5,0.5,0.56,0,0.45454545454545453,25,0.9285714285714286,1,0,8.320000000000007,111.96,120.28,,13.799999999999997,105.7,119.5,0.9,0.72,5,-1.0,0,7.320000000000007,-3.8800000000000097,3.4399999999999977,,0.4,14.700000000000003,-4.0,0.15999999999999992,5.0
22500383,2025-12-19,0,0.6153846153846154,25,0.8333333333333334,1,0,5.480000000000004,114.56,120.04,,3.0999999999999943,118.0,121.1,0.7,0.72,3,0.5882352941176471,28,0.45454545454545453,1,1,0.2857142857142918,118.0,118.28571428571429,,-4.5,124.5,120.0,0.4,0.5357142857142857,0,1.0,0,-5.194285714285712,3.4399999999999977,-1.7542857142857144,,-0.29999999999999993,-7.599999999999994,0.0,-0.18428571428571427,-3.0
22500384,2025-12-19,0,0.3076923076923077,26,0.5384615384615384,2,0,-4.307692307692307,121.92307692307692,117.61538461538461,,-7.5,120.1,112.6,0.2,0.4230769230769231,1,0.5,28,0.5625,2,2,2.107142857142861,116.32142857142857,118.42857142857143,,-2.799999999999997,118.6,115.8,0.3,0.5357142857142857,0,2.0,0,6.414835164835168,-5.60164835164835,0.8131868131868174,,0.09999999999999998,4.700000000000003,0.0,0.11263736263736263,-1.0
22500385,2025-12-19,1,0.9230769230769231,26,1.0,1,0,17.615384615384613,105.96153846153847,123.57692307692308,,21.200000000000003,106.0,127.2,1.0,0.9615384615384616,17,0.6153846153846154,27,0.6428571428571429,2,1,4.888888888888886,114.55555555555556,119.44444444444444,,4.0,115.1,119.1,0.7,0.6296296296296297,0,1.0,0,-12.726495726495727,8.59401709401709,-4.132478632478637,,-0.30000000000000004,-17.200000000000003,1.0,-0.3319088319088319,-17.0
22500386,2025-12-20,0,0.5714285714285714,24,0.8,2,2,9.041666666666671,112.08333333333333,121.125,,7.200000000000003,111.5,118.7,0.6,0.6666666666666666,0,0.8571428571428571,26,0.6666666666666666,2,0,9.42307692307692,116.1923076923077,125.61538461538461,,8.5,120.1,128.6,0.8,0.7692307692307693,6,-2.0,0,0.3814102564102484,4.108974358974365,4.490384615384613,,0.20000000000000007,1.2999999999999972,0.0,0.10256410256410264,6.0
22500387,2025-12-20,1,0.3,27,0.47058823529411764,2,0,-3.4074074074074048,116.51851851851852,113.11111111111111,,0.5,118.0,118.5,0.6,0.4074074074074074,1,0.6363636363636364,26,0.5333333333333333,1,0,1.3076923076923066,115.5,116.8076923076923,,1.0,113.4,114.4,0.6,0.5769230769230769,1,0.0,0,4.715099715099711,-1.018518518518519,3.6965811965811923,,0.0,0.5,-1.0,0.1695156695156695,0.0
22500388,2025-12-20,0,0.5384615384615384,27,0.6428571428571429,1,0,5.592592592592595,111.03703703703704,116.62962962962963,,7.200000000000003,112.8,120.0,0.7,0.5925925925925926,1,0.6428571428571429,28,0.5714285714285714,2,0,2.3214285714285694,112.92857142857143,115.25,,-6.0,112.0,106.0,0.4,0.6071428571428571,2,0.0,0,-3.271164021164026,1.8915343915343925,-1.3796296296296333,,-0.29999999999999993,-13.200000000000003,1.0,0.014550264550264536,1.0
22500389,2025-12-20,1,0.08333333333333333,27,0.3333333333333333,2,3,-7.851851851851862,118.11111111111111,110.25925925925925,,-0.19999999999998863,110.1,109.9,0.4,0.2222222222222222,0,0.16666666666666666,28,0.25,2,0,-8.142857142857139,123.0,114.85714285714286,,-2.4000000000000057,125.0,122.6,0.3,0.21428571428571427,3,-3.0,0,-0.29100529100527694,4.888888888888886,4.597883597883609,,-0.10000000000000003,-2.200000000000017,0.0,-0.007936507936507936,3.0
22500390,2025-12-20,1,0.23076923076923078,27,0.42857142857142855,2,0,-3.1851851851851904,118.70370370370371,115.51851851851852,,-1.3999999999999915,115.8,114.4,0.5,0.3333333333333333,2,0.6923076923076923,26,0.8461538461538461,2,1,5.807692307692307,113.23076923076923,119.03846153846153,,4.3999999999999915,113.9,118.3,0.6,0.7692307692307693,0,1.0,0,8.992877492877497,-5.472934472934483,3.519943019943014,,0.09999999999999998,5.799999999999983,0.0,0.43589743589743596,-2.0
22500391,2025-12-20,0,0.14285714285714285,25,0.18181818181818182,2,1,-14.36,126.4,112.04,,-10.099999999999994,121.5,111.4,0.3,0.16,0,0.5,27,0.46153846153846156,3,0,-0.7777777777777857,115.18518518518519,114.4074074074074,,5.299999999999997,113.0,118.3,0.7,0.48148148148148145,2,-1.0,0,13.582222222222214,-11.214814814814815,2.3674074074073985,,0.39999999999999997,15.399999999999991,1.0,0.3214814814814815,2.0
22500392,2025-12-20,1,0.46153846153846156,27,0.6428571428571429,2,0,0.2962962962963047,113.88888888888889,114.18518518518519,,-8.100000000000009,114.9,106.8,0.4,0.5555555555555556,1,0.35294117647058826,28,0.6363636363636364,2,3,1.1071428571428612,112.67857142857143,113.78571428571429,,3.200000000000003,108.7,111.9,0.4,0.4642857142857143,0,3.0,0,0.8108465608465565,-1.2103174603174551,-0.39947089947089864,,0.0,11.300000000000011,0.0,-0.09126984126984128,-1.0
22500393,2025-12-20,0,0.4166666666666667,26,0.7142857142857143,2,1,3.846153846153854,113.84615384615384,117.6923076923077,,4.299999999999997,115.0,119.3,0.6,0.5769230769230769,0,0.2727272727272727,26,0.4666666666666667,2,1,-7.15384615384616,126.76923076923077,119.61538461538461,,-7.599999999999994,129.6,122.0,0.5,0.38461538461538464,0,0.0,0,-11.000000000000014,12.923076923076934,1.9230769230769198,,-0.09999999999999998,-11.899999999999991,0.0,-0.19230769230769224,0.0
22500394,2025-12-20,0,0.375,27,0.45454545454545453,2,0,-3.518518518518519,122.29629629629629,118.77777777777777,,-4.599999999999994,122.0,117.4,0.4,0.4074074074074074,2,0.1875,27,0.2727272727272727,2,4,-11.148148148148138,122.81481481481481,111.66666666666667,,-9.100000000000009,120.2,111.1,0.2,0.2222222222222222,0,4.0,0,-7.629629629629619,0.518518518518519,-7.1111111111111,,-0.2,-4.500000000000014,0.0,-0.18518518518518517,-2.0
22500395,2025-12-20,1,0.8,26,0.6363636363636364,2,0,1.8076923076923066,117.38461538461539,119.1923076923077,,0.5,121.8,122.3,0.7,0.7307692307692307,2,0.1875,27,0.2727272727272727,2,5,-6.111111111111114,117.03703703703704,110.92592592592592,,-7.299999999999997,116.7,109.4,0.1,0.2222222222222222,0,5.0,0,-7.918803418803421,-0.3475783475783487,-8.26638176638177,,-0.6,-7.799999999999997,0.0,-0.5085470085470085,-2.0
22500396,2025-12-21,0,0.35714285714285715,27,0.5384615384615384,2,0,-3.7407407407407476,122.03703703703704,118.29629629629629,,-5.099999999999994,118.3,113.2,0.3,0.4444444444444444,2,0.5882352941176471,29,0.4166666666666667,2,2,-0.6896551724137936,118.27586206896552,117.58620689655173,,-5.400000000000006,123.9,118.5,0.4,0.5172413793103449,0,2.0,0,3.051085568326954,-3.761174968071515,-0.710089399744561,,0.10000000000000003,-0.30000000000001137,0.0,0.07279693486590044,-2.0
22500397,2025-12-21,1,0.6428571428571429,29,0.5333333333333333,1,1,1.6896551724137936,112.89655172413794,114.58620689655173,,-7.799999999999997,113.7,105.9,0.3,0.5862068965517241,0,0.3333333333333333,26,0.21428571428571427,3,1,-5.884615384615387,115.5,109.61538461538461,,1.2000000000000028,108.1,109.3,0.4,0.2692307692307692,0,0.0,0,-7.57427055702918,2.603448275862064,-4.970822281167116,,0.10000000000000003,9.0,2.0,-0.31697612732095487,0.0
22500398,2025-12-21,1,0.35714285714285715,28,0.7142857142857143,2,1,2.7142857142857224,117.32142857142857,120.03571428571429,,-3.1000000000000085,116.2,113.1,0.3,0.5357142857142857,0,0.45454545454545453,26,0.8666666666666667,2,1,7.65384615384616,112.11538461538461,119.76923076923077,,11.600000000000009,107.3,118.9,0.8,0.6923076923076923,0,0.0,0,4.939560439560438,-5.206043956043956,-0.2664835164835182,,0.5,14.700000000000017,0.0,0.1565934065934066,0.0
22500399,2025-12-21,0,0.6428571428571429,26,0.8333333333333334,2,0,6.346153846153854,113.92307692307692,120.26923076923077,,6.799999999999997,116.7,123.5,0.8,0.7307692307692307,4,0.2,26,0.18181818181818182,1,0,-13.5,126.23076923076923,112.73076923076923,,-9.199999999999989,121.6,112.4,0.4,0.19230769230769232,1,0.0,0,-19.846153846153854,12.307692307692307,-7.538461538461547,,-0.4,-15.999999999999986,-1.0,-0.5384615384615384,-3.0
22500400,2025-12-21,1,0.25,28,0.5,3,2,-3.857142857142861,117.42857142857143,113.57142857142857,,-5.700000000000003,114.0,108.3,0.3,0.39285714285714285,0,0.6153846153846154,28,0.6666666666666666,2,0,4.892857142857139,114.28571428571429,119.17857142857143,,5.299999999999997,114.5,119.8,0.8,0.6428571428571429,1,-2.0,0,8.75,-3.142857142857139,5.607142857142861,,0.5,11.0,-1.0,0.25000000000000006,1.0
22500401,2025-12-21,1,0.6,25,0.8,1,0,9.239999999999995,111.64,120.88,,6.3999999999999915,112.4,118.8,0.6,0.68,1,0.1875,28,0.25,1,5,-10.92857142857143,121.92857142857143,111.0,,-10.099999999999994,118.8,108.7,0.1,0.21428571428571427,0,5.0,0,-20.168571428571425,10.28857142857143,-9.879999999999995,,-0.5,-16.499999999999986,0.0,-0.46571428571428575,-1.0
22500402,2025-12-22,1,0.21428571428571427,28,0.42857142857142855,2,1,-4.0,118.46428571428571,114.46428571428571,,-1.1999999999999886,114.1,112.9,0.5,0.32142857142857145,0,0.5,29,0.5294117647058824,3,3,1.6551724137931103,117.0,118.65517241379311,,-2.799999999999997,121.2,118.4,0.3,0.5172413793103449,0,2.0,0,5.65517241379311,-1.4642857142857082,4.190886699507402,,-0.2,-1.6000000000000085,1.0,0.1958128078817734,0.0
22500403,2025-12-22,1,0.07692307692307693,28,0.3333333333333333,2,4,-8.25,118.46428571428571,110.21428571428571,,-1.9000000000000057,113.2,111.3,0.4,0.21428571428571427,0,0.5714285714285714,28,0.6428571428571429,2,0,5.964285714285708,110.5,116.46428571428571,,8.5,111.0,119.5,0.7,0.6071428571428571,2,-4.0,0,14.214285714285708,-7.964285714285708,6.25,,0.29999999999999993,10.400000000000006,0.0,0.3928571428571428,2.0
22500404,2025-12-22,1,0.2727272727272727,28,0.47058823529411764,2,1,-3.535714285714292,116.67857142857143,113.14285714285714,,0.20000000000000284,119.5,119.7,0.6,0.39285714285714285,0,0.16666666666666666,29,0.29411764705882354,2,0,-7.206896551724142,122.51724137931035,115.3103448275862,,0.0,122.6,122.6,0.4,0.2413793103448276,4,-1.0,0,-3.6711822660098505,5.838669950738918,2.1674876847290676,,-0.19999999999999996,-0.20000000000000284,0.0,-0.15147783251231525,4.0
22500405,2025-12-22,1,0.2727272727272727,27,0.4375,2,2,-6.925925925925924,126.81481481481481,119.88888888888889,,-6.0,129.0,123.0,0.5,0.37037037037037035,0,0.8571428571428571,27,0.6153846153846154,2,1,8.555555555555557,116.14814814814815,124.70370370370371,,6.1000000000000085,120.1,126.2,0.7,0.7407407407407407,0,-1.0,0,15.481481481481481,-10.666666666666657,4.814814814814824,,0.19999999999999996,12.100000000000009,0.0,0.37037037037037035,0.0
22500406,2025-12-22,1,0.5,28,0.42857142857142855,2,1,-1.0357142857142776,115.71428571428571,114.67857142857143,,5.5,113.5,119.0,0.7,0.4642857142857143,0,0.8571428571428571,27,1.0,3,1,16.77777777777777,106.18518518518519,122.96296296296296,,17.5,106.0,123.5,0.9,0.9259259259259259,0,0.0,0,17.81349206349205,-9.529100529100518,8.284391534391531,,0.20000000000000007,12.0,1.0,0.46164021164021163,0.0
22500407,2025-12-22,1,0.46153846153846156,27,0.7142857142857143,2,0,3.7407407407407476,114.33333333333333,118.07407407407408,,3.200000000000003,115.6,118.8,0.6,0.5925925925925926,1,0.35294117647058826,29,0.6666666666666666,2,0,1.172413793103459,112.79310344827586,113.96551724137932,,1.8000000000000114,108.6,110.4,0.4,0.4827586206896552,1,0.0,0,-2.5683269476372885,-1.540229885057471,-4.1085568326947595,,-0.19999999999999996,-1.3999999999999915,0.0,-0.10983397190293737,0.0
22500408,2025-12-22,0,0.6923076923076923,27,0.8571428571428571,2,0,6.555555555555543,112.22222222222223,118.77777777777777,,7.299999999999997,110.8,118.1,0.7,0.7777777777777778,1,0.4117647058823529,28,0.45454545454545453,2,0,-3.214285714285708,121.25,118.03571428571429,,-5.299999999999997,121.0,115.7,0.4,0.42857142857142855,3,0.0,0,-9.769841269841251,9.027777777777771,-0.7420634920634797,,-0.29999999999999993,-12.599999999999994,0.0,-0.34920634920634924,2.0
22500409,2025-12-23,1,0.2,27,0.16666666666666666,2,1,-13.407407407407405,126.14814814814815,112.74074074074075,,-12.200000000000003,122.7,110.5,0.3,0.18518518518518517,0,0.2,29,0.42857142857142855,1,2,-4.103448275862064,119.17241379310344,115.06896551724138,,-2.6000000000000085,116.4,113.8,0.4,0.3103448275862069,0,1.0,0,9.30395913154534,-6.9757343550447075,2.328224776500633,,0.10000000000000003,9.599999999999994,-1.0,0.12515964240102173,0.0
22500410,2025-12-23,0,0.3333333333333333,27,0.26666666666666666,2,0,-5.111111111111114,114.22222222222223,109.11111111111111,,4.0,104.9,108.9,0.5,0.2962962962962963,1,0.6363636363636364,27,0.5625,3,0,1.518518518518519,115.44444444444444,116.96296296296296,,5.799999999999997,110.4,116.2,0.7,0.5925925925925926,2,0.0,0,6.629629629629633,1.2222222222222143,7.851851851851848,,0.19999999999999996,1.7999999999999972,1.0,0.2962962962962963,1.0
22500411,2025-12-23,0,0.4,28,0.5384615384615384,2,0,-3.535714285714292,123.03571428571429,119.5,,-4.200000000000003,121.0,116.8,0.4,0.4642857142857143,3,0.5882352941176471,30,0.38461538461538464,2,3,-0.7333333333333343,119.4,118.66666666666667,,-6.299999999999997,126.8,120.5,0.3,0.5,0,3.0,0,2.8023809523809575,-3.635714285714286,-0.8333333333333286,,-0.10000000000000003,-2.0999999999999943,0.0,0.0357142857142857,-3.0
22500412,2025-12-23,1,0.16666666666666666,30,0.3333333333333333,1,0,-6.766666666666666,122.2,115.43333333333334,,1.4000000000000057,123.5,124.9,0.5,0.26666666666666666,5,0.5,30,0.5555555555555556,1,0,1.8333333333333286,117.5,119.33333333333333,,-1.4000000000000057,121.4,120.0,0.4,0.5333333333333333,1,0.0,0,8.599999999999994,-4.700000000000003,3.8999999999999915,,-0.09999999999999998,-2.8000000000000114,0.0,0.26666666666666666,-4.0
22500413,2025-12-23,0,0.23076923076923078,29,0.5,2,3,-3.827586206896555,116.93103448275862,113.10344827586206,,-5.700000000000003,113.7,108.0,0.3,0.3793103448275862,0,0.07142857142857142,29,0.3333333333333333,1,5,-8.241379310344826,117.93103448275862,109.6896551724138,,-6.0,114.9,108.9,0.3,0.20689655172413793,0,2.0,0,-4.4137931034482705,1.0,-3.4137931034482705,,0.0,-0.29999999999999716,-1.0,-0.17241379310344826,0.0
22500414,2025-12-23,0,0.6,30,0.5333333333333333,2,2,1.13333333333334,112.33333333333333,113.46666666666667,,-8.599999999999994,111.5,102.9,0.3,0.5666666666666667,0,0.3333333333333333,29,0.7142857142857143,2,2,2.379310344827587,117.82758620689656,120.20689655172414,,-4.099999999999994,119.1,115.0,0.2,0.5172413793103449,0,0.0,0,1.2459770114942472,5.494252873563227,6.740229885057474,,-0.09999999999999998,4.5,0.0,-0.04942528735632179,0.0
22500415,2025-12-23,1,0.8571428571428571,28,0.6428571428571429,1,0,9.07142857142857,116.0,125.07142857142857,,8.699999999999989,117.4,126.1,0.8,0.75,1,0.25,29,0.47058823529411764,1,2,-3.620689655172413,116.75862068965517,113.13793103448276,,0.5999999999999943,118.5,119.1,0.6,0.3793103448275862,0,2.0,0,-12.692118226600982,0.7586206896551744,-11.933497536945808,,-0.20000000000000007,-8.099999999999994,0.0,-0.3706896551724138,-1.0
22500416,2025-12-23,1,0.45454545454545453,27,0.875,2,0,7.629629629629633,112.5925925925926,120.22222222222223,,9.5,109.7,119.2,0.8,0.7037037037037037,1,0.6153846153846154,29,0.6875,2,0,4.827586206896555,113.79310344827586,118.62068965517241,,5.200000000000003,113.0,118.2,0.8,0.6551724137931034,2,0.0,0,-2.802043422733078,1.2005108556832624,-1.6015325670498157,,0.0,-4.299999999999997,0.0,-0.048531289910600295,1.0
22500417,2025-12-23,1,0.8571428571428571,28,1.0,1,0,16.75,106.07142857142857,122.82142857142857,,16.400000000000006,106.8,123.2,0.9,0.9285714285714286,1,0.6666666666666666,27,0.8333333333333334,2,0,6.518518518518519,113.88888888888889,120.4074074074074,,6.6000000000000085,117.8,124.4,0.8,0.7407407407407407,5,0.0,0,-10.231481481481481,7.817460317460316,-2.4140211640211646,,-0.09999999999999998,-9.799999999999997,1.0,-0.1878306878306879,4.0
22500418,2025-12-23,1,0.75,27,0.6363636363636364,3,1,1.1851851851851904,116.85185185185185,118.03703703703704,,-2.700000000000003,120.3,117.6,0.6,0.7037037037037037,0,0.42857142857142855,28,0.6428571428571429,3,1,0.1785714285714306,114.07142857142857,114.25,,-6.200000000000003,115.4,109.2,0.4,0.5357142857142857,0,0.0,0,-1.0066137566137598,-2.7804232804232782,-3.787037037037038,,-0.19999999999999996,-3.5,0.0,-0.16798941798941802,0.0
22500419,2025-12-23,0,0.4666666666666667,29,0.42857142857142855,1,2,-1.551724137931032,115.82758620689656,114.27586206896552,,3.4000000000000057,112.6,116.0,0.6,0.4482758620689655,0,0.25,28,0.4375,1,3,-7.5,127.10714285714286,119.60714285714286,,-9.199999999999989,130.6,121.4,0.4,0.35714285714285715,0,1.0,0,-5.948275862068968,11.279556650246306,5.331280788177338,,-0.19999999999999996,-12.599999999999994,0.0,-0.09113300492610837,0.0
22500420,2025-12-23,0,0.42857142857142855,28,0.7142857142857143,1,1,2.7857142857142776,114.53571428571429,117.32142857142857,,1.7999999999999972,113.8,115.6,0.6,0.5714285714285714,0,0.4117647058823529,29,0.4166666666666667,1,1,-3.379310344827587,120.86206896551724,117.48275862068965,,-4.799999999999997,120.5,115.7,0.4,0.41379310344827586,0,0.0,0,-6.165024630541865,6.326354679802947,0.16133004926108185,,-0.19999999999999996,-6.599999999999994,0.0,-0.15763546798029554,0.0
22500421,2025-12-23,0,0.7142857142857143,28,0.8571428571428571,1,0,6.607142857142847,111.85714285714286,118.46428571428571,,8.400000000000006,109.8,118.2,0.8,0.7857142857142857,2,0.1875,29,0.3076923076923077,2,0,-10.517241379310349,122.0,111.48275862068965,,-8.799999999999997,120.0,111.2,0.2,0.2413793103448276,1,0.0,0,-17.124384236453196,10.142857142857139,-6.981527093596057,,-0.6000000000000001,-17.200000000000003,1.0,-0.5443349753694581,-1.0
22500422,2025-12-23,1,0.5625,26,0.8,2,1,8.84615384615384,112.15384615384616,121.0,,5.8999999999999915,114.9,120.8,0.5,0.6538461538461539,0,0.1875,28,0.3333333333333333,3,0,-5.357142857142861,116.0,110.64285714285714,,-4.099999999999994,112.0,107.9,0.2,0.25,1,-1.0,0,-14.2032967032967,3.8461538461538396,-10.357142857142861,,-0.3,-9.999999999999986,1.0,-0.40384615384615385,1.0
22500009,2025-12-25,1,0.5,31,0.5789473684210527,2,0,2.516129032258064,117.51612903225806,120.03225806451613,,1.0999999999999943,121.5,122.6,0.5,0.5483870967741935,2,0.4166666666666667,28,0.875,2,1,6.964285714285708,112.67857142857143,119.64285714285714,,7.5,110.3,117.8,0.7,0.6785714285714286,0,1.0,0,4.448156682027644,-4.8375576036866335,-0.3894009216589893,,0.19999999999999996,6.400000000000006,0.0,0.1301843317972351,-2.0
22500010,2025-12-25,0,0.6666666666666666,28,0.8461538461538461,2,0,7.0,113.75,120.75,,8.299999999999997,115.2,123.5,0.8,0.75,6,0.8,29,1.0,2,1,15.482758620689651,106.89655172413794,122.37931034482759,,13.600000000000009,109.3,122.9,0.8,0.896551724137931,0,1.0,0,8.482758620689651,-6.853448275862064,1.6293103448275872,,0.0,5.300000000000011,0.0,0.14655172413793105,-6.0
22500011,2025-12-25,1,0.25,30,0.5,2,0,-3.4666666666666686,117.2,113.73333333333333,,0.29999999999999716,120.5,120.8,0.6,0.4,1,0.35294117647058826,30,0.6923076923076923,3,0,1.9000000000000057,112.26666666666667,114.16666666666667,,4.5,107.9,112.4,0.5,0.5,2,0.0,0,5.366666666666674,-4.933333333333337,0.4333333333333371,,-0.09999999999999998,4.200000000000003,1.0,0.09999999999999998,1.0
22500012,2025-12-25,0,0.5294117647058824,27,0.8,2,2,7.7777777777777715,112.74074074074075,120.51851851851852,,1.1000000000000085,117.6,118.7,0.4,0.6296296296296297,0,0.7058823529411765,28,0.6363636363636364,2,2,0.2857142857142918,117.39285714285714,117.67857142857143,,-6.099999999999994,121.6,115.5,0.5,0.6785714285714286,0,0.0,0,-7.49206349206348,4.652116402116391,-2.8399470899470884,,0.09999999999999998,-7.200000000000003,0.0,0.04894179894179895,0.0
22500013,2025-12-25,1,0.6153846153846154,30,0.7058823529411765,2,0,5.033333333333331,113.46666666666667,118.5,,5.0,112.2,117.2,0.8,0.6666666666666666,3,0.8,29,0.6428571428571429,2,1,8.724137931034477,116.51724137931035,125.24137931034483,,6.799999999999997,119.3,126.1,0.7,0.7241379310344828,0,1.0,0,3.6908045977011454,3.05057471264368,6.741379310344826,,-0.10000000000000009,1.7999999999999972,0.0,0.05747126436781613,-3.0
22500423,2025-12-26,0,0.3333333333333333,30,0.6666666666666666,3,3,1.5999999999999943,117.63333333333334,119.23333333333333,,-5.900000000000006,116.5,110.6,0.2,0.5,0,0.5882352941176471,31,0.35714285714285715,3,4,-0.8064516129032171,119.61290322580645,118.80645161290323,,-7.400000000000006,126.0,118.6,0.2,0.4838709677419355,0,1.0,0,-2.4064516129032114,1.9795698924731084,-0.426881720430103,,0.0,-1.5,0.0,-0.016129032258064502,0.0
22500424,2025-12-26,0,0.2,30,0.4666666666666667,3,0,-3.3999999999999915,118.83333333333333,115.43333333333334,,-1.6000000000000085,116.2,114.6,0.4,0.3333333333333333,1,0.4666666666666667,29,0.7142857142857143,3,0,2.827586206896555,114.24137931034483,117.06896551724138,,-1.8999999999999915,114.1,112.2,0.6,0.5862068965517241,1,0.0,0,6.227586206896547,-4.591954022988503,1.6356321839080437,,0.19999999999999996,-0.29999999999998295,0.0,0.2528735632183908,0.0
22500425,2025-12-26,1,0.625,31,0.5333333333333333,3,0,1.7741935483871032,111.64516129032258,113.41935483870968,,-4.299999999999997,109.0,104.7,0.4,0.5806451612903226,1,0.1875,28,0.16666666666666666,3,2,-13.535714285714278,126.14285714285714,112.60714285714286,,-10.600000000000009,123.4,112.8,0.3,0.17857142857142858,0,2.0,0,-15.30990783410138,14.497695852534562,-0.8122119815668185,,-0.10000000000000003,-6.300000000000011,0.0,-0.402073732718894,-1.0
22500426,2025-12-26,0,0.5714285714285714,29,0.6666666666666666,4,0,6.034482758620683,109.96551724137932,116.0,,9.700000000000003,108.6,118.3,0.8,0.6206896551724138,3,0.07142857142857142,30,0.3125,3,6,-8.533333333333331,117.7,109.16666666666667,,-7.900000000000006,115.9,108.0,0.2,0.2,0,6.0,0,-14.567816091954015,7.734482758620686,-6.833333333333329,,-0.6000000000000001,-17.60000000000001,-1.0,-0.4206896551724138,-3.0
22500427,2025-12-26,1,0.6363636363636364,28,0.5294117647058824,3,1,1.1785714285714306,115.39285714285714,116.57142857142857,,3.799999999999997,111.5,115.3,0.6,0.5714285714285714,0,0.4375,29,0.5384615384615384,3,0,-3.3103448275862064,123.03448275862068,119.72413793103448,,-3.700000000000003,123.0,119.3,0.5,0.4827586206896552,4,-1.0,0,-4.488916256157637,7.6416256157635445,3.1527093596059075,,-0.09999999999999998,-7.5,0.0,-0.0886699507389162,4.0
22500428,2025-12-26,1,0.2857142857142857,30,0.5,3,0,-3.13333333333334,116.16666666666667,113.03333333333333,,-3.0999999999999943,111.3,108.2,0.4,0.4,1,0.5,30,0.42857142857142855,3,0,-1.2000000000000028,116.23333333333333,115.03333333333333,,3.799999999999997,114.7,118.5,0.6,0.4666666666666667,1,0.0,0,1.9333333333333371,0.06666666666666288,2.0,,0.19999999999999996,6.8999999999999915,0.0,0.06666666666666665,0.0
22500429,2025-12-26,0,0.42857142857142855,29,0.6666666666666666,3,0,1.0,113.86206896551724,114.86206896551724,,-5.0,116.2,111.2,0.4,0.5517241379310345,1,0.15384615384615385,31,0.3333333333333333,3,1,-7.290322580645167,122.80645161290323,115.51612903225806,,0.29999999999999716,124.3,124.6,0.5,0.25806451612903225,0,1.0,0,-8.290322580645167,8.944382647385993,0.6540600667408256,,0.09999999999999998,5.299999999999997,0.0,-0.2936596218020022,-1.0
22500430,2025-12-26,1,0.7333333333333333,29,0.8571428571428571,3,0,6.689655172413794,112.37931034482759,119.06896551724138,,9.0,109.0,118.0,0.8,0.7931034482758621,3,0.25,29,0.4117647058823529,3,4,-7.551724137931032,127.44827586206897,119.89655172413794,,-7.300000000000011,131.4,124.1,0.4,0.3448275862068966,0,4.0,0,-14.241379310344826,15.06896551724138,0.8275862068965552,,-0.4,-16.30000000000001,0.0,-0.4482758620689655,-3.0
22500431,2025-12-26,0,0.1875,29,0.38461538461538464,3,0,-4.482758620689651,115.72413793103448,111.24137931034483,,-1.5999999999999943,111.6,110.0,0.3,0.27586206896551724,2,0.4117647058823529,30,0.38461538461538464,3,2,-3.4000000000000057,120.5,117.1,,-4.400000000000006,119.2,114.8,0.4,0.4,0,2.0,0,1.0827586206896456,4.775862068965523,5.858620689655169,,0.10000000000000003,-2.8000000000000114,0.0,0.12413793103448278,-2.0
22500432,2025-12-27,1,0.23076923076923078,31,0.5,2,1,-3.6774193548387046,117.48387096774194,113.80645161290323,,-1.7000000000000028,121.0,119.3,0.5,0.3870967741935484,0,0.1875,30,0.2857142857142857,4,1,-10.466666666666669,122.46666666666667,112.0,,-8.799999999999997,120.8,112.0,0.2,0.23333333333333334,0,0.0,0,-6.789247311827964,4.982795698924733,-1.8064516129032313,,-0.3,-7.099999999999994,2.0,-0.15376344086021504,0.0
22500433,2025-12-27,1,0.8,30,0.6666666666666666,2,0,8.566666666666663,117.23333333333333,125.8,,8.199999999999989,120.0,128.2,0.8,0.7333333333333333,1,0.4666666666666667,30,0.6666666666666666,1,1,2.2333333333333343,114.43333333333334,116.66666666666667,,-3.700000000000003,115.2,111.5,0.5,0.5666666666666667,0,1.0,0,-6.333333333333329,-2.799999999999997,-9.133333333333326,,-0.30000000000000004,-11.899999999999991,-1.0,-0.16666666666666663,-1.0
22500434,2025-12-27,0,0.4666666666666667,30,0.6666666666666666,1,0,1.1999999999999886,113.66666666666667,114.86666666666666,,-3.9000000000000057,114.7,110.8,0.5,0.5666666666666667,2,0.15384615384615385,32,0.3157894736842105,1,2,-7.28125,122.5625,115.28125,,0.29999999999999716,120.9,121.2,0.5,0.25,0,2.0,0,-8.481249999999989,8.895833333333329,0.41458333333333997,,0.0,4.200000000000003,0.0,-0.31666666666666665,-2.0
22500435,2025-12-27,0,0.4166666666666667,29,0.8823529411764706,2,0,6.793103448275858,113.06896551724138,119.86206896551724,,5.5,113.3,118.8,0.7,0.6896551724137931,1,0.5882352941176471,32,0.3333333333333333,1,5,-1.25,119.8125,118.5625,,-8.799999999999983,128.7,119.9,0.2,0.46875,0,5.0,0,-8.043103448275858,6.743534482758619,-1.2995689655172384,,-0.49999999999999994,-14.299999999999983,-1.0,-0.22090517241379315,-1.0
22500436,2025-12-27,1,0.07142857142857142,31,0.29411764705882354,1,7,-8.83870967741936,118.41935483870968,109.58064516129032,,-8.100000000000009,116.4,108.3,0.2,0.1935483870967742,0,0.375,31,0.6666666666666666,1,0,2.032258064516128,117.41935483870968,119.45161290322581,,-6.099999999999994,115.3,109.2,0.2,0.5161290322580645,1,-7.0,0,10.870967741935488,-1.0,9.870967741935488,,0.0,2.000000000000014,0.0,0.3225806451612903,1.0
22500437,2025-12-27,0,0.26666666666666666,31,0.5,1,1,-3.709677419354847,116.45161290322581,112.74193548387096,,-6.900000000000006,113.9,107.0,0.3,0.3870967741935484,0,0.4375,30,0.5714285714285714,1,0,-2.9666666666666686,122.33333333333333,119.36666666666666,,-2.5,120.7,118.2,0.6,0.5,5,-1.0,0,0.7430107526881784,5.881720430107521,6.624731182795699,,0.3,4.400000000000006,0.0,0.11290322580645162,5.0
22500438,2025-12-27,1,0.46153846153846156,32,0.5789473684210527,2,1,2.375,117.78125,120.15625,,-0.7000000000000028,122.2,121.5,0.4,0.53125,0,0.5555555555555556,28,0.8,2,0,8.32142857142857,112.14285714285714,120.46428571428571,,4.199999999999989,113.9,118.1,0.5,0.6428571428571429,1,-1.0,0,5.946428571428569,-5.638392857142861,0.3080357142857082,,0.09999999999999998,4.8999999999999915,0.0,0.1116071428571429,1.0
22500439,2025-12-27,0,0.38461538461538464,28,0.26666666666666666,4,0,-4.642857142857139,113.92857142857143,109.28571428571429,,6.0,104.0,110.0,0.6,0.32142857142857145,2,0.5714285714285714,31,0.7058823529411765,2,1,4.741935483870961,114.38709677419355,119.12903225806451,,3.8999999999999915,112.2,116.1,0.7,0.6451612903225806,0,1.0,0,9.3847926267281,0.458525345622121,9.84331797235022,,0.09999999999999998,-2.1000000000000085,-2.0,0.3237327188940092,-2.0
22500440,2025-12-27,0,0.25,30,0.4444444444444444,1,0,-7.233333333333334,127.5,120.26666666666667,,-7.900000000000006,131.8,123.9,0.4,0.36666666666666664,1,0.6875,29,0.8461538461538461,2,0,7.275862068965523,113.34482758620689,120.62068965517241,,11.099999999999994,112.9,124.0,0.9,0.7586206896551724,7,0.0,0,14.509195402298857,-14.15517241379311,0.3540229885057471,,0.5,19.0,1.0,0.39195402298850573,6.0
22500441,2025-12-28,1,0.35294117647058826,31,0.7142857142857143,3,0,2.1612903225806406,112.38709677419355,114.54838709677419,,4.699999999999989,109.9,114.6,0.5,0.5161290322580645,3,0.5882352941176471,32,0.5333333333333333,2,1,1.0625,112.46875,113.53125,,-6.700000000000003,111.0,104.3,0.3,0.5625,0,1.0,0,-1.0987903225806406,0.0816532258064484,-1.0171370967741922,,-0.2,-11.399999999999991,-1.0,0.0463709677419355,-3.0
22500442,2025-12-28,1,0.5833333333333334,29,0.5294117647058824,2,2,0.8965517241379359,115.17241379310344,116.06896551724138,,3.8999999999999915,108.2,112.1,0.6,0.5517241379310345,0,0.8,30,0.9333333333333333,3,2,14.466666666666669,107.23333333333333,121.7,,11.700000000000003,109.1,120.8,0.7,0.8666666666666667,0,0.0,0,13.570114942528733,-7.939080459770111,5.631034482758622,,0.09999999999999998,7.800000000000011,1.0,0.3149425287356322,0.0
22500443,2025-12-28,1,0.5,31,0.4666666666666667,2,0,-0.48387096774193594,115.83870967741936,115.35483870967742,,5.099999999999994,114.4,119.5,0.6,0.4838709677419355,2,0.1875,29,0.23076923076923078,2,0,-12.344827586206904,125.82758620689656,113.48275862068965,,-8.799999999999997,122.5,113.7,0.3,0.20689655172413793,1,0.0,0,-11.860956618464968,9.988876529477196,-1.8720800889877722,,-0.3,-13.899999999999991,0.0,-0.2769744160177976,-1.0
22500444,2025-12-28,1,0.6,30,0.6666666666666666,2,0,6.433333333333337,110.36666666666666,116.8,,11.299999999999997,109.3,120.6,0.8,0.6333333333333333,4,0.4117647058823529,31,0.35714285714285715,2,3,-3.8064516129032313,120.45161290322581,116.64516129032258,,-5.700000000000003,119.0,113.3,0.4,0.3870967741935484,0,3.0,0,-10.239784946236568,10.084946236559148,-0.15483870967742064,,-0.4,-17.0,0.0,-0.24623655913978493,-4.0
22500445,2025-12-28,1,0.6875,30,0.8571428571428571,2,1,6.400000000000006,113.0,119.4,,8.700000000000003,112.3,121.0,0.7,0.7666666666666667,0,0.23529411764705882,30,0.38461538461538464,2,0,-3.799999999999997,115.3,111.5,,0.4000000000000057,110.5,110.9,0.4,0.3,3,-1.0,0,-10.200000000000003,2.299999999999997,-7.900000000000006,,-0.29999999999999993,-8.299999999999997,0.0,-0.46666666666666673,3.0
22500446,2025-12-28,1,0.1875,31,0.3333333333333333,1,0,-9.935483870967744,121.96774193548387,112.03225806451613,,-7.400000000000006,120.0,112.6,0.3,0.25806451612903225,1,0.7058823529411765,29,0.5833333333333334,3,3,-0.5172413793103487,117.44827586206897,116.93103448275862,,-9.600000000000009,121.4,111.8,0.4,0.6551724137931034,0,3.0,0,9.418242491657395,-4.519466073414904,4.898776418242491,,0.10000000000000003,-2.200000000000003,2.0,0.3971078976640712,-1.0
22500447,2025-12-29,0,0.3125,32,0.5,2,0,-3.3125,116.03125,112.71875,,-5.700000000000003,111.3,105.6,0.4,0.40625,1,0.25,31,0.4666666666666667,3,0,-2.8064516129032313,118.38709677419355,115.58064516129032,,1.2000000000000028,115.1,116.3,0.5,0.3548387096774194,2,0.0,0,0.5060483870967687,2.3558467741935516,2.8618951612903203,,0.09999999999999998,6.900000000000006,1.0,-0.05141129032258063,1.0
22500448,2025-12-29,0,0.5,31,0.6666666666666666,2,0,1.4516129032258078,113.6774193548387,115.12903225806451,,-1.1999999999999886,113.1,111.9,0.6,0.5806451612903226,3,0.1875,30,0.2857142857142857,1,0,-11.799999999999997,125.36666666666666,113.56666666666666,,-6.5,121.6,115.1,0.4,0.23333333333333334,2,0.0,0,-13.251612903225805,11.689247311827955,-1.5623655913978496,,-0.19999999999999996,-5.300000000000011,-1.0,-0.3473118279569893,-1.0
22500449,2025-12-29,0,0.3333333333333333,32,0.7142857142857143,1,1,1.65625,113.28125,114.9375,,4.5,111.6,116.1,0.5,0.5,0,0.42857142857142855,29,0.26666666666666666,2,0,-3.931034482758619,113.6896551724138,109.75862068965517,,9.300000000000011,103.1,112.4,0.7,0.3448275862068966,3,-1.0,0,-5.587284482758619,0.4084051724137936,-5.178879310344826,,0.19999999999999996,4.800000000000011,1.0,-0.15517241379310343,3.0
22500450,2025-12-29,1,0.75,31,0.6666666666666666,2,1,8.25806451612904,117.54838709677419,125.80645161290323,,6.599999999999994,120.7,127.3,0.7,0.7096774193548387,0,0.375,32,0.6875,2,0,2.78125,117.375,120.15625,,-2.5,115.1,112.6,0.3,0.53125,2,-1.0,0,-5.476814516129039,-0.17338709677419217,-5.650201612903231,,-0.39999999999999997,-9.099999999999994,0.0,-0.17842741935483875,2.0
22500451,2025-12-29,1,0.4666666666666667,31,0.6875,2,0,2.1935483870967687,114.80645161290323,117.0,,-4.099999999999994,115.8,111.7,0.5,0.5806451612903226,1,0.5882352941176471,33,0.5625,1,0,1.4545454545454533,112.9090909090909,114.36363636363636,,-5.0,111.4,106.4,0.4,0.5757575757575758,1,0.0,0,-0.7390029325513154,-1.8973607038123248,-2.6363636363636402,,-0.09999999999999998,-0.9000000000000057,-1.0,-0.004887585532746819,0.0
22500452,2025-12-29,0,0.5714285714285714,32,0.6666666666666666,2,2,4.09375,114.65625,118.75,,1.3999999999999915,112.9,114.3,0.6,0.625,0,0.4375,31,0.5333333333333333,2,1,-3.1612903225806406,122.0,118.83870967741936,,-2.3999999999999915,120.6,118.2,0.6,0.4838709677419355,0,-1.0,0,-7.255040322580641,7.34375,0.08870967741935942,,0.0,-3.799999999999983,0.0,-0.1411290322580645,0.0
22500453,2025-12-29,1,0.06666666666666667,32,0.29411764705882354,2,8,-9.375,119.15625,109.78125,,-9.199999999999989,117.1,107.9,0.2,0.1875,0,0.5555555555555556,29,0.8181818181818182,2,0,8.620689655172413,111.72413793103448,120.34482758620689,,3.299999999999997,114.4,117.7,0.5,0.6551724137931034,2,-8.0,0,17.995689655172413,-7.432112068965523,10.56357758620689,,0.3,12.499999999999986,0.0,0.4676724137931034,2.0
22500454,2025-12-29,0,0.46153846153846156,30,0.8823529411764706,2,0,6.666666666666671,113.46666666666667,120.13333333333334,,6.400000000000006,113.5,119.9,0.8,0.7,2,0.15384615384615385,33,0.3,2,3,-7.333333333333329,122.57575757575758,115.24242424242425,,0.29999999999999716,120.7,121.0,0.5,0.24242424242424243,0,3.0,0,-14.0,9.10909090909091,-4.890909090909091,,-0.30000000000000004,-6.1000000000000085,0.0,-0.4575757575757575,-2.0
22500455,2025-12-29,1,0.5882352941176471,33,0.3125,2,6,-1.3030303030303116,120.06060606060606,118.75757575757575,,-6.799999999999997,130.0,123.2,0.2,0.45454545454545453,0,0.8,31,0.9375,1,0,14.806451612903231,107.12903225806451,121.93548387096774,,13.400000000000006,108.0,121.4,0.7,0.8709677419354839,1,-6.0,0,16.109481915933543,-12.93157380254155,3.177908113391993,,0.49999999999999994,20.200000000000003,-1.0,0.41642228739002934,1.0
22500456,2025-12-29,0,0.42857142857142855,33,0.5789473684210527,2,2,1.787878787878796,117.75757575757575,119.54545454545455,,-1.2000000000000028,121.7,120.5,0.4,0.5151515151515151,0,0.6875,30,0.7857142857142857,2,1,6.6000000000000085,113.8,120.4,,9.099999999999994,113.7,122.8,0.8,0.7333333333333333,0,-1.0,0,4.8121212121212125,-3.9575757575757535,0.8545454545454589,,0.4,10.299999999999997,0.0,0.21818181818181814,0.0
22500457,2025-12-29,1,0.21428571428571427,32,0.5,2,2,-3.75,117.34375,113.59375,,-3.299999999999997,121.5,118.2,0.4,0.375,0,0.4117647058823529,32,0.4,1,0,-3.5,120.0625,116.5625,,-6.299999999999997,118.8,112.5,0.4,0.40625,1,-2.0,0,0.25,2.71875,2.96875,,0.0,-3.0,-1.0,0.03125,1.0
22500458,2025-12-30,0,0.5384615384615384,30,0.5294117647058824,2,3,0.03333333333333144,115.63333333333334,115.66666666666667,,-0.5,110.9,110.4,0.5,0.5333333333333333,0,0.47058823529411764,32,0.4666666666666667,2,1,-0.59375,115.84375,115.25,,5.3999999999999915,113.4,118.8,0.6,0.46875,0,-2.0,0,-0.6270833333333314,0.21041666666666003,-0.4166666666666714,,0.09999999999999998,5.8999999999999915,0.0,-0.06458333333333333,0.0
22500459,2025-12-30,0,0.5625,31,0.6666666666666666,2,1,6.032258064516128,110.48387096774194,116.51612903225806,,10.099999999999994,109.0,119.1,0.7,0.6129032258064516,0,0.3076923076923077,31,0.4444444444444444,3,0,-6.58064516129032,127.06451612903226,120.48387096774194,,-7.8999999999999915,132.2,124.3,0.4,0.3870967741935484,2,-1.0,0,-12.612903225806448,16.58064516129032,3.967741935483872,,-0.29999999999999993,-17.999999999999986,1.0,-0.22580645161290325,2.0
22500460,2025-12-30,0,0.6470588235294118,31,0.8571428571428571,2,2,5.774193548387089,112.96774193548387,118.74193548387096,,7.799999999999997,112.2,120.0,0.7,0.7419354838709677,0,0.7058823529411765,30,0.6153846153846154,2,0,0.29999999999999716,116.9,117.2,,-5.5,119.0,113.5,0.5,0.6666666666666666,1,-2.0,0,-5.474193548387092,3.932258064516134,-1.541935483870958,,-0.19999999999999996,-13.299999999999997,0.0,-0.07526881720430112,1.0
22500461,2025-12-30,1,0.17647058823529413,32,0.3333333333333333,2,1,-10.375,122.0625,111.6875,,-7.200000000000003,120.4,113.2,0.3,0.25,0,0.23529411764705882,31,0.42857142857142855,2,0,-3.258064516129039,114.7741935483871,111.51612903225806,,3.3999999999999915,106.4,109.8,0.5,0.3225806451612903,4,-1.0,0,7.116935483870961,-7.288306451612897,-0.17137096774193594,,0.2,10.599999999999994,0.0,0.07258064516129031,4.0
22500462,2025-12-31,0,0.3684210526315789,33,0.7142857142857143,2,0,2.0,113.0909090909091,115.0909090909091,,5.8999999999999915,112.4,118.3,0.6,0.5151515151515151,1,0.25,32,0.4375,2,1,-3.03125,118.53125,115.5,,1.7000000000000028,115.5,117.2,0.5,0.34375,0,1.0,0,-5.03125,5.4403409090909065,0.4090909090909065,,-0.09999999999999998,-4.199999999999989,0.0,-0.17140151515151514,-1.0
22500463,2025-12-31,1,0.6,33,0.6666666666666666,2,0,5.030303030303017,114.24242424242425,119.27272727272727,,4.599999999999994,112.4,117.0,0.6,0.6363636363636364,1,0.5555555555555556,34,0.3125,2,7,-1.5882352941176379,120.6470588235294,119.05882352941177,,-7.799999999999997,130.6,122.8,0.2,0.4411764705882353,0,7.0,0,-6.618538324420655,6.404634581105157,-0.21390374331549822,,-0.39999999999999997,-12.399999999999991,0.0,-0.19518716577540107,-1.0
22500464,2025-12-31,0,0.4375,32,0.6875,2,1,2.09375,114.5625,116.65625,,-4.0,115.1,111.1,0.5,0.5625,0,0.0625,33,0.29411764705882354,2,9,-9.303030303030297,119.36363636363636,110.06060606060606,,-11.400000000000006,119.2,107.8,0.1,0.18181818181818182,0,8.0,0,-11.396780303030297,4.80113636363636,-6.595643939393938,,-0.4,-7.400000000000006,0.0,-0.3806818181818182,0.0
22500465,2025-12-31,1,0.5294117647058824,32,0.6666666666666666,2,0,1.84375,113.28125,115.125,,-1.5,112.4,110.9,0.6,0.59375,4,0.4666666666666667,34,0.5789473684210527,2,0,2.088235294117652,117.26470588235294,119.3529411764706,,-1.2999999999999972,120.1,118.8,0.4,0.5294117647058824,1,0.0,0,0.24448529411765207,3.983455882352942,4.227941176470594,,-0.19999999999999996,0.20000000000000284,0.0,-0.06433823529411764,-3.0
22500466,2025-12-31,1,0.15384615384615385,34,0.2857142857142857,2,4,-7.264705882352942,122.79411764705883,115.52941176470588,,1.6000000000000085,121.8,123.4,0.5,0.23529411764705882,0,0.4375,32,0.5,2,2,-4.15625,122.4375,118.28125,,-4.400000000000006,122.2,117.8,0.6,0.46875,0,-2.0,0,3.108455882352942,-0.35661764705882604,2.751838235294116,,0.09999999999999998,-6.000000000000014,0.0,0.23345588235294118,0.0
22500467,2025-12-31,1,0.5,31,0.8823529411764706,2,0,6.612903225806448,113.83870967741936,120.45161290322581,,5.400000000000006,115.6,121.0,0.8,0.7096774193548387,3,0.6875,31,0.7333333333333333,2,2,6.0,113.7741935483871,119.7741935483871,,7.700000000000003,113.8,121.5,0.7,0.7096774193548387,0,2.0,0,-0.6129032258064484,-0.06451612903225623,-0.6774193548387046,,-0.10000000000000009,2.299999999999997,0.0,0.0,-3.0
22500468,2025-12-31,0,0.7058823529411765,32,0.6666666666666666,2,2,7.25,118.46875,125.71875,,4.1000000000000085,122.1,126.2,0.6,0.6875,0,0.5882352941176471,34,0.5882352941176471,2,0,1.441176470588232,112.70588235294117,114.1470588235294,,-2.4000000000000057,110.9,108.5,0.5,0.5882352941176471,2,-2.0,0,-5.808823529411768,-5.762867647058826,-11.571691176470594,,-0.09999999999999998,-6.500000000000014,0.0,-0.09926470588235292,2.0
22500469,2025-12-31,0,0.1875,31,0.26666666666666666,2,1,-11.870967741935488,125.03225806451613,113.16129032258064,,-3.4000000000000057,118.5,115.1,0.4,0.22580645161290322,0,0.35294117647058826,33,0.5,2,0,-2.9090909090909065,115.93939393939394,113.03030303030303,,-5.1000000000000085,111.7,106.6,0.4,0.42424242424242425,2,-1.0,0,8.961876832844581,-9.09286412512219,-0.1309872922776094,,0.0,-1.7000000000000028,0.0,0.19843597262952103,2.0
22500470,2025-12-31,1,0.4117647058823529,33,0.4375,2,0,-3.3030303030303116,120.12121212121212,116.81818181818181,,-5.3999999999999915,118.8,113.4,0.5,0.42424242424242425,2,0.8,32,0.9411764705882353,2,0,14.6875,107.8125,122.5,,13.299999999999997,109.7,123.0,0.7,0.875,2,0.0,0,17.99053030303031,-12.308712121212125,5.681818181818187,,0.19999999999999996,18.69999999999999,0.0,0.45075757575757575,0.0
22500471,2026-01-01,0,0.5555555555555556,30,0.8333333333333334,3,0,8.566666666666663,111.96666666666667,120.53333333333333,,2.0999999999999943,116.5,118.6,0.5,0.6666666666666666,3,0.42857142857142855,30,0.25,3,1,-4.233333333333334,113.9,109.66666666666667,,6.700000000000003,104.8,111.5,0.6,0.3333333333333333,0,1.0,0,-12.799999999999997,1.9333333333333371,-10.86666666666666,,0.09999999999999998,4.6000000000000085,0.0,-0.3333333333333333,-3.0
22500472,2026-01-01,0,0.375,33,0.7058823529411765,3,0,3.424242424242422,117.54545454545455,120.96969696969697,,0.0,116.8,116.8,0.4,0.5454545454545454,3,0.6666666666666666,32,0.8571428571428571,2,0,6.28125,112.75,119.03125,,9.399999999999991,111.2,120.6,0.7,0.75,1,0.0,0,2.857007575757578,-4.795454545454547,-1.9384469696969688,,0.29999999999999993,9.399999999999991,-1.0,0.20454545454545459,-2.0
22500473,2026-01-01,0,0.5714285714285714,31,0.5294117647058824,2,0,0.12903225806451246,116.29032258064517,116.41935483870968,,-0.29999999999999716,114.7,114.4,0.5,0.5483870967741935,1,0.2,33,0.5,3,3,-3.7272727272727337,117.57575757575758,113.84848484848484,,-1.5,120.8,119.3,0.4,0.36363636363636365,0,3.0,0,-3.856304985337246,1.2854349951124107,-2.5708699902248355,,-0.09999999999999998,-1.2000000000000028,1.0,-0.18475073313782986,-1.0
22500474,2026-01-01,0,0.5882352941176471,32,0.6666666666666666,2,0,6.15625,110.75,116.90625,,6.6000000000000085,110.8,117.4,0.7,0.625,1,0.16666666666666666,33,0.3333333333333333,2,2,-11.303030303030297,122.33333333333333,111.03030303030303,,-12.900000000000006,122.4,109.5,0.2,0.24242424242424243,0,2.0,0,-17.459280303030297,11.583333333333329,-5.875946969696969,,-0.49999999999999994,-19.500000000000014,0.0,-0.38257575757575757,-1.0
22500475,2026-01-01,1,0.3076923076923077,32,0.42105263157894735,2,1,-6.6875,127.125,120.4375,,-5.5,130.5,125.0,0.4,0.375,0,0.23529411764705882,32,0.4666666666666667,2,0,-1.875,114.0,112.125,,5.200000000000003,106.2,111.4,0.5,0.34375,5,-1.0,0,4.8125,-13.125,-8.3125,,0.09999999999999998,10.700000000000003,0.0,-0.03125,5.0
22500476,2026-01-02,0,0.6875,32,0.75,2,0,5.875,114.34375,120.21875,,9.200000000000003,114.0,123.2,0.8,0.71875,1,0.0625,34,0.2777777777777778,2,10,-9.088235294117638,119.1470588235294,110.05882352941177,,-12.700000000000003,119.9,107.2,0.0,0.17647058823529413,0,10.0,0,-14.963235294117638,4.803308823529406,-10.159926470588232,,-0.8,-21.900000000000006,0.0,-0.5422794117647058,-1.0
22500477,2026-01-02,1,0.42857142857142855,31,0.23529411764705882,1,2,-4.8709677419354875,114.09677419354838,109.2258064516129,,3.299999999999997,106.5,109.8,0.5,0.3225806451612903,0,0.23529411764705882,32,0.26666666666666666,2,0,-11.46875,124.65625,113.1875,,-1.7999999999999972,116.7,114.9,0.5,0.25,1,-2.0,0,-6.5977822580645125,10.559475806451616,3.961693548387103,,0.0,-5.099999999999994,1.0,-0.07258064516129031,1.0
22500478,2026-01-02,1,0.7222222222222222,33,0.6666666666666666,2,0,7.121212121212125,118.0,125.12121212121212,,3.5,121.8,125.3,0.6,0.696969696969697,1,0.4666666666666667,35,0.6,2,0,2.4857142857142946,117.14285714285714,119.62857142857143,,0.7999999999999972,121.5,122.3,0.5,0.5428571428571428,2,0.0,0,-4.63549783549783,-0.8571428571428612,-5.492640692640691,,-0.09999999999999998,-2.700000000000003,0.0,-0.1541125541125542,1.0
22500479,2026-01-02,0,0.5555555555555556,35,0.35294117647058826,2,0,-0.8571428571428612,120.11428571428571,119.25714285714285,,-6.8999999999999915,129.2,122.3,0.2,0.45714285714285713,1,0.4666666666666667,32,0.8823529411764706,2,1,6.34375,114.46875,120.8125,,1.7999999999999972,117.8,119.6,0.7,0.6875,0,1.0,0,7.200892857142861,-5.645535714285714,1.5553571428571473,,0.49999999999999994,8.699999999999989,0.0,0.23035714285714287,-1.0
22500480,2026-01-02,1,0.47058823529411764,33,0.6875,2,0,2.0909090909090935,114.42424242424242,116.51515151515152,,-3.8999999999999915,115.6,111.7,0.5,0.5757575757575758,1,0.4375,33,0.5294117647058824,2,0,-3.5454545454545467,122.3030303030303,118.75757575757575,,0.3999999999999915,121.7,122.1,0.7,0.48484848484848486,1,0.0,0,-5.63636363636364,7.878787878787875,2.242424242424235,,0.19999999999999996,4.299999999999983,0.0,-0.09090909090909094,0.0
22500481,2026-01-02,1,0.25,33,0.4117647058823529,2,2,-3.151515151515156,118.93939393939394,115.78787878787878,,-1.5,120.1,118.6,0.4,0.3333333333333333,0,0.35294117647058826,34,0.47058823529411764,2,1,-2.85294117647058,115.88235294117646,113.02941176470588,,-3.700000000000003,111.5,107.8,0.4,0.4117647058823529,0,-1.0,0,0.29857397504457595,-3.0570409982174738,-2.758467023172898,,0.0,-2.200000000000003,0.0,0.0784313725490196,0.0
22500482,2026-01-02,0,0.3888888888888889,34,0.4375,2,1,-4.058823529411768,120.23529411764706,116.17647058823529,,-6.0,119.3,113.3,0.5,0.4117647058823529,0,0.14285714285714285,35,0.2857142857142857,2,5,-7.51428571428572,123.11428571428571,115.6,,0.29999999999999716,121.7,122.0,0.5,0.22857142857142856,0,4.0,0,-3.4554621848739515,2.878991596638656,-0.5764705882352956,,0.0,6.299999999999997,0.0,-0.18319327731092436,0.0
22500483,2026-01-02,1,0.16666666666666666,34,0.3125,1,3,-11.382352941176478,122.26470588235294,110.88235294117646,,-13.200000000000003,122.8,109.6,0.2,0.23529411764705882,0,0.5,33,0.6666666666666666,2,1,1.3030303030303116,113.75757575757575,115.06060606060606,,-1.1999999999999886,113.6,112.4,0.6,0.5757575757575758,0,-2.0,0,12.68538324420679,-8.507130124777191,4.178253119429598,,0.39999999999999997,12.000000000000014,1.0,0.340463458110517,0.0
22500484,2026-01-02,0,0.8,33,0.9444444444444444,2,0,15.121212121212125,107.42424242424242,122.54545454545455,,14.100000000000009,108.1,122.2,0.7,0.8787878787878788,3,0.4,34,0.7142857142857143,2,0,2.14705882352942,113.44117647058823,115.58823529411765,,6.099999999999994,115.5,121.6,0.6,0.5294117647058824,2,0.0,0,-12.974153297682705,6.01693404634581,-6.957219251336895,,-0.09999999999999998,-8.000000000000014,0.0,-0.3493761140819964,-1.0
22500485,2026-01-02,1,0.47058823529411764,33,0.4375,3,2,-0.6666666666666714,116.54545454545455,115.87878787878788,,4.200000000000003,117.5,121.7,0.5,0.45454545454545453,0,0.7058823529411765,31,0.5714285714285714,3,1,-0.4193548387096797,117.25806451612904,116.83870967741936,,-8.0,119.8,111.8,0.4,0.6451612903225806,0,-1.0,0,0.2473118279569917,0.7126099706744924,0.9599217986314841,,-0.09999999999999998,-12.200000000000003,0.0,0.1906158357771261,0.0
22500486,2026-01-03,0,0.5625,34,0.6666666666666666,3,1,4.17647058823529,114.58823529411765,118.76470588235294,,2.5,114.2,116.7,0.6,0.6176470588235294,0,0.4117647058823529,34,0.7058823529411765,2,0,3.5,117.38235294117646,120.88235294117646,,2.200000000000003,115.3,117.5,0.5,0.5588235294117647,4,-1.0,0,-0.6764705882352899,2.794117647058812,2.117647058823522,,-0.09999999999999998,-0.29999999999999716,-1.0,-0.05882352941176472,4.0
22500487,2026-01-03,0,0.6,32,0.5294117647058824,2,0,0.59375,116.03125,116.625,,-0.30000000000001137,115.4,115.1,0.5,0.5625,2,0.4666666666666667,33,0.8333333333333334,1,2,5.787878787878796,114.36363636363636,120.15151515151516,,0.0,118.9,118.9,0.6,0.6666666666666666,0,2.0,0,5.194128787878796,-1.6676136363636402,3.526515151515156,,0.09999999999999998,0.30000000000001137,-1.0,0.10416666666666663,-2.0
22500488,2026-01-03,1,0.5789473684210527,36,0.35294117647058826,1,0,-0.5,119.52777777777777,119.02777777777777,,-3.0,124.9,121.9,0.3,0.4722222222222222,2,0.5882352941176471,35,0.5555555555555556,3,1,1.3142857142857025,112.51428571428572,113.82857142857142,,-1.9000000000000057,109.4,107.5,0.5,0.5714285714285714,0,1.0,0,1.8142857142857025,-7.013492063492052,-5.199206349206349,,0.2,1.0999999999999943,2.0,0.09920634920634919,-2.0
22500489,2026-01-03,0,0.23529411764705882,34,0.4117647058823529,1,3,-3.088235294117652,119.02941176470588,115.94117647058823,,-0.7000000000000028,120.8,120.1,0.4,0.3235294117647059,0,0.4375,34,0.5555555555555556,1,0,-3.235294117647058,122.05882352941177,118.82352941176471,,0.7999999999999972,120.5,121.3,0.7,0.5,2,-3.0,0,-0.1470588235294059,3.029411764705884,2.882352941176478,,0.29999999999999993,1.5,0.0,0.1764705882352941,2.0
22500490,2026-01-03,0,0.42105263157894735,35,0.4375,1,0,-3.5714285714285694,119.91428571428571,116.34285714285714,,-2.4000000000000057,115.9,113.5,0.6,0.42857142857142855,1,0.7058823529411765,33,0.75,1,0,6.0,114.3030303030303,120.3030303030303,,9.900000000000006,112.1,122.0,0.8,0.7272727272727273,2,0.0,0,9.57142857142857,-5.611255411255414,3.960173160173156,,0.20000000000000007,12.300000000000011,0.0,0.29870129870129875,1.0
22500491,2026-01-03,1,0.5789473684210527,31,0.8333333333333334,2,0,9.064516129032256,111.45161290322581,120.51612903225806,,5.799999999999997,113.9,119.7,0.6,0.6774193548387096,4,0.2,34,0.47368421052631576,2,4,-4.058823529411768,117.73529411764706,113.67647058823529,,-4.299999999999997,122.2,117.9,0.3,0.35294117647058826,0,4.0,0,-13.123339658444024,6.28368121442125,-6.839658444022774,,-0.3,-10.099999999999994,0.0,-0.3244781783681214,-4.0
22500492,2026-01-03,1,0.2857142857142857,33,0.42105263157894735,2,2,-7.0,126.84848484848484,119.84848484848484,,-4.199999999999989,129.2,125.0,0.4,0.36363636363636365,0,0.4,35,0.6666666666666666,1,1,1.0285714285714391,113.94285714285714,114.97142857142858,,-0.7999999999999972,119.5,118.7,0.5,0.5142857142857142,0,-1.0,0,8.02857142857144,-12.905627705627708,-4.877056277056269,,0.09999999999999998,3.3999999999999915,-1.0,0.1506493506493506,0.0
22500493,2026-01-03,0,0.6111111111111112,33,0.6666666666666666,2,0,6.393939393939391,110.60606060606061,117.0,,5.8999999999999915,110.9,116.8,0.7,0.6363636363636364,2,0.23529411764705882,33,0.5,2,0,-1.3030303030303116,113.60606060606061,112.3030303030303,,7.800000000000011,105.6,113.4,0.6,0.36363636363636365,6,0.0,0,-7.696969696969703,3.0,-4.696969696969703,,-0.09999999999999998,1.90000000000002,0.0,-0.2727272727272727,4.0
22500494,2026-01-04,0,0.6666666666666666,33,0.8,3,1,5.9090909090909065,112.9090909090909,118.81818181818181,,7.6000000000000085,111.8,119.4,0.6,0.7272727272727273,0,0.4666666666666667,36,0.6190476190476191,2,0,2.555555555555557,116.88888888888889,119.44444444444444,,0.8999999999999915,119.7,120.6,0.5,0.5555555555555556,3,-1.0,0,-3.3535353535353494,3.9797979797979792,0.6262626262626299,,-0.09999999999999998,-6.700000000000017,-1.0,-0.1717171717171717,3.0
22500495,2026-01-04,1,0.0625,35,0.2631578947368421,2,11,-9.114285714285714,119.25714285714285,110.14285714285714,,-12.700000000000003,120.7,108.0,0.0,0.17142857142857143,0,0.4444444444444444,34,0.6875,2,1,1.8235294117646959,114.61764705882354,116.44117647058823,,-4.0,117.1,113.1,0.5,0.5588235294117647,0,-10.0,0,10.93781512605041,-4.639495798319317,6.298319327731093,,0.5,8.700000000000003,0.0,0.3873949579831933,0.0
22500496,2026-01-04,1,0.6842105263157895,34,0.6666666666666666,2,1,6.764705882352942,117.8529411764706,124.61764705882354,,-0.09999999999999432,122.6,122.5,0.5,0.6764705882352942,0,0.4,32,0.23529411764705882,2,3,-5.34375,114.25,108.90625,,2.6000000000000085,106.1,108.7,0.5,0.3125,0,2.0,0,-12.108455882352942,-3.602941176470594,-15.711397058823536,,0.0,2.700000000000003,0.0,-0.36397058823529416,0.0
22500497,2026-01-04,1,0.14285714285714285,36,0.2727272727272727,2,6,-7.666666666666657,123.08333333333333,115.41666666666667,,-3.3000000000000114,121.9,118.6,0.4,0.2222222222222222,0,0.4117647058823529,35,0.6666666666666666,1,1,3.114285714285714,117.6,120.71428571428571,,2.1000000000000085,116.1,118.2,0.5,0.5428571428571428,0,-5.0,0,10.780952380952371,-5.483333333333334,5.297619047619037,,0.09999999999999998,5.40000000000002,-1.0,0.3206349206349206,0.0
22500498,2026-01-04,0,0.5882352941176471,35,0.6666666666666666,1,0,4.342857142857142,114.6,118.94285714285714,,2.799999999999997,113.7,116.5,0.6,0.6285714285714286,1,0.23529411764705882,33,0.3125,2,0,-10.515151515151516,123.87878787878788,113.36363636363636,,0.6000000000000085,113.6,114.2,0.6,0.2727272727272727,2,0.0,0,-14.858008658008657,9.278787878787881,-5.579220779220776,,0.0,-2.1999999999999886,1.0,-0.35584415584415585,1.0
22500499,2026-01-04,1,0.8125,34,0.9444444444444444,2,0,15.764705882352942,107.02941176470588,122.79411764705883,,14.799999999999997,107.4,122.2,0.7,0.8823529411764706,4,0.5,34,0.6875,2,0,2.058823529411768,113.41176470588235,115.47058823529412,,1.2000000000000028,113.3,114.5,0.6,0.5882352941176471,1,0.0,0,-13.705882352941174,6.382352941176464,-7.32352941176471,,-0.09999999999999998,-13.599999999999994,0.0,-0.2941176470588235,-3.0
22500500,2026-01-04,0,0.35294117647058826,35,0.5,2,0,-2.742857142857133,116.02857142857142,113.28571428571429,,-2.4000000000000057,111.2,108.8,0.5,0.42857142857142855,1,0.15789473684210525,35,0.3125,2,4,-11.828571428571422,122.45714285714286,110.62857142857143,,-12.799999999999997,122.1,109.3,0.2,0.22857142857142856,0,4.0,0,-9.085714285714289,6.428571428571431,-2.6571428571428584,,-0.3,-10.399999999999991,0.0,-0.19999999999999998,-1.0
22500501,2026-01-04,1,0.4444444444444444,34,0.4375,2,3,-0.8529411764705799,116.88235294117646,116.02941176470588,,1.2000000000000028,120.7,121.9,0.4,0.4411764705882353,0,0.7058823529411765,32,0.6,2,0,-0.1875,117.375,117.1875,,-5.200000000000003,119.3,114.1,0.5,0.65625,1,-3.0,0,0.6654411764705799,0.4926470588235361,1.158088235294116,,0.09999999999999998,-6.400000000000006,0.0,0.21507352941176472,1.0
22500502,2026-01-05,1,0.4666666666666667,34,0.7894736842105263,2,3,5.294117647058826,114.82352941176471,120.11764705882354,,-2.700000000000003,121.8,119.1,0.5,0.6470588235294118,0,0.6842105263157895,34,0.8,1,0,5.85294117647058,112.82352941176471,118.67647058823529,,5.299999999999997,111.3,116.6,0.6,0.7352941176470589,1,-3.0,0,0.5588235294117538,-2.0,-1.4411764705882462,,0.09999999999999998,8.0,-1.0,0.08823529411764708,1.0
22500503,2026-01-05,1,0.4375,35,0.5263157894736842,2,1,-3.5142857142857196,121.77142857142857,118.25714285714285,,0.5,120.3,120.8,0.7,0.4857142857142857,0,0.631578947368421,34,0.6666666666666666,2,0,7.117647058823536,110.73529411764706,117.8529411764706,,8.200000000000003,111.1,119.3,0.7,0.6470588235294118,3,-1.0,0,10.631932773109256,-11.036134453781514,-0.4042016806722586,,0.0,7.700000000000003,0.0,0.1613445378151261,3.0
22500504,2026-01-05,1,0.55,37,0.35294117647058826,2,1,-0.9459459459459509,119.91891891891892,118.97297297297297,,-5.0,126.6,121.6,0.2,0.4594594594594595,0,0.5882352941176471,36,0.5789473684210527,2,0,1.75,112.63888888888889,114.38888888888889,,1.3999999999999915,109.4,110.8,0.6,0.5833333333333334,1,-1.0,0,2.695945945945951,-7.280030030030034,-4.584084084084083,,0.39999999999999997,6.3999999999999915,0.0,0.12387387387387389,1.0
22500505,2026-01-05,1,0.5,35,0.7058823529411765,1,0,2.0857142857142748,113.17142857142858,115.25714285714285,,6.400000000000006,110.0,116.4,0.7,0.6,2,0.55,32,0.8333333333333334,2,1,8.59375,111.40625,120.0,,5.0,113.6,118.6,0.5,0.65625,0,1.0,0,6.508035714285725,-1.765178571428578,4.742857142857147,,-0.19999999999999996,-1.4000000000000057,1.0,0.05625000000000002,-2.0
22500506,2026-01-05,0,0.2777777777777778,35,0.4117647058823529,2,0,-2.6285714285714334,118.45714285714286,115.82857142857142,,0.9000000000000057,117.8,118.7,0.5,0.34285714285714286,1,0.7647058823529411,35,0.9444444444444444,1,1,15.228571428571428,107.05714285714286,122.28571428571429,,9.600000000000009,109.3,118.9,0.6,0.8571428571428571,0,1.0,0,17.85714285714286,-11.399999999999991,6.45714285714287,,0.09999999999999998,8.700000000000003,-1.0,0.5142857142857142,-1.0
22500507,2026-01-05,0,0.65,35,0.6666666666666666,1,2,6.228571428571428,118.11428571428571,124.34285714285714,,-1.5999999999999943,122.8,121.2,0.4,0.6571428571428571,0,0.625,33,0.5294117647058824,2,0,0.9090909090909065,116.12121212121212,117.03030303030303,,1.2000000000000028,116.1,117.3,0.6,0.5757575757575758,3,-2.0,0,-5.319480519480521,-1.9930735930735892,-7.3125541125541105,,0.19999999999999996,2.799999999999997,1.0,-0.08138528138528134,3.0
22500508,2026-01-05,1,0.4,36,0.6875,2,0,1.25,113.94444444444444,115.19444444444444,,0.7999999999999972,118.2,119.0,0.6,0.5277777777777778,1,0.23529411764705882,34,0.47058823529411764,2,1,-2.176470588235304,114.55882352941177,112.38235294117646,,5.0,109.3,114.3,0.6,0.35294117647058826,0,1.0,0,-3.426470588235304,0.6143790849673252,-2.812091503267979,,0.0,4.200000000000003,0.0,-0.17483660130718953,-1.0
22500509,2026-01-05,1,0.26666666666666666,34,0.42105263157894735,2,3,-7.058823529411768,126.73529411764706,119.67647058823529,,-5.5,128.9,123.4,0.3,0.35294117647058826,0,0.45,36,0.4375,2,0,-3.3333333333333286,119.63888888888889,116.30555555555556,,-2.3999999999999915,113.8,111.4,0.6,0.4444444444444444,2,-3.0,0,3.7254901960784395,-7.096405228758172,-3.370915032679733,,0.3,3.1000000000000085,0.0,0.09150326797385616,2.0
22500510,2026-01-06,0,0.4666666666666667,37,0.5909090909090909,2,1,2.378378378378386,116.8108108108108,119.1891891891892,,1.2999999999999972,119.2,120.5,0.5,0.5405405405405406,0,0.058823529411764705,36,0.2631578947368421,2,12,-9.083333333333329,119.69444444444444,110.61111111111111,,-11.600000000000009,123.4,111.8,0.0,0.16666666666666666,0,11.0,0,-11.461711711711715,2.883633633633636,-8.578078078078079,,-0.5,-12.900000000000006,0.0,-0.37387387387387394,0.0
22500511,2026-01-06,1,0.4444444444444444,35,0.7058823529411765,2,0,2.0,114.97142857142858,116.97142857142858,,-4.099999999999994,119.0,114.9,0.5,0.5714285714285714,1,0.23529411764705882,34,0.29411764705882354,2,1,-10.970588235294116,124.38235294117646,113.41176470588235,,-3.8999999999999915,118.8,114.9,0.5,0.2647058823529412,0,1.0,0,-12.970588235294116,9.410924369747889,-3.559663865546227,,0.0,0.20000000000000284,0.0,-0.3067226890756302,-1.0
22500512,2026-01-06,1,0.7058823529411765,34,0.7058823529411765,3,1,5.67647058823529,114.32352941176471,120.0,,8.099999999999994,111.7,119.8,0.7,0.7058823529411765,0,0.42105263157894735,35,0.4375,2,4,-1.0,116.97142857142858,115.97142857142858,,1.0,119.7,120.7,0.4,0.42857142857142855,0,3.0,0,-6.67647058823529,2.647899159663865,-4.028571428571425,,-0.29999999999999993,-7.099999999999994,-1.0,-0.27731092436974797,0.0
22500513,2026-01-06,1,0.4117647058823529,36,0.6842105263157895,2,0,3.555555555555557,117.27777777777777,120.83333333333333,,5.0,116.1,121.1,0.6,0.5555555555555556,1,0.6111111111111112,36,0.6666666666666666,2,0,4.944444444444443,114.61111111111111,119.55555555555556,,4.0,114.9,118.9,0.6,0.6388888888888888,2,0.0,0,1.3888888888888857,-2.666666666666657,-1.2777777777777715,,0.0,-1.0,0.0,0.08333333333333326,1.0
22500514,2026-01-06,0,0.7058823529411765,33,0.625,2,0,0.0,117.27272727272727,117.27272727272727,,-5.0,119.9,114.9,0.5,0.6666666666666666,2,0.13333333333333333,37,0.2727272727272727,2,7,-7.972972972972968,123.13513513513513,115.16216216216216,,-6.200000000000003,124.0,117.8,0.3,0.21621621621621623,0,7.0,0,-7.972972972972968,5.8624078624078635,-2.110565110565105,,-0.2,-1.2000000000000028,0.0,-0.4504504504504504,-2.0
22500515,2026-01-06,0,0.2,35,0.5,3,0,-3.7714285714285722,117.34285714285714,113.57142857142857,,-4.5,121.5,117.0,0.3,0.37142857142857144,1,0.15789473684210525,36,0.29411764705882354,2,5,-11.972222222222229,122.25,110.27777777777777,,-13.100000000000009,121.9,108.8,0.2,0.2222222222222222,0,5.0,0,-8.200793650793656,4.907142857142858,-3.293650793650798,,-0.09999999999999998,-8.600000000000009,-1.0,-0.14920634920634923,-1.0
22500516,2026-01-07,0,0.5882352941176471,37,0.6,2,0,2.189189189189193,112.29729729729729,114.48648648648648,,2.200000000000003,109.8,112.0,0.6,0.5945945945945946,2,0.3157894736842105,36,0.4117647058823529,2,0,-1.8055555555555571,117.86111111111111,116.05555555555556,,2.799999999999997,116.4,119.2,0.5,0.3611111111111111,2,0.0,0,-3.99474474474475,5.563813813813823,1.569069069069073,,-0.09999999999999998,0.5999999999999943,0.0,-0.23348348348348352,0.0
22500517,2026-01-07,1,0.4117647058823529,36,0.5263157894736842,2,2,-3.805555555555557,121.58333333333333,117.77777777777777,,-2.5,120.7,118.2,0.6,0.4722222222222222,0,0.6842105263157895,35,0.8125,2,0,6.571428571428569,112.17142857142858,118.74285714285715,,7.700000000000003,109.8,117.5,0.6,0.7428571428571429,2,-2.0,0,10.376984126984127,-9.41190476190475,0.9650793650793759,,0.0,10.200000000000003,0.0,0.2706349206349207,2.0
22500518,2026-01-07,1,0.23529411764705882,35,0.3333333333333333,1,0,-10.42857142857143,124.02857142857142,113.6,,-0.5999999999999943,118.1,117.5,0.6,0.2857142857142857,1,0.625,34,0.5,2,1,0.8529411764705941,116.38235294117646,117.23529411764706,,0.10000000000000853,118.1,118.2,0.5,0.5588235294117647,0,1.0,0,11.281512605042025,-7.646218487394961,3.6352941176470637,,-0.09999999999999998,0.7000000000000028,1.0,0.273109243697479,-1.0
22500519,2026-01-07,1,0.13333333333333333,38,0.2608695652173913,1,8,-7.973684210526315,122.8157894736842,114.84210526315789,,-7.5,122.3,114.8,0.2,0.21052631578947367,0,0.5238095238095238,38,0.35294117647058826,2,2,-1.3947368421052602,119.86842105263158,118.47368421052632,,-6.099999999999994,125.1,119.0,0.2,0.4473684210526316,0,-6.0,0,6.578947368421055,-2.94736842105263,3.631578947368425,,0.0,1.4000000000000057,1.0,0.2368421052631579,0.0
22500520,2026-01-07,0,0.6666666666666666,36,0.6666666666666666,2,0,6.083333333333343,118.27777777777777,124.36111111111111,,-2.6000000000000085,123.7,121.1,0.4,0.6666666666666666,1,0.631578947368421,35,0.6875,2,0,7.314285714285717,110.45714285714286,117.77142857142857,,11.100000000000009,109.6,120.7,0.8,0.6571428571428571,4,0.0,0,1.230952380952374,-7.820634920634916,-6.589682539682542,,0.4,13.700000000000017,0.0,-0.00952380952380949,3.0
22500521,2026-01-07,0,0.42105263157894735,36,0.7058823529411765,1,1,1.7222222222222143,115.11111111111111,116.83333333333333,,-3.8000000000000114,118.4,114.6,0.5,0.5555555555555556,0,0.4,33,0.2777777777777778,3,0,-4.818181818181813,114.27272727272727,109.45454545454545,,2.0,107.5,109.5,0.5,0.3333333333333333,1,-1.0,0,-6.540404040404027,-0.838383838383848,-7.378787878787875,,0.0,5.800000000000011,2.0,-0.22222222222222227,1.0
22500522,2026-01-07,1,0.23529411764705882,35,0.5,2,0,-2.085714285714289,114.2,112.11428571428571,,5.299999999999997,108.0,113.3,0.7,0.37142857142857144,1,0.4375,35,0.7894736842105263,2,4,4.257142857142853,115.0,119.25714285714285,,-5.8999999999999915,122.6,116.7,0.4,0.6285714285714286,0,4.0,0,6.342857142857142,0.7999999999999972,7.142857142857139,,-0.29999999999999993,-11.199999999999989,0.0,0.2571428571428571,-1.0
22500523,2026-01-07,1,0.7222222222222222,34,0.625,1,0,0.235294117647058,116.8529411764706,117.08823529411765,,-2.9000000000000057,117.0,114.1,0.6,0.6764705882352942,3,0.6666666666666666,35,0.7058823529411765,1,2,5.48571428571428,114.08571428571429,119.57142857142857,,5.5,112.9,118.4,0.6,0.6857142857142857,0,2.0,0,5.2504201680672224,-2.767226890756305,2.4831932773109173,,0.0,8.400000000000006,0.0,0.009243697478991564,-3.0
22500524,2026-01-07,0,0.47368421052631576,36,0.7058823529411765,2,1,1.9444444444444429,112.80555555555556,114.75,,6.299999999999997,108.4,114.7,0.7,0.5833333333333334,0,0.42105263157894735,36,0.47058823529411764,1,0,-0.9444444444444429,116.63888888888889,115.69444444444444,,-0.7000000000000028,119.9,119.2,0.4,0.4444444444444444,1,-1.0,0,-2.8888888888888857,3.8333333333333286,0.9444444444444429,,-0.29999999999999993,-7.0,-1.0,-0.13888888888888895,1.0
22500525,2026-01-07,1,0.25,35,0.42105263157894735,2,4,-7.428571428571431,127.02857142857142,119.6,,-8.200000000000017,129.3,121.1,0.2,0.34285714285714286,0,0.7647058823529411,36,0.8947368421052632,2,2,14.055555555555557,107.52777777777777,121.58333333333333,,4.800000000000011,111.6,116.4,0.5,0.8333333333333334,0,-2.0,0,21.484126984126988,-19.500793650793653,1.9833333333333343,,0.3,13.000000000000028,0.0,0.4904761904761905,0.0
22500526,2026-01-07,1,0.3888888888888889,36,0.5,3,0,-2.194444444444443,115.52777777777777,113.33333333333333,,-2.200000000000003,110.9,108.7,0.5,0.4444444444444444,2,0.38095238095238093,37,0.6875,2,1,1.189189189189193,113.64864864864865,114.83783783783784,,1.1999999999999886,114.9,116.1,0.6,0.5135135135135135,0,1.0,0,3.383633633633636,-1.8791291291291259,1.50450450450451,,0.09999999999999998,3.3999999999999915,-1.0,0.06906906906906907,-2.0
22500527,2026-01-07,1,0.55,33,0.8461538461538461,2,0,8.424242424242422,110.96969696969697,119.39393939393939,,5.599999999999994,110.5,116.1,0.6,0.6666666666666666,1,0.45,37,0.47058823529411764,2,0,-2.7027027027026946,119.56756756756756,116.86486486486487,,-0.5,112.2,111.7,0.6,0.4594594594594595,3,0.0,0,-11.126945126945117,8.597870597870596,-2.5290745290745207,,0.0,-6.099999999999994,0.0,-0.20720720720720714,2.0
22500528,2026-01-08,0,0.058823529411764705,37,0.25,2,13,-8.945945945945951,119.70270270270271,110.75675675675676,,-11.900000000000006,124.0,112.1,0.0,0.16216216216216217,0,0.3157894736842105,37,0.3888888888888889,1,1,-1.7837837837837753,117.29729729729729,115.51351351351352,,2.0,113.5,115.5,0.4,0.35135135135135137,0,-12.0,0,7.162162162162176,-2.4054054054054177,4.756756756756758,,0.4,13.900000000000006,-1.0,0.1891891891891892,0.0
22500530,2026-01-08,1,0.5,38,0.5909090909090909,2,0,2.4210526315789593,116.78947368421052,119.21052631578948,,3.3000000000000114,118.1,121.4,0.6,0.5526315789473685,1,0.6111111111111112,37,0.6842105263157895,2,0,5.567567567567579,114.05405405405405,119.62162162162163,,7.3999999999999915,112.7,120.1,0.7,0.6486486486486487,3,0.0,0,3.1465149359886198,-2.7354196301564713,0.4110953058321485,,0.09999999999999998,4.09999999999998,0.0,0.09601706970128021,2.0
22500531,2026-01-08,1,0.25,36,0.5,2,0,-3.6111111111111143,116.80555555555556,113.19444444444444,,-3.5999999999999943,117.3,113.7,0.4,0.3888888888888889,2,0.23529411764705882,36,0.42105263157894735,1,5,-7.333333333333329,127.08333333333333,119.75,,-7.800000000000011,127.9,120.1,0.2,0.3333333333333333,0,5.0,0,-3.7222222222222143,10.277777777777771,6.555555555555557,,-0.2,-4.200000000000017,-1.0,-0.05555555555555558,-2.0
22500532,2026-01-09,1,0.6111111111111112,38,0.6,2,0,2.1578947368421098,111.86842105263158,114.02631578947368,,1.6999999999999886,108.9,110.6,0.6,0.6052631578947368,3,0.631578947368421,36,0.6470588235294118,2,1,7.0,110.55555555555556,117.55555555555556,,11.400000000000006,109.8,121.2,0.8,0.6388888888888888,0,1.0,0,4.84210526315789,-1.312865497076018,3.529239766081872,,0.20000000000000007,9.700000000000017,0.0,0.033625730994152,-3.0
22500533,2026-01-09,0,0.625,35,0.5263157894736842,2,0,1.4285714285714306,116.2,117.62857142857143,,2.5,117.1,119.6,0.6,0.5714285714285714,1,0.45,37,0.7058823529411765,2,0,1.7027027027026946,114.78378378378379,116.48648648648648,,-3.799999999999997,116.0,112.2,0.5,0.5675675675675675,1,0.0,0,0.27413127413126404,-1.4162162162162133,-1.1420849420849493,,-0.09999999999999998,-6.299999999999997,0.0,-0.0038610038610038533,0.0
22500534,2026-01-09,0,0.125,39,0.2608695652173913,2,9,-8.205128205128204,122.66666666666667,114.46153846153847,,-11.099999999999994,123.1,112.0,0.1,0.20512820512820512,0,0.2222222222222222,36,0.3333333333333333,2,1,-10.722222222222229,124.22222222222223,113.5,,-3.5,119.0,115.5,0.5,0.2777777777777778,0,-8.0,0,-2.517094017094024,1.5555555555555571,-0.961538461538467,,0.4,7.599999999999994,0.0,0.07264957264957267,0.0
22500535,2026-01-09,0,0.2222222222222222,36,0.5,2,1,-2.3611111111111143,114.44444444444444,112.08333333333333,,5.8999999999999915,108.2,114.1,0.7,0.3611111111111111,0,0.4,34,0.2631578947368421,2,1,-4.705882352941174,113.97058823529412,109.26470588235294,,2.700000000000003,106.0,108.7,0.5,0.3235294117647059,0,0.0,0,-2.3447712418300597,-0.4738562091503269,-2.8186274509803866,,-0.19999999999999996,-3.1999999999999886,0.0,-0.037581699346405206,0.0
22500536,2026-01-09,0,0.7647058823529411,37,0.9,2,0,13.78378378378379,108.0,121.78378378378379,,5.699999999999989,112.9,118.6,0.6,0.8378378378378378,1,0.42105263157894735,37,0.4444444444444444,2,1,-1.4324324324324351,116.64864864864865,115.21621621621621,,-3.1999999999999886,120.6,117.4,0.3,0.43243243243243246,0,1.0,0,-15.216216216216225,8.648648648648646,-6.567567567567579,,-0.3,-8.899999999999977,0.0,-0.4054054054054054,-1.0
22500537,2026-01-09,0,0.5238095238095238,39,0.3888888888888889,2,0,-0.923076923076934,119.35897435897436,118.43589743589743,,-1.5999999999999943,122.5,120.9,0.3,0.46153846153846156,1,0.6818181818181818,37,0.6666666666666666,2,0,6.027027027027032,118.05405405405405,124.08108108108108,,-0.7999999999999972,123.2,122.4,0.5,0.6756756756756757,2,0.0,0,6.950103950103966,-1.3049203049203157,5.64518364518365,,0.2,0.7999999999999972,0.0,0.2141372141372141,1.0
22500538,2026-01-09,1,0.4375,36,0.8,2,0,4.4722222222222285,114.88888888888889,119.36111111111111,,-3.799999999999997,122.1,118.3,0.5,0.6388888888888888,1,0.5,37,0.7058823529411765,2,0,2.4054054054054035,112.4054054054054,114.8108108108108,,8.099999999999994,108.4,116.5,0.7,0.5945945945945946,1,0.0,0,-2.066816816816825,-2.4834834834834822,-4.550300300300307,,0.19999999999999996,11.899999999999991,0.0,-0.04429429429429421,0.0
22500539,2026-01-09,1,0.15789473684210525,37,0.2777777777777778,3,6,-11.702702702702695,121.64864864864865,109.94594594594595,,-13.200000000000003,118.5,105.3,0.2,0.21621621621621623,0,0.38095238095238093,38,0.7058823529411765,2,0,1.3421052631578902,113.63157894736842,114.97368421052632,,2.0,116.3,118.3,0.7,0.5263157894736842,1,-6.0,0,13.044807965860585,-8.01706970128022,5.027738264580364,,0.49999999999999994,15.200000000000003,-1.0,0.31009957325746795,1.0
22500540,2026-01-09,1,0.5238095238095238,34,0.8461538461538461,2,1,8.147058823529406,110.73529411764706,118.88235294117646,,6.0,107.5,113.5,0.6,0.6470588235294118,0,0.45,38,0.5,2,0,-2.60526315789474,119.10526315789474,116.5,,-0.8999999999999915,113.1,112.2,0.6,0.47368421052631576,4,-1.0,0,-10.752321981424146,8.369969040247682,-2.382352941176464,,0.0,-6.8999999999999915,0.0,-0.17337461300309603,4.0
22500541,2026-01-09,0,0.3684210526315789,37,0.5,2,1,-2.324324324324323,115.64864864864865,113.32432432432432,,1.5999999999999943,110.2,111.8,0.5,0.43243243243243246,0,0.6842105263157895,35,0.625,2,1,-0.22857142857142776,116.57142857142857,116.34285714285714,,-4.700000000000003,116.3,111.6,0.5,0.6571428571428571,0,0.0,0,2.095752895752895,0.9227799227799238,3.018532818532819,,0.0,-6.299999999999997,0.0,0.22471042471042468,0.0
22500542,2026-01-10,1,0.6111111111111112,38,0.7,2,0,5.65789473684211,114.26315789473684,119.92105263157895,,7.799999999999997,114.2,122.0,0.7,0.6578947368421053,4,0.47058823529411764,39,0.5909090909090909,2,1,2.128205128205124,117.15384615384616,119.28205128205128,,3.5,117.6,121.1,0.6,0.5384615384615384,0,1.0,0,-3.5296896086369856,2.890688259109325,-0.6390013495276605,,-0.09999999999999998,-4.299999999999997,0.0,-0.11943319838056687,-4.0
22500543,2026-01-10,1,0.3888888888888889,37,0.6842105263157895,4,1,2.702702702702709,117.4054054054054,120.10810810810811,,1.1000000000000085,118.8,119.9,0.5,0.5405405405405406,0,0.1111111111111111,38,0.25,2,0,-8.65789473684211,119.5,110.84210526315789,,-9.800000000000011,122.4,112.6,0.1,0.18421052631578946,1,-1.0,0,-11.360597439544819,2.0945945945945965,-9.266002844950222,,-0.4,-10.90000000000002,-2.0,-0.3563300142247511,1.0
22500544,2026-01-10,0,0.2631578947368421,37,0.5,1,0,-1.8648648648648702,114.1891891891892,112.32432432432432,,9.599999999999994,106.5,116.1,0.8,0.3783783783783784,1,0.6842105263157895,36,0.8235294117647058,3,0,6.805555555555557,111.63888888888889,118.44444444444444,,9.400000000000006,107.5,116.9,0.7,0.75,3,0.0,0,8.670420420420427,-2.5503003003003073,6.12012012012012,,-0.10000000000000009,-0.19999999999998863,2.0,0.3716216216216216,2.0
22500545,2026-01-10,0,0.6666666666666666,36,0.7222222222222222,3,0,5.777777777777786,113.44444444444444,119.22222222222223,,4.299999999999997,112.2,116.5,0.6,0.6944444444444444,1,0.631578947368421,37,0.6666666666666666,1,0,7.027027027027032,110.72972972972973,117.75675675675676,,10.899999999999991,109.9,120.8,0.8,0.6486486486486487,1,0.0,0,1.249249249249246,-2.7147147147147166,-1.4654654654654706,,0.20000000000000007,6.599999999999994,-2.0,-0.045795795795795735,0.0
22500546,2026-01-10,1,0.23529411764705882,37,0.5,2,1,-3.567567567567579,116.78378378378379,113.21621621621621,,-4.0,117.5,113.5,0.3,0.3783783783783784,0,0.3888888888888889,37,0.5263157894736842,3,3,-4.108108108108098,121.21621621621621,117.10810810810811,,-5.099999999999994,119.0,113.9,0.5,0.4594594594594595,0,2.0,0,-0.540540540540519,4.432432432432421,3.891891891891902,,0.2,-1.0999999999999943,1.0,0.08108108108108109,0.0
22500547,2026-01-10,0,0.3157894736842105,38,0.3684210526315789,2,2,-1.7894736842105345,117.21052631578948,115.42105263157895,,4.3999999999999915,113.7,118.1,0.4,0.34210526315789475,0,0.23529411764705882,37,0.45,2,0,-7.081081081081081,126.72972972972973,119.64864864864865,,-7.5,126.5,119.0,0.3,0.35135135135135137,1,-2.0,0,-5.291607396870546,9.519203413940247,4.2275960170697005,,-0.10000000000000003,-11.899999999999991,0.0,0.009246088193456625,1.0
22500548,2026-01-11,1,0.17647058823529413,40,0.2608695652173913,2,0,-7.4750000000000085,122.275,114.8,,-9.599999999999994,122.5,112.9,0.1,0.225,1,0.45,38,0.6666666666666666,2,1,1.3421052631578902,114.47368421052632,115.8157894736842,,-2.700000000000003,114.3,111.6,0.5,0.5526315789473685,0,1.0,0,8.817105263157899,-7.801315789473691,1.0157894736842081,,0.4,6.8999999999999915,0.0,0.3276315789473685,-1.0
22500549,2026-01-11,1,0.4,35,0.25,2,2,-5.028571428571439,114.17142857142858,109.14285714285714,,-3.4000000000000057,109.9,106.5,0.4,0.3142857142857143,0,0.42105263157894735,38,0.42105263157894735,2,2,-1.4210526315789451,116.65789473684211,115.23684210526316,,-2.5,119.3,116.8,0.3,0.42105263157894735,0,0.0,0,3.607518796992494,2.486466165413532,6.093984962406026,,-0.10000000000000003,0.9000000000000057,0.0,0.10676691729323307,0.0
22500550,2026-01-11,1,0.6470588235294118,36,0.5263157894736842,2,0,1.7222222222222285,115.5,117.22222222222223,,2.799999999999997,115.5,118.3,0.6,0.5833333333333334,2,0.5789473684210527,39,0.6,2,1,1.8974358974358978,112.2051282051282,114.1025641025641,,2.5,110.2,112.7,0.6,0.5897435897435898,0,1.0,0,0.17521367521366926,-3.2948717948717956,-3.1196581196581263,,0.0,-0.29999999999999716,0.0,0.0064102564102563875,-2.0
22500551,2026-01-11,0,0.4117647058823529,37,0.8,2,1,4.216216216216225,114.8108108108108,119.02702702702703,,-5.0,120.8,115.8,0.4,0.6216216216216216,0,0.45,39,0.5263157894736842,2,0,-2.3846153846153726,118.74358974358974,116.35897435897436,,0.5,112.6,113.1,0.7,0.48717948717948717,5,-1.0,0,-6.600831600831597,3.9327789327789304,-2.668052668052667,,0.29999999999999993,5.5,0.0,-0.13444213444213443,5.0
22500552,2026-01-11,1,0.6842105263157895,37,0.7222222222222222,1,0,5.756756756756758,112.94594594594595,118.70270270270271,,3.6999999999999886,110.4,114.1,0.6,0.7027027027027027,2,0.5789473684210527,39,0.7,1,1,5.205128205128204,115.07692307692308,120.28205128205128,,6.299999999999997,118.8,125.1,0.6,0.6410256410256411,0,1.0,0,-0.5516285516285535,2.1309771309771293,1.5793485793485758,,0.0,2.6000000000000085,0.0,-0.06167706167706166,-2.0
22500553,2026-01-11,1,0.3684210526315789,38,0.6842105263157895,1,2,2.0,117.55263157894737,119.55263157894737,,0.0,118.2,118.2,0.5,0.5263157894736842,0,0.7777777777777778,38,0.9,2,0,13.44736842105263,108.21052631578948,121.65789473684211,,4.200000000000003,114.2,118.4,0.6,0.8421052631578947,2,-2.0,0,11.44736842105263,-9.34210526315789,2.10526315789474,,0.09999999999999998,4.200000000000003,1.0,0.3157894736842105,2.0
22500554,2026-01-11,1,0.4,38,0.5,2,0,-2.1578947368420955,115.26315789473684,113.10526315789474,,2.5999999999999943,109.2,111.8,0.6,0.4473684210526316,1,0.6818181818181818,38,0.625,2,1,5.26315789473685,117.84210526315789,123.10526315789474,,-5.400000000000006,123.0,117.6,0.4,0.6578947368421053,0,1.0,0,7.421052631578945,2.578947368421055,10.0,,-0.19999999999999996,-8.0,0.0,0.21052631578947373,-1.0
22500555,2026-01-11,1,0.2222222222222222,37,0.3157894736842105,2,2,-11.0,124.32432432432432,113.32432432432432,,-4.5,119.4,114.9,0.5,0.2702702702702703,0,0.5,38,0.7222222222222222,2,0,2.4736842105263293,112.26315789473684,114.73684210526316,,8.899999999999991,107.2,116.1,0.8,0.6052631578947368,2,-2.0,0,13.47368421052633,-12.061166429587487,1.4125177809388418,,0.30000000000000004,13.399999999999991,0.0,0.33499288762446655,2.0
22500556,2026-01-11,0,0.5454545454545454,40,0.3888888888888889,2,0,-0.32500000000000284,118.55,118.225,,0.9000000000000057,116.0,116.9,0.4,0.475,2,0.38095238095238093,39,0.7222222222222222,2,0,2.179487179487168,113.35897435897436,115.53846153846153,,5.099999999999994,115.0,120.1,0.7,0.5384615384615384,2,0.0,0,2.504487179487171,-5.191025641025632,-2.6865384615384613,,0.29999999999999993,4.199999999999989,0.0,0.06346153846153846,0.0
22500557,2026-01-11,1,0.5,35,0.8461538461538461,2,2,7.742857142857133,110.74285714285715,118.48571428571428,,4.0,108.5,112.5,0.5,0.6285714285714286,0,0.15,38,0.2777777777777778,2,7,-12.289473684210535,122.05263157894737,109.76315789473684,,-16.10000000000001,122.4,106.3,0.2,0.21052631578947367,0,5.0,0,-20.032330827067668,11.309774436090223,-8.722556390977445,,-0.3,-20.10000000000001,0.0,-0.4180451127819549,0.0
22500558,2026-01-12,0,0.23529411764705882,38,0.42857142857142855,2,1,-8.34210526315789,127.34210526315789,119.0,,-10.700000000000003,128.0,117.3,0.3,0.34210526315789475,0,0.47058823529411764,40,0.6086956521739131,2,0,2.375,117.575,119.95,,4.0,117.8,121.8,0.6,0.55,1,-1.0,0,10.71710526315789,-9.767105263157887,0.9500000000000028,,0.3,14.700000000000003,0.0,0.2078947368421053,1.0
22500559,2026-01-12,1,0.631578947368421,38,0.631578947368421,2,1,6.71052631578948,110.44736842105263,117.15789473684211,,8.799999999999997,110.3,119.1,0.7,0.631578947368421,0,0.1111111111111111,39,0.2857142857142857,2,0,-7.820512820512818,118.97435897435898,111.15384615384616,,-6.599999999999994,122.0,115.4,0.2,0.20512820512820512,2,-1.0,0,-14.531039136302297,8.526990553306348,-6.004048582995949,,-0.49999999999999994,-15.399999999999991,0.0,-0.4264507422402159,2.0
22500560,2026-01-12,0,0.6111111111111112,37,0.5263157894736842,1,1,1.6486486486486456,115.51351351351352,117.16216216216216,,2.0,115.7,117.7,0.5,0.5675675675675675,0,0.5789473684210527,40,0.6190476190476191,1,0,1.875,112.275,114.15,,4.1000000000000085,112.1,116.2,0.7,0.6,1,-1.0,0,0.22635135135135442,-3.23851351351351,-3.0121621621621557,,0.19999999999999996,2.1000000000000085,0.0,0.032432432432432434,1.0
22500561,2026-01-12,1,0.375,36,0.25,1,3,-5.027777777777786,113.86111111111111,108.83333333333333,,-2.799999999999997,109.6,106.8,0.4,0.3055555555555556,0,0.2222222222222222,38,0.5,2,2,-3.94736842105263,117.0,113.05263157894737,,-5.1000000000000085,117.9,112.8,0.3,0.3684210526315789,0,-1.0,0,1.0804093567251556,3.1388888888888857,4.219298245614041,,-0.10000000000000003,-2.3000000000000114,1.0,0.06286549707602335,0.0
22500562,2026-01-12,1,0.6842105263157895,36,0.5882352941176471,3,2,-0.3333333333333286,116.25,115.91666666666667,,-5.8999999999999915,113.3,107.4,0.4,0.6388888888888888,0,0.15,39,0.3157894736842105,1,0,-11.641025641025635,121.43589743589743,109.7948717948718,,-14.899999999999991,119.8,104.9,0.2,0.23076923076923078,1,-2.0,0,-11.307692307692307,5.185897435897431,-6.121794871794876,,-0.2,-9.0,-2.0,-0.40811965811965806,1.0
22500563,2026-01-12,1,0.35,39,0.3684210526315789,2,0,-0.3333333333333286,116.64102564102564,116.3076923076923,,10.600000000000009,109.3,119.9,0.5,0.358974358974359,1,0.3,38,0.5,2,0,-1.6578947368421098,113.60526315789474,111.94736842105263,,8.699999999999989,106.9,115.6,0.8,0.39473684210526316,2,0.0,0,-1.3245614035087812,-3.0357624831308954,-4.3603238866396765,,0.30000000000000004,-1.90000000000002,0.0,0.03576248313090419,1.0
22500564,2026-01-13,1,0.5,39,0.7368421052631579,2,0,2.897435897435898,111.76923076923077,114.66666666666667,,8.399999999999991,105.7,114.1,0.8,0.6153846153846154,3,0.35,39,0.6842105263157895,2,3,1.6410256410256494,117.71794871794872,119.35897435897436,,-0.5,117.4,116.9,0.5,0.5128205128205128,0,3.0,0,-1.2564102564102484,5.948717948717942,4.692307692307693,,-0.30000000000000004,-8.899999999999991,0.0,-0.10256410256410264,-3.0
22500565,2026-01-13,1,0.3888888888888889,38,0.55,3,0,-3.526315789473685,120.84210526315789,117.3157894736842,,-3.5,114.7,111.2,0.5,0.47368421052631576,1,0.4782608695652174,36,0.8461538461538461,2,3,7.166666666666671,110.75,117.91666666666667,,2.8000000000000114,107.1,109.9,0.5,0.6111111111111112,0,3.0,0,10.692982456140356,-10.09210526315789,0.6008771929824661,,0.0,6.300000000000011,-1.0,0.1374269005847954,-1.0
22500566,2026-01-13,0,0.5789473684210527,40,0.7142857142857143,2,0,5.099999999999994,114.775,119.875,,5.299999999999997,118.7,124.0,0.6,0.65,1,0.38095238095238093,39,0.5,2,1,-2.2051282051282044,115.07692307692308,112.87179487179488,,2.5,109.7,112.2,0.6,0.4358974358974359,0,1.0,0,-7.305128205128199,0.3019230769230745,-7.003205128205124,,0.0,-2.799999999999997,0.0,-0.21410256410256412,-1.0
22500567,2026-01-13,0,0.6818181818181818,39,0.6470588235294118,2,0,5.230769230769226,117.48717948717949,122.71794871794872,,-4.8999999999999915,120.3,115.4,0.5,0.6666666666666666,1,0.16666666666666666,41,0.2608695652173913,2,1,-7.536585365853668,122.41463414634147,114.8780487804878,,-8.299999999999997,121.2,112.9,0.1,0.21951219512195122,0,1.0,0,-12.767354596622894,4.927454659161981,-7.839899937460913,,-0.4,-3.4000000000000057,0.0,-0.44715447154471544,-1.0
22500568,2026-01-13,1,0.65,38,0.7222222222222222,2,1,5.578947368421041,112.71052631578948,118.28947368421052,,1.6000000000000085,109.8,111.4,0.5,0.6842105263157895,0,0.7777777777777778,39,0.9047619047619048,2,0,13.410256410256409,108.3076923076923,121.71794871794872,,7.3999999999999915,112.4,119.8,0.7,0.8461538461538461,3,-1.0,0,7.831309041835368,-4.402834008097173,3.428475033738195,,0.19999999999999996,5.799999999999983,0.0,0.16194331983805665,3.0
22500569,2026-01-13,1,0.5652173913043478,41,0.3888888888888889,2,0,0.0,118.36585365853658,118.36585365853658,,2.5,114.5,117.0,0.5,0.4878048780487805,3,0.65,37,0.5882352941176471,1,3,-0.6486486486486456,116.45945945945945,115.8108108108108,,-5.6000000000000085,115.4,109.8,0.4,0.6216216216216216,0,3.0,0,-0.6486486486486456,-1.906394199077127,-2.5550428477257725,,-0.09999999999999998,-8.100000000000009,-1.0,0.13381674357284112,-3.0
22500570,2026-01-13,1,0.45,40,0.5,2,1,-2.549999999999997,118.85,116.3,,0.0,113.9,113.9,0.7,0.475,0,0.38095238095238093,40,0.6842105263157895,2,1,1.7999999999999972,113.625,115.425,,1.5,117.7,119.2,0.6,0.525,0,0.0,0,4.349999999999994,-5.224999999999994,-0.875,,-0.09999999999999998,1.5,0.0,0.050000000000000044,0.0
22500571,2026-01-14,0,0.5789473684210527,41,0.5909090909090909,2,1,1.5121951219512226,112.34146341463415,113.85365853658537,,0.7000000000000028,114.5,115.2,0.6,0.5853658536585366,0,0.1111111111111111,40,0.3181818181818182,2,0,-7.575000000000003,118.4,110.825,,-4.700000000000003,120.5,115.8,0.3,0.225,3,-1.0,0,-9.087195121951225,6.058536585365857,-3.028658536585368,,-0.3,-5.400000000000006,0.0,-0.3603658536585366,3.0
22500572,2026-01-14,0,0.47058823529411764,41,0.5833333333333334,2,1,2.0487804878048763,117.70731707317073,119.7560975609756,,0.6000000000000085,118.3,118.9,0.5,0.5365853658536586,0,0.631578947368421,38,0.5263157894736842,2,0,1.94736842105263,115.15789473684211,117.10526315789474,,4.099999999999994,114.5,118.6,0.6,0.5789473684210527,1,-1.0,0,-0.10141206675224623,-2.549422336328618,-2.6508344030808644,,0.09999999999999998,3.499999999999986,0.0,0.042362002567394086,1.0
22500573,2026-01-14,1,0.2777777777777778,39,0.42857142857142855,2,0,-7.84615384615384,126.94871794871794,119.1025641025641,,-8.700000000000003,125.5,116.8,0.4,0.358974358974359,1,0.3684210526315789,39,0.55,1,1,-3.589743589743591,120.7948717948718,117.2051282051282,,-4.3999999999999915,114.3,109.9,0.4,0.46153846153846156,0,1.0,0,4.256410256410248,-6.153846153846146,-1.8974358974358978,,0.0,4.300000000000011,-1.0,0.10256410256410259,-1.0
22500574,2026-01-14,1,0.35294117647058826,37,0.25,2,4,-5.108108108108112,113.83783783783784,108.72972972972973,,-5.099999999999994,112.8,107.7,0.3,0.2972972972972973,0,0.16666666666666666,42,0.25,1,2,-7.5,122.4047619047619,114.9047619047619,,-8.200000000000003,121.9,113.7,0.1,0.21428571428571427,0,-2.0,0,-2.3918918918918877,8.56692406692406,6.175032175032172,,-0.19999999999999998,-3.1000000000000085,-1.0,-0.08301158301158304,0.0
22500575,2026-01-14,0,0.6956521739130435,40,0.6470588235294118,1,0,5.25,117.45,122.7,,-4.699999999999989,118.1,113.4,0.5,0.675,2,0.2222222222222222,39,0.5238095238095238,2,0,-3.641025641025635,116.6923076923077,113.05128205128206,,-3.700000000000003,116.5,112.8,0.4,0.38461538461538464,1,0.0,0,-8.891025641025635,-0.7576923076923094,-9.648717948717945,,-0.09999999999999998,0.9999999999999858,1.0,-0.2903846153846154,-1.0
22500576,2026-01-14,1,0.4444444444444444,38,0.8,3,0,4.3421052631579045,114.78947368421052,119.13157894736842,,-3.0,120.7,117.7,0.5,0.631578947368421,1,0.15,40,0.35,2,0,-11.049999999999997,121.2,110.15,,-12.800000000000011,117.4,104.6,0.3,0.25,2,0.0,0,-15.392105263157902,6.4105263157894825,-8.981578947368419,,-0.2,-9.800000000000011,-1.0,-0.381578947368421,1.0
22500577,2026-01-14,1,0.21052631578947367,38,0.3157894736842105,3,3,-11.21052631578948,124.0,112.78947368421052,,-4.700000000000003,118.0,113.3,0.5,0.2631578947368421,0,0.3,39,0.5263157894736842,2,0,-1.4102564102564088,113.48717948717949,112.07692307692308,,7.5,107.0,114.5,0.8,0.41025641025641024,3,-3.0,0,9.80026990553307,-10.512820512820511,-0.7125506072874401,,0.30000000000000004,12.200000000000003,-1.0,0.14709851551956815,3.0
22500579,2026-01-15,1,0.47619047619047616,40,0.7368421052631579,2,1,2.674999999999997,112.15,114.825,,7.1000000000000085,107.6,114.7,0.7,0.6,0,0.6842105263157895,37,0.7777777777777778,5,1,6.4594594594594525,111.27027027027027,117.72972972972973,,6.200000000000003,108.7,114.9,0.6,0.7297297297297297,0,0.0,0,3.7844594594594554,-0.879729729729732,2.9047297297297234,,-0.09999999999999998,-0.9000000000000057,3.0,0.12972972972972974,0.0
22500580,2026-01-15,0,0.6,39,0.631578947368421,3,2,6.487179487179489,110.12820512820512,116.61538461538461,,7.800000000000011,110.6,118.4,0.6,0.6153846153846154,0,0.35,40,0.7,2,0,1.75,117.8,119.55,,2.200000000000003,118.3,120.5,0.6,0.525,1,-2.0,0,-4.737179487179489,7.671794871794873,2.934615384615384,,0.0,-5.6000000000000085,-1.0,-0.0903846153846154,1.0
22500581,2026-01-15,0,0.7777777777777778,40,0.9090909090909091,2,0,13.600000000000009,108.05,121.65,,11.0,110.5,121.5,0.8,0.85,4,0.4782608695652174,37,0.8571428571428571,2,0,7.135135135135144,110.8108108108108,117.94594594594595,,5.400000000000006,105.6,111.0,0.6,0.6216216216216216,1,0.0,0,-6.464864864864865,2.76081081081081,-3.7040540540540547,,-0.20000000000000007,-5.599999999999994,0.0,-0.22837837837837838,-3.0
22500582,2026-01-15,1,0.38095238095238093,40,0.47368421052631576,2,2,-2.9749999999999943,115.675,112.7,,-2.5,114.2,111.7,0.5,0.425,0,0.6190476190476191,39,0.7222222222222222,2,2,4.897435897435898,112.87179487179488,117.76923076923077,,-2.0,111.5,109.5,0.4,0.6666666666666666,0,0.0,0,7.872435897435892,-2.8032051282051214,5.069230769230771,,-0.09999999999999998,0.5,0.0,0.24166666666666664,0.0
22500583,2026-01-15,1,0.2631578947368421,40,0.42857142857142855,1,1,-7.699999999999989,126.975,119.275,,-9.100000000000009,125.4,116.3,0.3,0.35,0,0.2222222222222222,40,0.5,1,1,-3.7749999999999915,116.725,112.95,,-4.700000000000003,115.3,110.6,0.3,0.375,0,0.0,0,3.924999999999997,-10.25,-6.325000000000003,,0.0,4.400000000000006,0.0,0.025000000000000022,0.0
22500584,2026-01-15,1,0.42105263157894735,39,0.8,1,1,3.948717948717956,114.71794871794872,118.66666666666667,,-4.299999999999997,119.5,115.2,0.4,0.6153846153846154,0,0.38095238095238093,41,0.7,2,0,2.292682926829272,113.21951219512195,115.51219512195122,,2.700000000000003,115.8,118.5,0.6,0.5365853658536586,1,-1.0,0,-1.656035021888684,-1.4984365228267649,-3.1544715447154488,,0.19999999999999996,7.0,1.0,-0.07879924953095685,1.0
22500585,2026-01-15,1,0.5416666666666666,42,0.3888888888888889,2,1,-0.5952380952380878,118.9047619047619,118.30952380952381,,1.5,116.0,117.5,0.5,0.47619047619047616,0,0.42857142857142855,41,0.5,2,2,-3.0243902439024453,118.85365853658537,115.82926829268293,,-0.6000000000000085,113.9,113.3,0.7,0.4634146341463415,0,1.0,0,-2.4291521486643575,-0.05110336817652694,-2.4802555168408844,,0.19999999999999996,-2.1000000000000085,0.0,-0.012775842044134678,0.0
22500586,2026-01-15,0,0.3333333333333333,40,0.3684210526315789,3,1,-0.5250000000000057,116.65,116.125,,8.100000000000009,110.1,118.2,0.4,0.35,0,0.65,38,0.6111111111111112,2,0,0.02631578947368496,116.44736842105263,116.47368421052632,,-0.7000000000000028,113.8,113.1,0.5,0.631578947368421,1,-1.0,0,0.5513157894736906,-0.2026315789473756,0.34868421052631504,,0.09999999999999998,-8.800000000000011,-1.0,0.28157894736842104,1.0
22500587,2026-01-16,1,0.3684210526315789,40,0.5714285714285714,2,0,-3.450000000000003,120.925,117.475,,-4.900000000000006,116.7,111.8,0.4,0.475,1,0.3333333333333333,38,0.25,2,5,-5.05263157894737,113.89473684210526,108.84210526315789,,-6.200000000000003,113.8,107.6,0.2,0.2894736842105263,0,5.0,0,-1.602631578947367,-7.030263157894737,-8.632894736842104,,-0.2,-1.2999999999999972,0.0,-0.18552631578947365,-1.0
22500588,2026-01-16,1,0.16666666666666666,43,0.28,2,0,-7.255813953488371,122.18604651162791,114.93023255813954,,-7.0,120.9,113.9,0.2,0.23255813953488372,1,0.1111111111111111,41,0.30434782608695654,2,1,-7.731707317073173,118.3170731707317,110.58536585365853,,-4.299999999999997,118.0,113.7,0.3,0.21951219512195122,0,1.0,0,-0.4758933635848024,-3.868973340896204,-4.3448667044810065,,0.09999999999999998,2.700000000000003,0.0,-0.013045944412932498,-1.0
22500589,2026-01-16,0,0.5,42,0.5833333333333334,2,0,2.6190476190476204,117.45238095238095,120.07142857142857,,3.3999999999999915,116.4,119.8,0.6,0.5476190476190477,1,0.631578947368421,39,0.5,2,1,1.2307692307692264,115.61538461538461,116.84615384615384,,2.1999999999999886,116.9,119.1,0.6,0.5641025641025641,0,1.0,0,-1.388278388278394,-1.8369963369963358,-3.22527472527473,,0.0,-1.2000000000000028,0.0,0.016483516483516425,-1.0
22500590,2026-01-16,0,0.3,40,0.55,2,0,-1.0250000000000057,113.275,112.25,,7.299999999999997,107.2,114.5,0.8,0.425,4,0.6,42,0.5909090909090909,2,0,1.8095238095238102,112.07142857142857,113.88095238095238,,4.200000000000003,110.8,115.0,0.7,0.5952380952380952,1,0.0,0,2.834523809523816,-1.2035714285714363,1.6309523809523796,,-0.10000000000000009,-3.0999999999999943,0.0,0.17023809523809524,-3.0
22500591,2026-01-16,1,0.6,41,0.7142857142857143,3,0,5.7804878048780495,114.5609756097561,120.34146341463415,,9.0,115.1,124.1,0.7,0.6585365853658537,2,0.4782608695652174,38,0.8,1,1,6.421052631578959,110.8157894736842,117.23684210526316,,1.1000000000000085,107.1,108.2,0.5,0.6052631578947368,0,1.0,0,0.6405648267009099,-3.7451861360718937,-3.104621309370984,,-0.19999999999999996,-7.8999999999999915,-2.0,-0.05327342747111685,-2.0
22500592,2026-01-16,1,0.2,39,0.3157894736842105,2,4,-11.282051282051285,123.87179487179488,112.58974358974359,,-8.200000000000003,118.2,110.0,0.4,0.2564102564102564,0,0.15,41,0.38095238095238093,2,0,-10.512195121951223,120.70731707317073,110.1951219512195,,-12.299999999999997,116.8,104.5,0.3,0.2682926829268293,3,-4.0,0,0.769856160100062,-3.164477798624148,-2.394621638524086,,-0.10000000000000003,-4.099999999999994,0.0,0.011882426516572897,3.0
22500593,2026-01-17,1,0.25,41,0.42857142857142855,2,2,-8.048780487804876,127.39024390243902,119.34146341463415,,-12.600000000000009,128.4,115.8,0.2,0.34146341463414637,0,0.2222222222222222,41,0.5217391304347826,2,0,-3.146341463414643,116.85365853658537,113.70731707317073,,-1.5,114.9,113.4,0.4,0.3902439024390244,1,-2.0,0,4.902439024390233,-10.536585365853654,-5.6341463414634205,,0.2,11.100000000000009,0.0,0.04878048780487804,1.0
22500594,2026-01-17,0,0.6190476190476191,40,0.631578947368421,2,0,6.450000000000003,110.225,116.675,,6.5,109.8,116.3,0.6,0.625,1,0.52,43,0.3888888888888889,2,2,-0.9534883720930196,118.86046511627907,117.90697674418605,,0.19999999999998863,114.9,115.1,0.5,0.46511627906976744,0,2.0,0,-7.4034883720930225,8.635465116279079,1.2319767441860563,,-0.09999999999999998,-6.300000000000011,0.0,-0.15988372093023256,-1.0
22500595,2026-01-17,1,0.1111111111111111,42,0.3333333333333333,1,0,-7.357142857142847,118.33333333333333,110.97619047619048,,-0.9000000000000057,115.7,114.8,0.4,0.23809523809523808,1,0.6842105263157895,38,0.7894736842105263,2,0,6.368421052631575,111.10526315789474,117.47368421052632,,5.700000000000003,109.0,114.7,0.6,0.7368421052631579,1,0.0,0,13.725563909774422,-7.228070175438589,6.497493734335833,,0.19999999999999996,6.6000000000000085,1.0,0.49874686716791977,0.0
22500596,2026-01-17,0,0.45454545454545453,41,0.7368421052631579,2,2,2.5365853658536537,112.04878048780488,114.58536585365853,,5.900000000000006,107.0,112.9,0.6,0.5853658536585366,0,0.4,40,0.8,2,2,3.5250000000000057,115.0,118.525,,-5.8999999999999915,119.6,113.7,0.3,0.6,0,0.0,0,0.988414634146352,2.9512195121951237,3.9396341463414757,,-0.3,-11.799999999999997,0.0,0.014634146341463428,0.0
22500597,2026-01-17,1,0.7894736842105263,41,0.9090909090909091,2,0,13.756097560975604,107.63414634146342,121.39024390243902,,10.5,109.2,119.7,0.8,0.8536585365853658,5,0.35,41,0.6666666666666666,2,1,1.5853658536585442,117.82926829268293,119.41463414634147,,0.20000000000000284,119.1,119.3,0.5,0.5121951219512195,0,1.0,0,-12.17073170731706,10.195121951219505,-1.9756097560975547,,-0.30000000000000004,-10.299999999999997,0.0,-0.3414634146341463,-5.0
22500598,2026-01-17,1,0.5714285714285714,42,0.7142857142857143,1,1,5.523809523809533,114.45238095238095,119.97619047619048,,10.100000000000009,113.8,123.9,0.7,0.6428571428571429,0,0.6190476190476191,40,0.7368421052631579,2,0,5.224999999999994,112.575,117.8,,1.0999999999999943,108.9,110.0,0.5,0.675,1,-1.0,0,-0.2988095238095383,-1.8773809523809462,-2.1761904761904844,,-0.19999999999999996,-9.000000000000014,1.0,0.03214285714285714,1.0
22500599,2026-01-17,1,0.36363636363636365,41,0.3684210526315789,2,0,-0.07317073170732158,116.65853658536585,116.58536585365853,,8.400000000000006,111.3,119.7,0.4,0.36585365853658536,1,0.38095238095238093,42,0.7142857142857143,2,0,2.547619047619051,113.21428571428571,115.76190476190476,,5.400000000000006,113.0,118.4,0.7,0.5476190476190477,2,0.0,0,2.6207897793263726,-3.4442508710801434,-0.8234610917537708,,0.29999999999999993,-3.0,0.0,0.18176538908246231,1.0
22500600,2026-01-17,1,0.19047619047619047,40,0.3157894736842105,1,5,-11.324999999999989,123.975,112.65,,-9.899999999999991,119.8,109.9,0.3,0.25,0,0.7083333333333334,41,0.6470588235294118,3,0,5.341463414634134,117.2439024390244,122.58536585365853,,-3.700000000000003,116.3,112.6,0.6,0.6829268292682927,3,-5.0,0,16.666463414634123,-6.7310975609755985,9.935365853658524,,0.3,6.199999999999989,2.0,0.43292682926829273,3.0
22500601,2026-01-17,1,0.65,39,0.5789473684210527,2,1,-0.4358974358974308,116.92307692307692,116.48717948717949,,-0.20000000000000284,115.4,115.2,0.5,0.6153846153846154,0,0.42857142857142855,42,0.5238095238095238,2,0,-2.5714285714285694,118.42857142857143,115.85714285714286,,0.3999999999999915,113.2,113.6,0.7,0.47619047619047616,1,-1.0,0,-2.1355311355311386,1.5054945054945108,-0.6300366300366278,,0.19999999999999996,0.5999999999999943,0.0,-0.13919413919413925,1.0
22500603,2026-01-18,1,0.3333333333333333,39,0.2857142857142857,2,0,-4.846153846153854,113.76923076923077,108.92307692307692,,-7.5,114.0,106.5,0.2,0.3076923076923077,1,0.35,41,0.5714285714285714,2,1,-3.439024390243901,120.70731707317073,117.26829268292683,,-4.299999999999997,116.7,112.4,0.4,0.4634146341463415,0,1.0,0,1.4071294559099528,6.938086303939954,8.345215759849907,,0.2,3.200000000000003,0.0,0.15572232645403378,-1.0
22500604,2026-01-18,1,0.15789473684210525,44,0.28,2,1,-7.2727272727272805,122.29545454545455,115.02272727272727,,-7.299999999999997,120.6,113.3,0.2,0.22727272727272727,0,0.4782608695652174,39,0.8125,2,0,6.384615384615387,110.66666666666667,117.05128205128206,,-0.09999999999999432,107.6,107.5,0.5,0.6153846153846154,1,-1.0,0,13.657342657342667,-11.628787878787875,2.028554778554792,,0.3,7.200000000000003,0.0,0.3881118881118881,1.0
22500605,2026-01-18,0,0.34782608695652173,42,0.3684210526315789,1,1,-0.547619047619051,117.11904761904762,116.57142857142857,,7.400000000000006,112.6,120.0,0.4,0.35714285714285715,0,0.7083333333333334,42,0.6666666666666666,1,0,5.357142857142861,117.19047619047619,122.54761904761905,,-0.6999999999999886,113.1,112.4,0.7,0.6904761904761905,4,-1.0,0,5.904761904761912,0.0714285714285694,5.976190476190482,,0.29999999999999993,-8.099999999999994,0.0,0.3333333333333333,4.0
22500606,2026-01-18,0,0.42857142857142855,43,0.5454545454545454,1,0,-2.139534883720927,118.37209302325581,116.23255813953489,,1.7000000000000028,112.6,114.3,0.7,0.4883720930232558,2,0.15,42,0.4090909090909091,2,0,-9.952380952380949,120.57142857142857,110.61904761904762,,-8.599999999999994,115.8,107.2,0.4,0.2857142857142857,4,0.0,0,-7.812846068660022,2.199335548172755,-5.613510520487267,,-0.29999999999999993,-10.299999999999997,1.0,-0.2026578073089701,2.0
22500607,2026-01-18,1,0.6,43,0.5652173913043478,2,1,1.6744186046511658,112.27906976744185,113.95348837209302,,2.3999999999999915,110.2,112.6,0.6,0.5813953488372093,0,0.6190476190476191,40,0.5789473684210527,1,2,-0.8250000000000028,117.3,116.475,,-4.200000000000003,118.5,114.3,0.4,0.6,0,1.0,0,-2.4994186046511686,5.020930232558143,2.5215116279069747,,-0.19999999999999996,-6.599999999999994,-1.0,0.018604651162790642,0.0
22500014,2026-01-19,0,0.36363636363636365,41,0.47368421052631576,4,3,-3.341463414634134,115.7560975609756,112.41463414634147,,-2.1999999999999886,113.6,111.4,0.5,0.4146341463414634,0,0.52,44,0.3684210526315789,2,3,-1.5227272727272663,119.1590909090909,117.63636363636364,,-1.2999999999999972,114.1,112.8,0.5,0.45454545454545453,0,0.0,0,1.818736141906868,3.4029933481153023,5.22172949002217,,0.0,0.8999999999999915,-2.0,0.039911308203991136,0.0
22500015,2026-01-19,0,0.75,42,0.9090909090909091,2,1,13.38095238095238,107.97619047619048,121.35714285714286,,9.200000000000003,108.5,117.7,0.7,0.8333333333333334,0,0.5263157894736842,43,0.5833333333333334,3,0,2.6046511627907023,117.3953488372093,120.0,,5.299999999999997,116.2,121.5,0.7,0.5581395348837209,2,-1.0,0,-10.776301218161677,9.419158361018816,-1.3571428571428612,,0.0,-3.9000000000000057,1.0,-0.27519379844961245,2.0
22500016,2026-01-19,0,0.2222222222222222,42,0.5416666666666666,2,0,-2.642857142857139,116.92857142857143,114.28571428571429,,0.9000000000000057,115.6,116.5,0.5,0.40476190476190477,2,0.4,41,0.7619047619047619,2,3,3.268292682926827,114.78048780487805,118.04878048780488,,-7.1000000000000085,117.7,110.6,0.2,0.5853658536585366,0,3.0,0,5.911149825783966,-2.148083623693381,3.7630662020905845,,-0.3,-8.000000000000014,0.0,0.18060394889663178,-2.0
22500017,2026-01-19,1,0.6363636363636364,41,0.631578947368421,2,0,6.926829268292678,110.1219512195122,117.04878048780488,,9.700000000000003,109.0,118.7,0.7,0.6341463414634146,2,0.6842105263157895,39,0.8,2,0,7.307692307692307,110.25641025641026,117.56410256410257,,9.100000000000009,104.1,113.2,0.6,0.7435897435897436,2,0.0,0,0.3808630393996282,0.1344590368980647,0.5153220762976929,,-0.09999999999999998,-0.5999999999999943,0.0,0.10944340212632897,0.0
22500608,2026-01-19,0,0.3333333333333333,41,0.55,3,0,-0.9024390243902332,113.36585365853658,112.46341463414635,,6.400000000000006,109.0,115.4,0.8,0.43902439024390244,5,0.18181818181818182,41,0.3157894736842105,2,6,-11.19512195121952,123.90243902439025,112.70731707317073,,-9.100000000000009,120.4,111.3,0.3,0.24390243902439024,0,6.0,0,-10.292682926829286,10.536585365853668,0.24390243902438158,,-0.5,-15.500000000000014,-1.0,-0.1951219512195122,-5.0
22500609,2026-01-19,1,0.10526315789473684,43,0.3333333333333333,2,1,-8.186046511627907,118.3953488372093,110.20930232558139,,-4.5,115.2,110.7,0.4,0.23255813953488372,0,0.631578947368421,40,0.47619047619047616,3,2,1.1499999999999915,115.65,116.8,,4.5,115.7,120.2,0.6,0.55,0,1.0,0,9.336046511627899,-2.745348837209292,6.590697674418607,,0.19999999999999996,9.0,1.0,0.31744186046511635,0.0
22500610,2026-01-19,0,0.4782608695652174,42,0.7368421052631579,2,0,2.642857142857139,111.73809523809524,114.38095238095238,,5.200000000000003,106.8,112.0,0.6,0.5952380952380952,1,0.3157894736842105,40,0.2857142857142857,1,1,-5.275000000000006,114.025,108.75,,-8.400000000000006,114.4,106.0,0.2,0.3,0,1.0,0,-7.9178571428571445,2.286904761904765,-5.63095238095238,,-0.39999999999999997,-13.600000000000009,-1.0,-0.29523809523809524,-1.0
22500611,2026-01-19,1,0.23809523809523808,42,0.42857142857142855,2,3,-8.285714285714278,127.64285714285714,119.35714285714286,,-13.400000000000006,129.3,115.9,0.2,0.3333333333333333,0,0.6190476190476191,41,0.75,2,0,5.170731707317074,112.82926829268293,118.0,,2.5999999999999943,109.9,112.5,0.6,0.6829268292682927,2,-3.0,0,13.456445993031352,-14.813588850174213,-1.3571428571428612,,0.39999999999999997,16.0,0.0,0.3495934959349594,2.0
22500612,2026-01-19,1,0.35,42,0.6818181818181818,2,0,1.595238095238102,117.88095238095238,119.47619047619048,,-2.200000000000003,119.5,117.3,0.5,0.5238095238095238,1,0.38095238095238093,43,0.7272727272727273,2,0,2.953488372093034,113.27906976744185,116.23255813953489,,6.099999999999994,113.9,120.0,0.7,0.5581395348837209,3,0.0,0,1.3582502768549318,-4.601882613510526,-3.243632336655594,,0.19999999999999996,8.299999999999997,0.0,0.034330011074197087,2.0
22500613,2026-01-20,0,0.5,43,0.7368421052631579,1,0,2.7906976744185954,111.86046511627907,114.65116279069767,,7.700000000000003,105.6,113.3,0.7,0.6046511627906976,2,0.631578947368421,41,0.5,1,0,1.3414634146341484,115.36585365853658,116.70731707317073,,5.099999999999994,112.5,117.6,0.6,0.5609756097560976,1,0.0,0,-1.449234259784447,3.5053885422575064,2.0561542824730594,,-0.09999999999999998,-2.6000000000000085,0.0,-0.04367555303460002,-1.0
22500614,2026-01-20,1,0.36363636363636365,42,0.55,1,0,-0.7857142857142918,113.19047619047619,112.4047619047619,,2.700000000000003,110.6,113.3,0.8,0.4523809523809524,6,0.35,42,0.5909090909090909,2,0,-2.8333333333333286,120.26190476190476,117.42857142857143,,1.4000000000000057,113.3,114.7,0.5,0.47619047619047616,1,0.0,0,-2.047619047619037,7.071428571428569,5.023809523809533,,-0.30000000000000004,-1.2999999999999972,1.0,0.02380952380952378,-5.0
22500615,2026-01-20,1,0.6190476190476191,42,0.7619047619047619,1,0,5.357142857142861,112.76190476190476,118.11904761904762,,3.700000000000003,107.7,111.4,0.6,0.6904761904761905,3,0.4782608695652174,40,0.8235294117647058,2,0,6.449999999999989,110.65,117.1,,0.09999999999999432,106.7,106.8,0.5,0.625,2,0.0,0,1.0928571428571274,-2.1119047619047535,-1.019047619047626,,-0.09999999999999998,-3.6000000000000085,1.0,-0.06547619047619047,-1.0
22500616,2026-01-20,1,0.5454545454545454,43,0.7142857142857143,3,2,5.325581395348834,114.72093023255815,120.04651162790698,,6.299999999999997,116.3,122.6,0.6,0.627906976744186,0,0.22727272727272727,43,0.42857142857142855,1,4,-8.395348837209312,127.53488372093024,119.13953488372093,,-13.000000000000014,129.8,116.8,0.2,0.32558139534883723,0,2.0,0,-13.720930232558146,12.813953488372093,-0.9069767441860535,,-0.39999999999999997,-19.30000000000001,-2.0,-0.3023255813953488,0.0
22500617,2026-01-20,0,0.6190476190476191,41,0.6,2,0,-0.39024390243902474,116.70731707317073,116.3170731707317,,-0.29999999999999716,115.0,114.7,0.5,0.6097560975609756,1,0.7083333333333334,43,0.631578947368421,2,1,4.697674418604663,117.02325581395348,121.72093023255815,,-3.299999999999997,113.8,110.5,0.6,0.6744186046511628,0,1.0,0,5.087918321043688,0.3159387407827552,5.403857061826443,,0.09999999999999998,-3.0,0.0,0.06466250709018717,-1.0
22500618,2026-01-20,0,0.5714285714285714,44,0.5652173913043478,2,2,1.25,112.22727272727273,113.47727272727273,,0.6000000000000085,110.6,111.2,0.5,0.5681818181818182,0,0.38095238095238093,44,0.7391304347826086,1,0,3.4090909090909065,113.25,116.6590909090909,,7.700000000000003,112.6,120.3,0.7,0.5681818181818182,4,-2.0,0,2.1590909090909065,1.0227272727272663,3.1818181818181728,,0.19999999999999996,7.099999999999994,-1.0,0.0,4.0
22500619,2026-01-20,0,0.3333333333333333,43,0.6818181818181818,1,1,1.0232558139534973,118.27906976744185,119.30232558139535,,-6.900000000000006,120.7,113.8,0.4,0.5116279069767442,0,0.15,43,0.391304347826087,2,1,-9.883720930232556,120.48837209302326,110.6046511627907,,-5.200000000000003,114.4,109.2,0.4,0.27906976744186046,0,0.0,0,-10.906976744186053,2.2093023255814046,-8.697674418604649,,0.0,1.7000000000000028,1.0,-0.23255813953488375,0.0
22500620,2026-01-21,0,0.5263157894736842,44,0.56,2,1,1.8181818181818272,117.81818181818181,119.63636363636364,,0.8999999999999915,119.7,120.6,0.6,0.5454545454545454,0,0.375,43,0.3684210526315789,3,0,0.0,116.4186046511628,116.4186046511628,,10.400000000000006,108.1,118.5,0.5,0.37209302325581395,1,-1.0,0,-1.8181818181818272,-1.399577167019018,-3.2177589852008452,,-0.09999999999999998,9.500000000000014,1.0,-0.17336152219873147,1.0
22500621,2026-01-21,1,0.1,44,0.3333333333333333,2,2,-8.204545454545453,118.27272727272727,110.06818181818181,,-5.200000000000003,115.3,110.1,0.4,0.22727272727272727,0,0.6086956521739131,42,0.631578947368421,2,1,6.738095238095227,109.97619047619048,116.71428571428571,,8.599999999999994,107.5,116.1,0.6,0.6190476190476191,0,-1.0,0,14.94264069264068,-8.296536796536785,6.646103896103895,,0.19999999999999996,13.799999999999997,0.0,0.3917748917748918,0.0
22500622,2026-01-21,1,0.3157894736842105,41,0.2727272727272727,2,2,-5.3658536585365795,114.3170731707317,108.95121951219512,,-6.900000000000006,115.0,108.1,0.2,0.2926829268292683,0,0.4,42,0.7272727272727273,2,4,2.785714285714292,114.76190476190476,117.54761904761905,,-8.600000000000009,115.7,107.1,0.2,0.5714285714285714,0,2.0,0,8.151567944250871,0.44483159117305604,8.596399535423927,,0.0,-1.7000000000000028,0.0,0.2787456445993031,0.0
22500623,2026-01-21,0,0.52,45,0.35,2,4,-1.5333333333333314,119.0,117.46666666666667,,-3.8999999999999915,115.1,111.2,0.4,0.4444444444444444,0,0.42105263157894735,39,0.45,10,0,-1.2564102564102626,116.17948717948718,114.92307692307692,,-0.4000000000000057,117.2,116.8,0.4,0.4358974358974359,1,-4.0,0,0.27692307692306883,-2.8205128205128176,-2.5435897435897488,,0.0,3.499999999999986,8.0,-0.008547008547008517,1.0
22500624,2026-01-21,0,0.6842105263157895,40,0.8095238095238095,2,0,7.1499999999999915,110.075,117.225,,9.400000000000006,101.3,110.7,0.7,0.75,3,0.15,45,0.28,3,2,-7.311111111111117,122.22222222222223,114.91111111111111,,-6.599999999999994,119.1,112.5,0.2,0.2222222222222222,0,2.0,0,-14.461111111111109,12.147222222222226,-2.313888888888883,,-0.49999999999999994,-16.0,1.0,-0.5277777777777778,-3.0
22500625,2026-01-21,0,0.7619047619047619,43,0.9090909090909091,2,0,13.813953488372093,107.88372093023256,121.69767441860465,,9.5,109.4,118.9,0.7,0.8372093023255814,1,0.391304347826087,42,0.47368421052631576,2,0,-3.2142857142857224,115.61904761904762,112.4047619047619,,-2.8999999999999915,114.3,111.4,0.5,0.42857142857142855,1,0.0,0,-17.028239202657815,7.735326688815064,-9.29291251384275,,-0.19999999999999996,-12.399999999999991,0.0,-0.4086378737541529,0.0
22500626,2026-01-21,0,0.5909090909090909,45,0.5652173913043478,1,0,1.62222222222222,112.55555555555556,114.17777777777778,,2.700000000000003,112.7,115.4,0.6,0.5777777777777777,1,0.15,44,0.375,1,2,-9.954545454545453,120.70454545454545,110.75,,-5.1000000000000085,115.4,110.3,0.4,0.2727272727272727,0,2.0,0,-11.576767676767673,8.148989898989896,-3.427777777777777,,-0.19999999999999996,-7.800000000000011,0.0,-0.305050505050505,-1.0
22500627,2026-01-22,0,0.375,44,0.35,1,1,-0.1590909090909065,115.9090909090909,115.75,,9.799999999999997,105.3,115.1,0.5,0.36363636363636365,0,0.45,39,0.6842105263157895,11,0,1.564102564102555,114.56410256410257,116.12820512820512,,-2.0999999999999943,115.5,113.4,0.5,0.5641025641025641,1,-1.0,0,1.7231934731934615,-1.3449883449883373,0.3782051282051242,,0.0,-11.899999999999991,10.0,0.20046620046620045,1.0
22500628,2026-01-22,1,0.4782608695652174,41,0.8333333333333334,2,0,6.41463414634147,110.53658536585365,116.95121951219512,,-1.7999999999999972,107.7,105.9,0.5,0.6341463414634146,3,0.631578947368421,42,0.4782608695652174,2,1,1.1666666666666714,115.38095238095238,116.54761904761905,,3.0,113.3,116.3,0.5,0.5476190476190477,0,1.0,0,-5.247967479674799,4.844367015098726,-0.4036004645760727,,0.0,4.799999999999997,0.0,-0.08652729384436697,-3.0
22500629,2026-01-22,0,0.7083333333333334,44,0.6,2,2,4.4090909090909065,116.97727272727273,121.38636363636364,,-3.5999999999999943,114.0,110.4,0.6,0.6590909090909091,0,0.18181818181818182,42,0.3,3,7,-11.023809523809518,123.57142857142857,112.54761904761905,,-9.599999999999994,120.1,110.5,0.2,0.23809523809523808,0,5.0,0,-15.432900432900425,6.594155844155836,-8.83874458874459,,-0.39999999999999997,-6.0,1.0,-0.420995670995671,0.0
22500630,2026-01-22,1,0.38095238095238093,45,0.7083333333333334,2,1,2.933333333333337,113.95555555555555,116.88888888888889,,9.599999999999994,114.0,123.6,0.7,0.5555555555555556,0,0.2631578947368421,43,0.5416666666666666,3,0,-2.1860465116279073,116.46511627906976,114.27906976744185,,2.9000000000000057,112.8,115.7,0.6,0.4186046511627907,3,-1.0,0,-5.119379844961244,2.5095607235142126,-2.609819121447032,,-0.09999999999999998,-6.699999999999989,1.0,-0.13695090439276486,3.0
22500631,2026-01-22,0,0.35,43,0.6086956521739131,2,0,-2.1162790697674296,120.02325581395348,117.90697674418605,,2.5999999999999943,112.5,115.1,0.5,0.4883720930232558,2,0.5217391304347826,44,0.7142857142857143,2,3,5.0909090909090935,115.0,120.0909090909091,,8.199999999999989,116.4,124.6,0.6,0.6136363636363636,0,3.0,0,7.207188160676523,-5.023255813953483,2.18393234672304,,0.09999999999999998,5.599999999999994,0.0,0.12526427061310785,-2.0
22500632,2026-01-22,0,0.5909090909090909,43,0.7619047619047619,2,1,5.11627906976743,112.72093023255815,117.83720930232558,,2.200000000000003,107.5,109.7,0.5,0.6744186046511628,0,0.22727272727272727,44,0.45454545454545453,2,0,-8.090909090909093,127.4090909090909,119.31818181818181,,-11.599999999999994,129.7,118.1,0.3,0.3409090909090909,1,-1.0,0,-13.207188160676523,14.68816067653276,1.4809725158562372,,-0.2,-13.799999999999997,0.0,-0.3335095137420719,1.0
22500633,2026-01-22,1,0.6363636363636364,42,0.6,2,0,-0.1904761904761898,116.47619047619048,116.28571428571429,,-0.19999999999998863,113.6,113.4,0.5,0.6190476190476191,2,0.34782608695652173,43,0.55,2,1,-1.4186046511627808,113.76744186046511,112.34883720930233,,-1.7999999999999972,114.3,112.5,0.7,0.4418604651162791,0,1.0,0,-1.228128460686591,-2.7087486157253693,-3.9368770764119603,,0.19999999999999996,-1.6000000000000085,0.0,-0.17718715393134,-2.0
22500634,2026-01-22,1,0.36363636363636365,44,0.6818181818181818,2,0,1.2954545454545467,118.25,119.54545454545455,,-6.200000000000003,121.2,115.0,0.4,0.5227272727272727,1,0.45454545454545453,44,0.5454545454545454,4,0,-1.931818181818187,118.18181818181819,116.25,,5.299999999999997,111.2,116.5,0.8,0.5,3,0.0,0,-3.2272727272727337,-0.06818181818181301,-3.2954545454545467,,0.4,11.5,2.0,-0.022727272727272707,2.0
22500635,2026-01-23,0,0.4583333333333333,42,0.8333333333333334,1,1,6.11904761904762,110.95238095238095,117.07142857142857,,-1.7999999999999972,109.5,107.7,0.5,0.6190476190476191,0,0.7,41,0.8095238095238095,2,0,7.170731707317074,109.92682926829268,117.09756097560975,,11.5,100.5,112.0,0.8,0.7560975609756098,4,-1.0,0,1.0516840882694538,-1.0255516840882706,0.026132404181183233,,0.30000000000000004,13.299999999999997,1.0,0.1370499419279907,4.0
22500636,2026-01-23,1,0.52,44,0.7368421052631579,3,0,2.863636363636374,111.81818181818181,114.68181818181819,,5.599999999999994,106.4,112.0,0.7,0.6136363636363636,3,0.5384615384615384,46,0.35,2,0,-1.4565217391304373,119.06521739130434,117.6086956521739,,-4.900000000000006,117.4,112.5,0.4,0.45652173913043476,1,0.0,0,-4.320158102766811,7.247035573122531,2.92687747035572,,-0.29999999999999993,-10.5,-1.0,-0.1571146245059289,-2.0
22500637,2026-01-23,0,0.6086956521739131,43,0.65,2,0,6.9302325581395365,109.83720930232558,116.76744186046511,,8.700000000000003,107.3,116.0,0.6,0.627906976744186,1,0.3,42,0.2727272727272727,2,3,-6.523809523809518,114.45238095238095,107.92857142857143,,-10.299999999999997,115.1,104.8,0.2,0.2857142857142857,0,3.0,0,-13.454042081949055,4.615171650055373,-8.838870431893682,,-0.39999999999999997,-19.0,0.0,-0.34219269102990035,-1.0
22500638,2026-01-23,1,0.15,45,0.36,2,3,-10.022222222222226,120.73333333333333,110.71111111111111,,-3.700000000000003,114.7,111.0,0.4,0.26666666666666666,0,0.55,45,0.56,2,0,1.933333333333323,117.13333333333334,119.06666666666666,,0.0,117.1,117.1,0.6,0.5555555555555556,1,-3.0,0,11.955555555555549,-3.5999999999999943,8.355555555555554,,0.19999999999999996,3.700000000000003,0.0,0.2888888888888889,1.0
22500639,2026-01-23,0,0.15,46,0.2692307692307692,2,3,-7.326086956521735,122.0,114.67391304347827,,-6.099999999999994,118.1,112.0,0.2,0.21739130434782608,0,0.42105263157894735,40,0.42857142857142855,2,1,-1.2750000000000057,116.375,115.1,,-1.5,116.8,115.3,0.3,0.425,0,-2.0,0,6.051086956521729,-5.625,0.4260869565217291,,0.09999999999999998,4.599999999999994,0.0,0.2076086956521739,0.0
22500640,2026-01-23,0,0.72,45,0.6,1,0,4.533333333333331,116.53333333333333,121.06666666666666,,-1.4000000000000057,111.0,109.6,0.7,0.6666666666666666,1,0.391304347826087,43,0.45,2,1,-3.604651162790688,115.76744186046511,112.16279069767442,,-5.900000000000006,115.2,109.3,0.4,0.4186046511627907,0,1.0,0,-8.13798449612402,-0.7658914728682191,-8.903875968992239,,-0.29999999999999993,-4.5,1.0,-0.2480620155038759,-1.0
22500641,2026-01-23,0,0.09523809523809523,45,0.3333333333333333,2,3,-8.355555555555554,118.28888888888889,109.93333333333334,,-5.700000000000003,114.9,109.2,0.4,0.2222222222222222,0,0.7727272727272727,44,0.9090909090909091,2,0,13.954545454545453,107.75,121.70454545454545,,7.799999999999997,110.2,118.0,0.7,0.8409090909090909,2,-3.0,0,22.310101010101008,-10.538888888888891,11.771212121212116,,0.29999999999999993,13.5,0.0,0.6186868686868687,2.0
22500642,2026-01-23,0,0.6086956521739131,46,0.5652173913043478,2,0,1.8695652173912976,112.47826086956522,114.34782608695652,,2.299999999999997,111.9,114.2,0.6,0.5869565217391305,2,0.45454545454545453,45,0.5652173913043478,1,0,-1.5111111111111057,118.0,116.4888888888889,,5.700000000000003,111.3,117.0,0.8,0.5111111111111111,4,0.0,0,-3.3806763285024033,5.521739130434781,2.141062801932378,,0.20000000000000007,3.4000000000000057,-1.0,-0.07584541062801942,2.0
22500643,2026-01-24,0,0.4,43,0.7391304347826086,3,0,3.976744186046517,113.62790697674419,117.6046511627907,,-2.0,111.2,109.2,0.3,0.5813953488372093,1,0.631578947368421,43,0.5,2,0,1.2790697674418539,115.53488372093024,116.81395348837209,,2.5,113.6,116.1,0.5,0.5581395348837209,1,0.0,0,-2.697674418604663,1.9069767441860535,-0.7906976744186096,,0.2,4.5,-1.0,-0.023255813953488413,0.0
22500645,2026-01-24,1,0.18181818181818182,43,0.2857142857142857,2,8,-11.0,123.18604651162791,112.18604651162791,,-12.600000000000009,120.9,108.3,0.1,0.23255813953488372,0,0.4,45,0.35,2,0,0.44444444444444287,115.4888888888889,115.93333333333334,,11.200000000000003,105.1,116.3,0.5,0.37777777777777777,1,-8.0,0,11.444444444444443,-7.697157622739013,3.74728682170543,,0.4,23.80000000000001,0.0,0.14521963824289405,1.0
22500646,2026-01-24,0,0.55,46,0.5769230769230769,1,0,2.0,117.15217391304348,119.15217391304348,,0.0,118.1,118.1,0.6,0.5652173913043478,2,0.45,40,0.65,2,1,0.8500000000000085,114.8,115.65,,-3.3000000000000114,115.9,112.6,0.5,0.55,0,1.0,0,-1.1499999999999915,-2.3521739130434867,-3.502173913043478,,-0.09999999999999998,-3.3000000000000114,1.0,-0.015217391304347738,-2.0
22500647,2026-01-24,1,0.625,44,0.65,1,0,6.86363636363636,110.20454545454545,117.06818181818181,,6.0,108.4,114.4,0.6,0.6363636363636364,2,0.38095238095238093,44,0.6086956521739131,2,0,-1.9545454545454533,119.9090909090909,117.95454545454545,,2.4000000000000057,112.6,115.0,0.5,0.5,3,0.0,0,-8.818181818181813,9.704545454545453,0.8863636363636402,,-0.09999999999999998,-3.5999999999999943,1.0,-0.13636363636363635,1.0
22500648,2026-01-24,0,0.6086956521739131,43,0.6,2,1,-0.3720930232558146,116.37209302325581,116.0,,-1.6000000000000085,113.4,111.8,0.4,0.6046511627906976,0,0.2631578947368421,44,0.56,2,0,-1.9545454545454533,116.43181818181819,114.47727272727273,,5.200000000000003,112.0,117.2,0.7,0.4318181818181818,4,-1.0,0,-1.5824524312896386,0.05972515856237237,-1.5227272727272663,,0.29999999999999993,6.800000000000011,0.0,-0.17283298097251582,4.0
22500649,2026-01-24,0,0.34782608695652173,45,0.6818181818181818,2,1,0.8888888888888857,118.44444444444444,119.33333333333333,,-6.900000000000006,121.4,114.5,0.4,0.5111111111111111,0,0.22727272727272727,45,0.43478260869565216,2,1,-8.288888888888891,127.37777777777778,119.08888888888889,,-11.299999999999997,128.6,117.3,0.3,0.3333333333333333,0,0.0,0,-9.177777777777777,8.933333333333337,-0.24444444444444002,,-0.10000000000000003,-4.3999999999999915,0.0,-0.17777777777777776,0.0
22500644,2026-01-25,0,0.36363636363636365,46,0.7083333333333334,3,2,2.6956521739130324,114.15217391304348,116.84782608695652,,7.8999999999999915,114.9,122.8,0.6,0.5434782608695652,0,0.5217391304347826,45,0.6818181818181818,3,4,4.86666666666666,115.11111111111111,119.97777777777777,,6.699999999999989,116.9,123.6,0.5,0.6,0,2.0,0,2.1710144927536277,0.9589371980676304,3.129951690821258,,-0.09999999999999998,-1.2000000000000028,0.0,0.05652173913043479,0.0
22500650,2026-01-25,1,0.14285714285714285,46,0.36,2,4,-9.913043478260875,120.78260869565217,110.8695652173913,,-2.5,115.5,113.0,0.4,0.2608695652173913,0,0.7,42,0.7727272727272727,2,1,6.833333333333343,109.95238095238095,116.78571428571429,,8.599999999999994,101.0,109.6,0.7,0.7380952380952381,0,-3.0,0,16.746376811594217,-10.830227743271223,5.916149068322994,,0.29999999999999993,11.099999999999994,0.0,0.47722567287784684,0.0
22500653,2026-01-25,0,0.625,47,0.5652173913043478,2,0,2.085106382978722,112.17021276595744,114.25531914893617,,1.7000000000000028,111.7,113.4,0.6,0.5957446808510638,3,0.7727272727272727,45,0.8695652173913043,2,1,13.577777777777783,107.95555555555555,121.53333333333333,,7.800000000000011,111.1,118.9,0.7,0.8222222222222222,0,1.0,0,11.49267139479906,-4.214657210401896,7.278014184397165,,0.09999999999999998,6.1000000000000085,0.0,0.2264775413711584,-3.0
22500654,2026-01-25,0,0.19047619047619047,47,0.2692307692307692,2,0,-7.042553191489361,122.1063829787234,115.06382978723404,,-3.5999999999999943,118.3,114.7,0.3,0.23404255319148937,1,0.6086956521739131,44,0.7619047619047619,3,0,5.386363636363626,112.63636363636364,118.02272727272727,,4.3999999999999915,106.9,111.3,0.6,0.6818181818181818,1,0.0,0,12.428916827852987,-9.470019342359763,2.9588974854932246,,0.3,7.999999999999986,1.0,0.4477756286266924,0.0
22500655,2026-01-25,0,0.375,46,0.6818181818181818,1,0,1.5434782608695627,118.3913043478261,119.93478260869566,,-5.700000000000003,122.4,116.7,0.4,0.5217391304347826,1,0.5,45,0.7368421052631579,2,1,2.6444444444444457,111.77777777777777,114.42222222222222,,4.599999999999994,106.9,111.5,0.6,0.6,0,1.0,0,1.100966183574883,-6.613526570048322,-5.512560386473439,,0.19999999999999996,10.299999999999997,1.0,0.07826086956521738,-1.0
22500656,2026-01-25,1,0.3,43,0.2608695652173913,2,4,-6.465116279069761,114.81395348837209,108.34883720930233,,-11.899999999999991,116.6,104.7,0.1,0.27906976744186046,0,0.34782608695652173,44,0.5714285714285714,3,0,-1.2045454545454533,113.54545454545455,112.3409090909091,,2.1000000000000085,110.1,112.2,0.8,0.45454545454545453,1,-4.0,0,5.260570824524308,-1.268498942917546,3.992071881606762,,0.7000000000000001,14.0,1.0,0.17547568710359407,1.0
22500657,2026-01-26,1,0.631578947368421,44,0.48,2,1,1.181818181818187,115.45454545454545,116.63636363636364,,2.299999999999997,112.3,114.6,0.5,0.5454545454545454,0,0.4,46,0.38095238095238093,2,0,0.5217391304347814,115.47826086956522,116.0,,8.899999999999991,106.9,115.8,0.5,0.391304347826087,2,-1.0,0,-0.6600790513834056,0.023715415019765373,-0.6363636363636402,,0.0,6.599999999999994,0.0,-0.15415019762845844,2.0
22500658,2026-01-26,1,0.45,41,0.6190476190476191,2,2,0.48780487804877737,114.90243902439025,115.39024390243902,,-4.799999999999997,115.2,110.4,0.4,0.5365853658536586,0,0.5714285714285714,47,0.5769230769230769,2,0,2.2553191489361666,116.8936170212766,119.14893617021276,,1.7999999999999972,117.2,119.0,0.7,0.574468085106383,3,-2.0,0,1.7675142708873892,1.9911779968863499,3.758692267773739,,0.29999999999999993,6.599999999999994,0.0,0.03788271925272446,3.0
22500659,2026-01-26,1,0.13636363636363635,46,0.3333333333333333,3,0,-8.108695652173921,118.19565217391305,110.08695652173913,,-4.599999999999994,112.8,108.2,0.5,0.2391304347826087,1,0.5384615384615384,47,0.38095238095238093,3,0,-1.2765957446808613,118.72340425531915,117.44680851063829,,-2.5,114.3,111.8,0.5,0.46808510638297873,2,0.0,0,6.83209990749306,0.5277520814061063,7.359851988899166,,0.0,2.0999999999999943,0.0,0.22895467160037003,1.0
22500660,2026-01-26,1,0.45454545454545453,46,0.5416666666666666,3,1,-1.7391304347826093,117.82608695652173,116.08695652173913,,4.0,111.3,115.3,0.7,0.5,0,0.6,45,0.65,2,1,6.644444444444446,110.28888888888889,116.93333333333334,,4.299999999999997,109.7,114.0,0.5,0.6222222222222222,0,0.0,0,8.383574879227055,-7.537198067632843,0.8463768115942116,,-0.19999999999999996,0.29999999999999716,-1.0,0.12222222222222223,0.0
22500661,2026-01-26,0,0.625,44,0.6,2,0,-0.22727272727273373,116.22727272727273,116.0,,-1.7999999999999972,114.1,112.3,0.4,0.6136363636363636,1,0.38095238095238093,45,0.625,2,0,-1.8444444444444485,119.71111111111111,117.86666666666666,,4.0,112.5,116.5,0.6,0.5111111111111111,4,0.0,0,-1.6171717171717148,3.483838383838375,1.86666666666666,,0.19999999999999996,5.799999999999997,0.0,-0.10252525252525257,3.0
22500662,2026-01-26,1,0.42105263157894735,41,0.4090909090909091,3,2,-1.3902439024390247,116.78048780487805,115.39024390243902,,-4.200000000000003,119.7,115.5,0.2,0.4146341463414634,0,0.48,43,0.8333333333333334,3,0,6.139534883720927,110.79069767441861,116.93023255813954,,-1.4000000000000057,110.2,108.8,0.5,0.627906976744186,1,-2.0,0,7.529778786159952,-5.98979013045944,1.5399886557005118,,0.3,2.799999999999997,0.0,0.21327283040272266,1.0
22500663,2026-01-26,1,0.391304347826087,47,0.7083333333333334,1,0,3.191489361702125,113.53191489361703,116.72340425531915,,10.600000000000009,113.1,123.7,0.7,0.5531914893617021,1,0.5217391304347826,46,0.6521739130434783,1,5,4.195652173913047,115.02173913043478,119.21739130434783,,1.5,116.5,118.0,0.4,0.5869565217391305,0,5.0,0,1.0041628122109216,1.4898242368177534,2.493987049028675,,-0.29999999999999993,-9.100000000000009,0.0,0.03376503237742834,-1.0
22500664,2026-01-27,1,0.43478260869565216,47,0.5416666666666666,1,2,-1.8723404255319025,117.48936170212765,115.61702127659575,,1.2000000000000028,109.8,111.0,0.6,0.48936170212765956,0,0.17391304347826086,44,0.2857142857142857,3,9,-10.840909090909093,123.0909090909091,112.25,,-10.400000000000006,118.7,108.3,0.1,0.22727272727272727,0,7.0,0,-8.968568665377191,5.601547388781441,-3.36702127659575,,-0.5,-11.600000000000009,2.0,-0.2620889748549323,0.0
22500665,2026-01-27,1,0.13636363636363635,47,0.36,2,5,-10.191489361702125,121.17021276595744,110.97872340425532,,-4.6000000000000085,119.4,114.8,0.4,0.2553191489361702,0,0.42857142857142855,44,0.7391304347826086,3,0,3.9545454545454675,113.52272727272727,117.47727272727273,,-0.5999999999999943,109.1,108.5,0.4,0.5909090909090909,2,-5.0,0,14.146034816247592,-7.647485493230178,6.498549323017414,,0.0,4.000000000000014,1.0,0.33558994197292075,2.0
22500666,2026-01-27,1,0.391304347826087,44,0.42857142857142855,4,2,-3.568181818181813,115.45454545454545,111.88636363636364,,-6.0,114.0,108.0,0.4,0.4090909090909091,0,0.6,45,0.48,1,2,0.3333333333333428,115.77777777777777,116.11111111111111,,-3.5,114.3,110.8,0.4,0.5333333333333333,0,0.0,0,3.901515151515156,0.3232323232323182,4.224747474747474,,0.0,2.5,-3.0,0.12424242424242421,0.0
22500667,2026-01-27,1,0.22727272727272727,48,0.2692307692307692,2,0,-6.708333333333343,121.54166666666667,114.83333333333333,,-1.9000000000000057,116.7,114.8,0.4,0.25,2,0.7727272727272727,46,0.8333333333333334,2,2,13.23913043478261,107.84782608695652,121.08695652173913,,10.299999999999997,109.0,119.3,0.7,0.8043478260869565,0,2.0,0,19.947463768115952,-13.693840579710155,6.253623188405797,,0.29999999999999993,12.200000000000003,0.0,0.5543478260869565,-2.0
22500668,2026-01-27,0,0.7,43,0.782608695652174,2,0,7.209302325581405,110.09302325581395,117.30232558139535,,11.5,100.8,112.3,0.8,0.7441860465116279,1,0.7307692307692307,46,0.6,4,0,4.478260869565219,116.17391304347827,120.65217391304348,,-1.2999999999999972,108.6,107.3,0.7,0.6739130434782609,2,0.0,0,-2.731041456016186,6.080889787664319,3.3498483316481327,,-0.10000000000000009,-12.799999999999997,2.0,-0.07027300303336703,1.0
22500669,2026-01-27,1,0.2857142857142857,44,0.2608695652173913,2,5,-7.1590909090909065,115.06818181818181,107.9090909090909,,-15.5,118.8,103.3,0.1,0.2727272727272727,0,0.5,46,0.7,2,2,2.391304347826093,111.76086956521739,114.15217391304348,,4.0,108.0,112.0,0.6,0.5869565217391305,0,-3.0,0,9.550395256917,-3.3073122529644223,6.243083003952577,,0.5,19.5,0.0,0.3142292490118578,0.0
22500670,2026-01-27,0,0.34782608695652173,45,0.5909090909090909,2,0,-0.3555555555555543,113.0,112.64444444444445,,5.700000000000003,108.8,114.5,0.8,0.4666666666666667,2,0.22727272727272727,46,0.4166666666666667,3,2,-8.782608695652172,127.80434782608695,119.02173913043478,,-14.0,130.4,116.4,0.3,0.32608695652173914,0,2.0,0,-8.427053140096618,14.804347826086953,6.377294685990336,,-0.5,-19.700000000000003,1.0,-0.14057971014492754,-2.0
22500671,2026-01-28,1,0.64,45,0.6,2,0,0.022222222222225696,116.26666666666667,116.28888888888889,,0.8999999999999915,115.2,116.1,0.5,0.6222222222222222,2,0.5714285714285714,48,0.5925925925925926,2,0,2.5416666666666714,116.5,119.04166666666667,,3.0,115.4,118.4,0.7,0.5833333333333334,4,0.0,0,2.5194444444444457,0.23333333333333428,2.75277777777778,,0.19999999999999996,2.1000000000000085,0.0,-0.03888888888888886,2.0
22500672,2026-01-28,1,0.38095238095238093,46,0.6,2,1,-2.043478260869577,119.91304347826087,117.8695652173913,,4.299999999999997,113.9,118.2,0.6,0.5,0,0.13043478260869565,47,0.3333333333333333,2,1,-8.276595744680847,118.48936170212765,110.2127659574468,,-5.799999999999997,114.0,108.2,0.5,0.23404255319148937,0,0.0,0,-6.23311748381127,-1.4236817761332219,-7.656799259944492,,-0.09999999999999998,-10.099999999999994,0.0,-0.26595744680851063,0.0
22500673,2026-01-28,0,0.5384615384615384,48,0.4090909090909091,2,0,-0.9166666666666714,118.66666666666667,117.75,,0.9000000000000057,114.1,115.0,0.6,0.4791666666666667,3,0.6,46,0.6666666666666666,2,0,6.673913043478251,109.93478260869566,116.6086956521739,,5.5,107.7,113.2,0.6,0.6304347826086957,1,0.0,0,7.590579710144922,-8.731884057971016,-1.1413043478260931,,0.0,4.599999999999994,0.0,0.151268115942029,-2.0
22500674,2026-01-28,0,0.42857142857142855,42,0.6190476190476191,2,3,0.095238095238102,114.88095238095238,114.97619047619048,,-6.300000000000011,115.9,109.6,0.4,0.5238095238095238,0,0.4,47,0.6818181818181818,3,0,1.7021276595744723,118.04255319148936,119.74468085106383,,-2.0,120.4,118.4,0.5,0.5319148936170213,2,-3.0,0,1.6068895643363703,3.1616008105369815,4.768490374873352,,0.09999999999999998,4.300000000000011,1.0,0.008105369807497431,2.0
22500675,2026-01-28,0,0.42857142857142855,45,0.75,1,0,4.222222222222214,112.93333333333334,117.15555555555555,,4.099999999999994,105.7,109.8,0.5,0.6,3,0.64,48,0.5652173913043478,3,0,2.0833333333333286,111.9375,114.02083333333333,,1.7999999999999972,112.2,114.0,0.6,0.6041666666666666,4,0.0,0,-2.1388888888888857,-0.9958333333333371,-3.134722222222223,,0.09999999999999998,-2.299999999999997,2.0,0.004166666666666652,1.0
22500676,2026-01-28,0,0.4,47,0.4090909090909091,2,0,1.2978723404255277,115.0,116.29787234042553,,12.700000000000003,106.5,119.2,0.6,0.40425531914893614,3,0.4,42,0.4090909090909091,2,3,-1.5714285714285694,116.57142857142857,115.0,,-4.700000000000003,118.9,114.2,0.2,0.40476190476190477,0,3.0,0,-2.869300911854097,1.5714285714285694,-1.2978723404255277,,-0.39999999999999997,-17.400000000000006,0.0,0.0005065856129686241,-3.0
22500677,2026-01-28,0,0.5217391304347826,47,0.6666666666666666,2,0,4.638297872340431,114.34042553191489,118.97872340425532,,1.1999999999999886,115.4,116.6,0.4,0.5957446808510638,1,0.2631578947368421,45,0.5384615384615384,4,1,-2.044444444444437,116.42222222222222,114.37777777777778,,4.0,113.2,117.2,0.6,0.4222222222222222,0,1.0,0,-6.682742316784868,2.0817966903073284,-4.6009456264775395,,0.19999999999999996,2.8000000000000114,2.0,-0.17352245862884158,-1.0
22500678,2026-01-28,0,0.375,48,0.7083333333333334,2,1,2.604166666666657,113.41666666666667,116.02083333333333,,7.400000000000006,112.6,120.0,0.6,0.5416666666666666,0,0.22727272727272727,47,0.4,1,3,-8.851063829787236,127.53191489361703,118.68085106382979,,-15.400000000000006,130.5,115.1,0.2,0.3191489361702128,0,2.0,0,-11.455230496453893,14.115248226950357,2.660017730496463,,-0.39999999999999997,-22.80000000000001,-1.0,-0.22251773049645385,0.0
22500679,2026-01-28,0,0.6086956521739131,45,0.7272727272727273,3,1,5.066666666666663,112.44444444444444,117.5111111111111,,3.5999999999999943,106.7,110.3,0.6,0.6666666666666666,0,0.48,44,0.8421052631578947,2,0,6.2045454545454675,110.52272727272727,116.72727272727273,,-0.3999999999999915,109.8,109.4,0.6,0.6363636363636364,2,-1.0,0,1.1378787878788046,-1.9217171717171766,-0.783838383838372,,0.0,-3.999999999999986,-1.0,-0.030303030303030276,2.0
22500529,2026-01-29,0,0.4,48,0.6521739130434783,1,1,1.4791666666666572,118.35416666666667,119.83333333333333,,-0.5,121.4,120.9,0.5,0.5208333333333334,0,0.36363636363636365,47,0.6,1,2,-2.0638297872340416,119.76595744680851,117.70212765957447,,5.5,114.4,119.9,0.6,0.48936170212765956,0,1.0,0,-3.542996453900699,1.4117907801418426,-2.1312056737588563,,0.09999999999999998,6.0,0.0,-0.03147163120567381,0.0
22500680,2026-01-29,1,0.13043478260869565,48,0.36,2,6,-10.3125,120.79166666666667,110.47916666666667,,-2.799999999999997,116.0,113.2,0.4,0.25,0,0.6,46,0.5,2,0,0.6956521739130324,115.91304347826087,116.6086956521739,,-3.0,117.4,114.4,0.4,0.5434782608695652,1,-6.0,0,11.008152173913032,-4.878623188405797,6.1295289855072355,,0.0,-0.20000000000000284,0.0,0.2934782608695652,1.0
22500681,2026-01-29,1,0.375,45,0.42857142857142855,2,3,-3.86666666666666,115.97777777777777,112.11111111111111,,-7.799999999999997,115.8,108.0,0.3,0.4,0,0.17391304347826086,45,0.3181818181818182,2,0,-10.511111111111106,122.82222222222222,112.31111111111112,,-10.799999999999997,118.6,107.8,0.1,0.24444444444444444,1,-3.0,0,-6.644444444444446,6.8444444444444485,0.20000000000000284,,-0.19999999999999998,-3.0,0.0,-0.15555555555555559,1.0
22500682,2026-01-29,0,0.48,45,0.8,1,1,5.799999999999997,110.53333333333333,116.33333333333333,,-1.0,109.8,108.8,0.6,0.6222222222222222,0,0.5555555555555556,49,0.4090909090909091,1,0,-0.6734693877551052,118.40816326530613,117.73469387755102,,0.29999999999999716,114.7,115.0,0.6,0.4897959183673469,4,-1.0,0,-6.473469387755102,7.874829931972798,1.4013605442176953,,0.0,1.2999999999999972,0.0,-0.1324263038548753,4.0
22500683,2026-01-29,0,0.4230769230769231,48,0.4090909090909091,1,0,1.5833333333333286,114.625,116.20833333333333,,14.400000000000006,104.8,119.2,0.7,0.4166666666666667,4,0.2631578947368421,46,0.5185185185185185,1,2,-2.282608695652172,116.45652173913044,114.17391304347827,,2.5,115.2,117.7,0.5,0.41304347826086957,0,2.0,0,-3.8659420289855007,1.8315217391304373,-2.0344202898550634,,-0.19999999999999996,-11.900000000000006,0.0,-0.0036231884057971175,-4.0
22500684,2026-01-29,1,0.2727272727272727,45,0.2608695652173913,2,6,-7.088888888888889,114.86666666666666,107.77777777777777,,-14.299999999999997,117.3,103.0,0.1,0.26666666666666666,0,0.7307692307692307,47,0.5714285714285714,2,1,4.340425531914889,116.02127659574468,120.36170212765957,,-1.9000000000000057,108.5,106.6,0.6,0.6595744680851063,0,-5.0,0,11.429314420803777,1.1546099290780205,12.583924349881798,,0.5,12.399999999999991,0.0,0.3929078014184397,0.0
22500685,2026-01-29,1,0.7142857142857143,44,0.782608695652174,2,0,7.0909090909090935,110.02272727272727,117.11363636363636,,11.299999999999997,100.5,111.8,0.8,0.75,2,0.5,47,0.7142857142857143,2,0,2.425531914893611,111.55319148936171,113.97872340425532,,2.5,108.4,110.9,0.6,0.5957446808510638,1,0.0,0,-4.6653771760154825,1.5304642166344422,-3.1349129593810403,,-0.20000000000000007,-8.799999999999997,0.0,-0.1542553191489362,-1.0
22500686,2026-01-29,1,0.7727272727272727,47,0.84,2,0,13.148936170212764,107.57446808510639,120.72340425531915,,10.799999999999997,106.0,116.8,0.7,0.8085106382978723,1,0.5416666666666666,48,0.6666666666666666,1,0,4.8125,114.14583333333333,118.95833333333333,,1.5999999999999943,113.7,115.3,0.4,0.6041666666666666,2,0.0,0,-8.336436170212764,6.57136524822694,-1.7650709219858243,,-0.29999999999999993,-9.200000000000003,-1.0,-0.20434397163120566,1.0
22500687,2026-01-30,1,0.64,49,0.5416666666666666,2,1,1.4897959183673493,112.08163265306122,113.57142857142857,,-0.09999999999999432,111.6,111.5,0.6,0.5918367346938775,0,0.45454545454545453,43,0.6190476190476191,2,0,0.30232558139535115,115.09302325581395,115.3953488372093,,-5.599999999999994,117.3,111.7,0.4,0.5348837209302325,1,-1.0,0,-1.187470336971998,3.0113906027527264,1.8239202657807283,,-0.19999999999999996,-5.5,0.0,-0.05695301376364503,1.0
22500688,2026-01-30,0,0.6153846153846154,46,0.6,2,1,-0.6304347826086882,116.54347826086956,115.91304347826087,,-1.6999999999999886,117.6,115.9,0.5,0.6086956521739131,0,0.17391304347826086,46,0.34782608695652173,1,0,-10.065217391304344,122.30434782608695,112.23913043478261,,-7.700000000000003,115.4,107.7,0.2,0.2608695652173913,2,-1.0,0,-9.434782608695656,5.760869565217391,-3.673913043478265,,-0.3,-6.000000000000014,-1.0,-0.3478260869565218,2.0
22500689,2026-01-30,1,0.125,49,0.36,1,7,-10.142857142857139,120.63265306122449,110.48979591836735,,-4.299999999999997,117.5,113.2,0.3,0.24489795918367346,0,0.6,47,0.6363636363636364,2,1,6.297872340425528,110.08510638297872,116.38297872340425,,3.5999999999999943,107.7,111.3,0.5,0.6170212765957447,0,-6.0,0,16.440729483282666,-10.547546678245766,5.893182805036901,,0.2,7.8999999999999915,1.0,0.3721233174120712,0.0
22500690,2026-01-30,1,0.4166666666666667,48,0.5416666666666666,3,3,-1.9166666666666714,117.4375,115.52083333333333,,0.7000000000000028,111.1,111.8,0.5,0.4791666666666667,0,0.45454545454545453,46,0.75,2,0,4.717391304347828,112.47826086956522,117.19565217391305,,5.6000000000000085,103.8,109.4,0.5,0.6086956521739131,4,-3.0,0,6.634057971014499,-4.959239130434781,1.674818840579718,,0.0,4.900000000000006,-1.0,0.1295289855072464,4.0
22500691,2026-01-30,1,0.4,43,0.391304347826087,2,4,-1.8837209302325562,116.46511627906976,114.5813953488372,,-5.900000000000006,116.2,110.3,0.2,0.3953488372093023,0,0.21739130434782608,49,0.2692307692307692,3,1,-6.755102040816325,121.18367346938776,114.42857142857143,,-1.1000000000000085,115.4,114.3,0.4,0.24489795918367346,0,-3.0,0,-4.871381110583769,4.718557190317995,-0.1528239202657744,,0.2,4.799999999999997,1.0,-0.15045087802562884,0.0
22500693,2026-01-30,1,0.5714285714285714,49,0.6071428571428571,2,0,3.102040816326536,116.14285714285714,119.24489795918367,,6.8999999999999915,112.2,119.1,0.8,0.5918367346938775,5,0.5,48,0.7272727272727273,1,0,2.75,111.22916666666667,113.97916666666667,,3.799999999999997,107.3,111.1,0.6,0.6041666666666666,2,0.0,0,-0.35204081632653583,-4.913690476190467,-5.265731292517003,,-0.20000000000000007,-3.0999999999999943,-1.0,0.012329931972789088,-3.0
22500694,2026-01-30,0,0.2608695652173913,46,0.2608695652173913,1,7,-7.021739130434781,114.69565217391305,107.67391304347827,,-14.200000000000003,117.7,103.5,0.1,0.2608695652173913,0,0.22727272727272727,48,0.38461538461538464,2,4,-9.0,127.79166666666667,118.79166666666667,,-11.5,129.5,118.0,0.2,0.3125,0,-3.0,0,-1.9782608695652186,13.096014492753625,11.117753623188406,,0.1,2.700000000000003,1.0,0.0516304347826087,0.0
22500695,2026-01-30,1,0.375,46,0.5909090909090909,3,0,-0.08695652173912549,112.78260869565217,112.69565217391305,,8.100000000000009,106.8,114.9,0.9,0.4782608695652174,3,0.7307692307692307,48,0.5909090909090909,1,0,4.333333333333329,115.75,120.08333333333333,,0.7999999999999972,107.8,108.6,0.7,0.6666666666666666,1,0.0,0,4.420289855072454,2.967391304347828,7.387681159420282,,-0.20000000000000007,-7.300000000000011,-2.0,0.18840579710144922,-2.0
22500696,2026-01-30,0,0.6818181818181818,45,0.782608695652174,1,1,6.533333333333331,110.11111111111111,116.64444444444445,,6.3999999999999915,102.9,109.3,0.7,0.7333333333333333,0,0.4,49,0.7083333333333334,2,0,2.8775510204081627,113.63265306122449,116.51020408163265,,5.599999999999994,114.7,120.3,0.6,0.5510204081632653,1,-1.0,0,-3.6557823129251688,3.521541950113374,-0.13424036281179497,,-0.09999999999999998,-0.7999999999999972,1.0,-0.18231292517006803,1.0
22500692,2026-01-31,0,0.36363636363636365,48,0.5769230769230769,2,3,-2.0833333333333286,119.6875,117.60416666666667,,3.4000000000000057,115.3,118.7,0.5,0.4791666666666667,0,0.4230769230769231,49,0.6521739130434783,2,0,1.5102040816326507,118.24489795918367,119.75510204081633,,1.0,120.3,121.3,0.6,0.5306122448979592,1,-3.0,0,3.5935374149659793,-1.4426020408163254,2.150935374149654,,0.09999999999999998,-2.4000000000000057,0.0,0.05144557823129253,1.0
22500697,2026-01-31,1,0.625,46,0.7272727272727273,3,0,5.217391304347814,112.15217391304348,117.3695652173913,,3.200000000000003,107.5,110.7,0.6,0.6739130434782609,1,0.4444444444444444,49,0.4090909090909091,2,0,1.591836734693885,114.75510204081633,116.34693877551021,,9.099999999999994,107.4,116.5,0.7,0.42857142857142855,5,0.0,0,-3.6255545696539286,2.6029281277728415,-1.022626441881087,,0.09999999999999998,5.8999999999999915,-1.0,-0.24534161490683232,4.0
22500698,2026-01-31,1,0.5555555555555556,50,0.391304347826087,2,1,-1.0200000000000102,118.12,117.1,,-3.8000000000000114,116.4,112.6,0.5,0.48,0,0.13043478260869565,48,0.36,3,0,-8.041666666666671,118.3125,110.27083333333333,,-5.700000000000003,113.8,108.1,0.5,0.25,1,-1.0,0,-7.021666666666661,0.19249999999999545,-6.829166666666666,,0.0,-1.8999999999999915,1.0,-0.22999999999999998,1.0
22500699,2026-01-31,1,0.21739130434782608,50,0.2962962962962963,1,0,-6.459999999999994,120.88,114.42,,-2.3999999999999915,115.3,112.9,0.4,0.26,1,0.6,47,0.5185185185185185,2,0,0.7234042553191529,115.80851063829788,116.53191489361703,,-2.700000000000003,116.9,114.2,0.5,0.5531914893617021,2,0.0,0,7.183404255319147,-5.07148936170212,2.1119148936170262,,0.09999999999999998,-0.30000000000001137,1.0,0.29319148936170214,1.0
22500700,2026-01-31,0,0.5416666666666666,49,0.68,2,0,4.959183673469397,114.08163265306122,119.04081632653062,,4.0,110.2,114.2,0.5,0.6122448979591837,3,0.38095238095238093,44,0.391304347826087,1,5,-2.0227272727272663,116.4090909090909,114.38636363636364,,-6.0,114.8,108.8,0.2,0.38636363636363635,0,5.0,0,-6.981910946196663,2.3274582560296864,-4.654452690166977,,-0.3,-10.0,-1.0,-0.22588126159554733,-3.0
22500701,2026-01-31,1,0.2631578947368421,47,0.5,2,3,-2.2765957446808613,116.59574468085107,114.31914893617021,,2.5,115.9,118.4,0.5,0.40425531914893614,0,0.5,46,0.8,2,0,6.065217391304344,110.0,116.06521739130434,,2.1000000000000085,107.3,109.4,0.7,0.6304347826086957,1,-3.0,0,8.341813135985205,-6.59574468085107,1.7460684551341359,,0.19999999999999996,-0.3999999999999915,0.0,0.22617946345975953,1.0
22500702,2026-02-01,1,0.36,46,0.42857142857142855,3,4,-4.0,115.82608695652173,111.82608695652173,,-10.5,116.9,106.4,0.2,0.391304347826087,0,0.6,48,0.6521739130434783,2,0,6.5625,109.72916666666667,116.29166666666667,,6.0,107.0,113.0,0.6,0.625,1,-4.0,0,10.5625,-6.096920289855063,4.465579710144937,,0.39999999999999997,16.5,-1.0,0.23369565217391303,1.0
22500703,2026-02-01,1,0.45454545454545453,44,0.6363636363636364,2,0,0.5227272727272805,115.20454545454545,115.72727272727273,,-3.9000000000000057,117.2,113.3,0.5,0.5454545454545454,2,0.6,47,0.7272727272727273,1,1,5.0,112.12765957446808,117.12765957446808,,2.200000000000003,109.1,111.3,0.5,0.6595744680851063,0,1.0,0,4.4772727272727195,-3.07688588007737,1.4003868471953496,,0.0,6.1000000000000085,-1.0,0.11411992263056092,-2.0
22500704,2026-02-01,1,0.2916666666666667,47,0.2608695652173913,2,0,-6.659574468085097,114.36170212765957,107.70212765957447,,-12.399999999999991,116.3,103.9,0.2,0.2765957446808511,1,0.6956521739130435,46,0.782608695652174,2,0,6.543478260869563,110.41304347826087,116.95652173913044,,5.599999999999994,106.0,111.6,0.7,0.7391304347826086,1,0.0,0,13.20305272895466,-3.948658649398695,9.254394079555965,,0.49999999999999994,17.999999999999986,0.0,0.4625346901017576,0.0
22500705,2026-02-01,1,0.391304347826087,49,0.5769230769230769,1,0,-1.8979591836734642,119.65306122448979,117.75510204081633,,4.700000000000003,115.2,119.9,0.6,0.4897959183673469,1,0.4230769230769231,50,0.625,1,1,1.3400000000000034,118.38,119.72,,-0.29999999999999716,120.7,120.4,0.5,0.52,0,1.0,0,3.2379591836734676,-1.273061224489794,1.9648979591836735,,-0.09999999999999998,-5.0,0.0,0.03020408163265309,-1.0
22500706,2026-02-01,1,0.22727272727272727,49,0.37037037037037035,2,5,-9.020408163265316,127.40816326530613,118.38775510204081,,-13.599999999999994,129.2,115.6,0.1,0.30612244897959184,0,0.6153846153846154,50,0.5416666666666666,2,2,1.2600000000000051,112.44,113.7,,-1.1999999999999886,113.1,111.9,0.5,0.58,0,-3.0,0,10.28040816326532,-14.968163265306131,-4.687755102040811,,0.4,12.400000000000006,0.0,0.2738775510204081,0.0
22500707,2026-02-01,1,0.12,50,0.36,2,8,-10.319999999999993,120.46,110.14,,-7.400000000000006,117.5,110.1,0.2,0.24,0,0.17391304347826086,47,0.3333333333333333,2,1,-10.510638297872347,122.72340425531915,112.2127659574468,,-8.700000000000003,116.8,108.1,0.2,0.2553191489361702,0,-7.0,0,-0.1906382978723542,2.263404255319159,2.072765957446805,,0.0,-1.2999999999999972,0.0,0.015319148936170202,0.0
22500708,2026-02-01,1,0.6296296296296297,47,0.6,2,0,0.0425531914893611,116.42553191489361,116.46808510638297,,2.6000000000000085,116.3,118.9,0.6,0.6170212765957447,1,0.45454545454545453,47,0.76,2,0,5.255319148936167,112.14893617021276,117.40425531914893,,9.100000000000009,102.3,111.4,0.6,0.6170212765957447,5,0.0,0,5.2127659574468055,-4.276595744680847,0.9361702127659584,,0.0,6.5,0.0,0.0,4.0
22500709,2026-02-01,0,0.36,47,0.5909090909090909,2,1,-0.36170212765956933,112.97872340425532,112.61702127659575,,5.200000000000003,108.5,113.7,0.8,0.46808510638297873,0,0.5,49,0.7391304347826086,2,0,2.959183673469397,111.26530612244898,114.22448979591837,,3.200000000000003,109.3,112.5,0.6,0.6122448979591837,3,-1.0,0,3.3208858011289664,-1.7134172818063433,1.607468519322623,,-0.20000000000000007,-2.0,0.0,0.14415979157620495,3.0
22500710,2026-02-01,0,0.5454545454545454,50,0.6071428571428571,2,1,2.780000000000001,116.34,119.12,,4.3999999999999915,111.4,115.8,0.7,0.58,0,0.4,49,0.5416666666666666,2,4,-2.4897959183673493,117.63265306122449,115.14285714285714,,-2.8999999999999915,113.3,110.4,0.4,0.46938775510204084,0,3.0,0,-5.26979591836735,1.2926530612244846,-3.9771428571428658,,-0.29999999999999993,-7.299999999999983,0.0,-0.11061224489795912,0.0
22500711,2026-02-01,0,0.7391304347826086,48,0.84,3,1,12.625,107.89583333333333,120.52083333333333,,9.5,106.7,116.2,0.6,0.7916666666666666,0,0.7307692307692307,49,0.6086956521739131,2,0,4.510204081632651,115.61224489795919,120.12244897959184,,1.7000000000000028,108.3,110.0,0.7,0.673469387755102,2,-1.0,0,-8.11479591836735,7.716411564625858,-0.3983843537414913,,0.09999999999999998,-7.799999999999997,-1.0,-0.11819727891156462,2.0
22500712,2026-02-02,1,0.20833333333333334,51,0.2962962962962963,2,1,-6.529411764705884,120.94117647058823,114.41176470588235,,-2.4000000000000057,114.9,112.5,0.4,0.2549019607843137,0,0.4444444444444444,50,0.43478260869565216,2,0,1.6599999999999966,114.58,116.24,,10.400000000000006,106.3,116.7,0.8,0.44,6,-1.0,0,8.18941176470588,-6.361176470588234,1.828235294117647,,0.4,12.800000000000011,0.0,0.1850980392156863,6.0
22500713,2026-02-02,0,0.5,47,0.8095238095238095,2,0,6.0212765957446805,109.93617021276596,115.95744680851064,,1.8999999999999915,106.7,108.6,0.7,0.6382978723404256,2,0.13043478260869565,49,0.38461538461538464,2,0,-7.775510204081641,118.42857142857143,110.65306122448979,,-7.599999999999994,116.3,108.7,0.5,0.2653061224489796,2,0.0,0,-13.796786799826322,8.492401215805472,-5.304385584020849,,-0.19999999999999996,-9.499999999999986,0.0,-0.37299174989144596,0.0
22500714,2026-02-02,1,0.56,50,0.68,2,0,5.200000000000003,114.08,119.28,,5.6000000000000085,111.3,116.9,0.5,0.62,4,0.38095238095238093,45,0.375,2,6,-2.3555555555555543,116.73333333333333,114.37777777777778,,-7.1000000000000085,115.9,108.8,0.2,0.37777777777777777,0,6.0,0,-7.555555555555557,2.653333333333336,-4.902222222222221,,-0.3,-12.700000000000017,0.0,-0.24222222222222223,-4.0
22500715,2026-02-02,0,0.6,48,0.5357142857142857,2,0,0.9166666666666714,115.77083333333333,116.6875,,-3.0,118.1,115.1,0.5,0.5625,3,0.38461538461538464,48,0.5909090909090909,1,0,0.1458333333333286,112.5625,112.70833333333333,,7.0,108.6,115.6,0.8,0.4791666666666667,1,0.0,0,-0.7708333333333428,-3.2083333333333286,-3.9791666666666714,,0.30000000000000004,10.0,-1.0,-0.08333333333333331,-2.0
22500716,2026-02-03,1,0.7307692307692307,50,0.5833333333333334,2,1,4.219999999999999,115.72,119.94,,0.10000000000000853,108.8,108.9,0.6,0.66,0,0.6956521739130435,47,0.7916666666666666,2,0,7.531914893617014,109.70212765957447,117.23404255319149,,11.5,103.9,115.4,0.8,0.7446808510638298,2,-1.0,0,3.311914893617015,-6.0178723404255265,-2.7059574468085117,,0.20000000000000007,11.399999999999991,0.0,0.08468085106382972,2.0
22500717,2026-02-03,0,0.21739130434782608,50,0.37037037037037035,2,6,-8.980000000000004,127.0,118.02,,-14.099999999999994,127.1,113.0,0.1,0.3,0,0.13043478260869565,50,0.37037037037037035,1,1,-7.700000000000003,118.42,110.72,,-8.200000000000003,118.5,110.3,0.4,0.26,0,-5.0,0,1.2800000000000011,-8.579999999999998,-7.299999999999997,,0.30000000000000004,5.8999999999999915,-1.0,-0.03999999999999998,0.0
22500718,2026-02-03,0,0.45454545454545453,48,0.7692307692307693,2,0,5.395833333333343,111.89583333333333,117.29166666666667,,9.399999999999991,100.9,110.3,0.6,0.625,6,0.17391304347826086,48,0.36,2,0,-10.208333333333329,122.5,112.29166666666667,,-6.3999999999999915,116.8,110.4,0.3,0.2708333333333333,1,0.0,0,-15.604166666666671,10.604166666666671,-5.0,,-0.3,-15.799999999999983,0.0,-0.3541666666666667,-5.0
22500719,2026-02-03,0,0.6071428571428571,48,0.6,2,1,-0.2083333333333286,116.33333333333333,116.125,,-1.1000000000000085,115.9,114.8,0.5,0.6041666666666666,0,0.28,48,0.2608695652173913,2,1,-7.625,114.6875,107.0625,,-17.400000000000006,117.7,100.3,0.2,0.2708333333333333,0,0.0,0,-7.416666666666671,-1.6458333333333286,-9.0625,,-0.3,-16.299999999999997,0.0,-0.3333333333333333,0.0
22500720,2026-02-03,0,0.5357142857142857,51,0.391304347826087,3,2,-1.0980392156862706,118.33333333333333,117.23529411764706,,-5.6000000000000085,118.2,112.6,0.4,0.47058823529411764,0,0.4230769230769231,51,0.64,2,0,2.1568627450980387,117.84313725490196,120.0,,4.5,117.9,122.4,0.6,0.5294117647058824,1,-2.0,0,3.2549019607843093,-0.49019607843136725,2.764705882352942,,0.19999999999999996,10.100000000000009,-1.0,0.05882352941176472,1.0
22500721,2026-02-03,0,0.6,49,0.6666666666666666,2,0,7.0,109.10204081632654,116.10204081632654,,9.0,105.1,114.1,0.7,0.6326530612244898,2,0.25,48,0.5,3,4,-2.3125,116.47916666666667,114.16666666666667,,3.9000000000000057,114.5,118.4,0.5,0.3958333333333333,0,4.0,0,-9.3125,7.377125850340136,-1.9353741496598644,,-0.19999999999999996,-5.099999999999994,1.0,-0.23681972789115652,-2.0
22500722,2026-02-03,1,0.375,50,0.5769230769230769,2,1,-2.719999999999999,119.94,117.22,,0.20000000000000284,116.0,116.2,0.5,0.48,0,0.34615384615384615,47,0.42857142857142855,2,5,-4.510638297872347,115.63829787234043,111.12765957446808,,-12.599999999999994,115.6,103.0,0.2,0.3829787234042553,0,4.0,0,-1.7906382978723485,-4.301702127659567,-6.092340425531916,,-0.3,-12.799999999999997,0.0,-0.09702127659574467,0.0
22500723,2026-02-03,1,0.43478260869565216,45,0.6363636363636364,2,1,0.3111111111111029,115.13333333333334,115.44444444444444,,-5.6000000000000085,115.7,110.1,0.4,0.5333333333333333,0,0.75,49,0.84,2,0,12.57142857142857,107.95918367346938,120.53061224489795,,9.300000000000011,106.6,115.9,0.6,0.7959183673469388,1,-1.0,0,12.260317460317466,-7.174149659863957,5.086167800453509,,0.19999999999999996,14.90000000000002,0.0,0.26258503401360545,1.0
22500724,2026-02-03,0,0.6190476190476191,49,0.5357142857142857,1,0,1.2040816326530717,115.71428571428571,116.91836734693878,,1.1000000000000085,116.1,117.2,0.6,0.5714285714285714,4,0.4,50,0.68,4,1,2.6799999999999926,113.98,116.66,,6.199999999999989,115.4,121.6,0.6,0.54,0,1.0,0,1.475918367346921,-1.7342857142857042,-0.25836734693878327,,0.0,5.09999999999998,3.0,-0.03142857142857136,-4.0
22500725,2026-02-03,0,0.5,50,0.7083333333333334,2,1,2.4200000000000017,111.38,113.8,,1.4000000000000057,108.3,109.7,0.6,0.6,0,0.4,50,0.52,2,5,-2.819999999999993,117.88,115.06,,-3.9000000000000057,114.0,110.1,0.4,0.46,0,4.0,0,-5.239999999999995,6.5,1.2600000000000051,,-0.19999999999999996,-5.300000000000011,0.0,-0.13999999999999996,0.0
22500726,2026-02-04,1,0.7037037037037037,51,0.5833333333333334,1,2,4.078431372549019,115.88235294117646,119.96078431372548,,-1.0999999999999943,110.3,109.2,0.5,0.6470588235294118,0,0.4782608695652174,49,0.7692307692307693,1,0,5.918367346938766,111.6734693877551,117.59183673469387,,13.600000000000009,99.8,113.4,0.7,0.6326530612244898,7,-2.0,0,1.8399359743897463,-4.208883553421359,-2.3689475790316123,,0.19999999999999996,14.700000000000003,0.0,-0.014405762304921965,7.0
22500727,2026-02-04,0,0.5384615384615384,51,0.68,2,1,4.921568627450981,114.52941176470588,119.45098039215686,,1.3999999999999915,114.4,115.8,0.4,0.6078431372549019,0,0.6153846153846154,51,0.56,3,0,1.3725490196078312,112.19607843137256,113.56862745098039,,0.8000000000000114,111.6,112.4,0.6,0.5882352941176471,1,-1.0,0,-3.5490196078431495,-2.3333333333333286,-5.882352941176478,,0.19999999999999996,-0.5999999999999801,1.0,-0.019607843137254832,1.0
22500728,2026-02-04,0,0.6153846153846154,50,0.6666666666666666,1,0,7.060000000000002,108.92,115.98,,9.5,103.7,113.2,0.7,0.64,3,0.5185185185185185,48,0.8095238095238095,2,0,5.979166666666671,110.02083333333333,116.0,,4.299999999999997,107.0,111.3,0.8,0.6458333333333334,3,0.0,0,-1.0808333333333309,1.100833333333327,0.01999999999999602,,0.10000000000000009,-5.200000000000003,1.0,0.005833333333333357,0.0
22500729,2026-02-04,1,0.2,52,0.2962962962962963,2,2,-6.538461538461547,120.57692307692308,114.03846153846153,,-2.5,112.9,110.4,0.4,0.25,0,0.34615384615384615,48,0.45454545454545453,1,0,-4.083333333333329,115.625,111.54166666666667,,-11.400000000000006,117.0,105.6,0.2,0.3958333333333333,1,-2.0,0,2.4551282051282186,-4.95192307692308,-2.4967948717948616,,-0.2,-8.900000000000006,-1.0,0.14583333333333331,1.0
22500730,2026-02-04,1,0.75,50,0.8461538461538461,1,0,13.040000000000006,107.64,120.68,,10.799999999999997,106.0,116.8,0.6,0.8,2,0.6,48,0.7391304347826086,3,0,5.083333333333329,111.9375,117.02083333333333,,3.200000000000003,109.0,112.2,0.6,0.6666666666666666,1,0.0,0,-7.956666666666678,4.297499999999999,-3.6591666666666782,,0.0,-7.599999999999994,2.0,-0.13333333333333341,-1.0
22500731,2026-02-04,0,0.38095238095238093,46,0.4,2,0,-2.108695652173921,116.97826086956522,114.8695652173913,,-6.299999999999997,118.2,111.9,0.2,0.391304347826087,1,0.11538461538461539,51,0.36,3,9,-10.196078431372555,120.37254901960785,110.17647058823529,,-8.900000000000006,119.0,110.1,0.1,0.23529411764705882,0,9.0,0,-8.087382779198634,3.3942881500426267,-4.693094629156008,,-0.1,-2.6000000000000085,1.0,-0.15601023017902815,-1.0
22500732,2026-02-04,0,0.5652173913043478,51,0.6071428571428571,3,0,3.0980392156862706,116.23529411764706,119.33333333333333,,7.3999999999999915,110.2,117.6,0.8,0.5882352941176471,1,0.38461538461538464,49,0.5652173913043478,2,1,-0.1632653061224545,112.87755102040816,112.71428571428571,,4.700000000000003,110.5,115.2,0.7,0.46938775510204084,0,1.0,0,-3.261304521808725,-3.3577430972388953,-6.61904761904762,,-0.10000000000000009,-2.6999999999999886,-1.0,-0.11884753901560624,-1.0
22500733,2026-02-05,0,0.17391304347826086,49,0.34615384615384615,2,1,-10.632653061224488,122.6938775510204,112.06122448979592,,-8.099999999999994,118.1,110.0,0.3,0.2653061224489796,0,0.6956521739130435,48,0.8,2,0,7.4375,109.9375,117.375,,11.5,105.5,117.0,0.8,0.75,3,-1.0,0,18.070153061224488,-12.756377551020407,5.313775510204081,,0.5,19.599999999999994,0.0,0.4846938775510204,3.0
22500734,2026-02-05,1,0.28,49,0.25,2,2,-7.795918367346928,114.89795918367346,107.10204081632654,,-19.299999999999997,119.3,100.0,0.1,0.2653061224489796,0,0.4166666666666667,46,0.6363636363636364,2,2,-0.4782608695652186,115.41304347826087,114.93478260869566,,-8.400000000000006,116.5,108.1,0.4,0.5217391304347826,0,0.0,0,7.31765749778171,0.5150842945874103,7.83274179236912,,0.30000000000000004,10.899999999999991,0.0,0.256433007985803,0.0
22500735,2026-02-05,1,0.25,51,0.37037037037037035,2,0,-8.627450980392155,126.90196078431373,118.27450980392157,,-11.0,124.9,113.9,0.2,0.3137254901960784,1,0.5517241379310345,52,0.391304347826087,2,0,-0.8461538461538538,118.26923076923077,117.42307692307692,,-1.8999999999999915,115.6,113.7,0.5,0.4807692307692308,1,0.0,0,7.781297134238301,-8.632730015082956,-0.851432880844655,,0.3,9.100000000000009,0.0,0.16704374057315236,0.0
22500736,2026-02-05,1,0.36,51,0.5769230769230769,2,2,-2.9803921568627487,120.15686274509804,117.17647058823529,,-1.1000000000000085,117.9,116.8,0.5,0.47058823529411764,0,0.6153846153846154,52,0.5384615384615384,1,1,1.3076923076923066,112.5,113.8076923076923,,-0.7999999999999972,114.3,113.5,0.5,0.5769230769230769,0,-1.0,0,4.288084464555055,-7.656862745098039,-3.3687782805429833,,0.0,0.30000000000001137,-1.0,0.10633484162895923,0.0
22500737,2026-02-05,0,0.4444444444444444,51,0.4583333333333333,3,0,1.7647058823529278,114.19607843137256,115.96078431372548,,9.300000000000011,104.1,113.4,0.8,0.45098039215686275,7,0.5185185185185185,49,0.7727272727272727,1,1,5.428571428571416,110.10204081632654,115.53061224489795,,1.6999999999999886,107.9,109.6,0.7,0.6326530612244898,0,1.0,0,3.6638655462184886,-4.09403761504602,-0.430172068827531,,-0.10000000000000009,-7.600000000000023,-2.0,0.18167266906762708,-7.0
22500738,2026-02-05,0,0.6,49,0.75,1,0,5.183673469387756,111.81632653061224,117.0,,6.299999999999997,107.7,114.0,0.7,0.673469387755102,2,0.25,49,0.4827586206896552,2,5,-2.4693877551020478,116.34693877551021,113.87755102040816,,2.0999999999999943,115.0,117.1,0.4,0.3877551020408163,0,5.0,0,-7.653061224489804,4.530612244897966,-3.1224489795918373,,-0.29999999999999993,-4.200000000000003,1.0,-0.2857142857142857,-2.0
22500739,2026-02-05,0,0.4,51,0.6538461538461539,2,2,2.2549019607843235,113.96078431372548,116.2156862745098,,2.0999999999999943,117.0,119.1,0.5,0.5294117647058824,0,0.5185185185185185,51,0.7083333333333334,2,0,2.47058823529413,111.6470588235294,114.11764705882354,,2.200000000000003,110.0,112.2,0.7,0.6078431372549019,1,-2.0,0,0.2156862745098067,-2.3137254901960773,-2.0980392156862706,,0.19999999999999996,0.10000000000000853,0.0,0.07843137254901955,1.0
22500740,2026-02-05,1,0.6363636363636364,50,0.5357142857142857,2,0,1.5600000000000023,115.28,116.84,,3.200000000000003,113.8,117.0,0.7,0.58,5,0.6206896551724138,49,0.6,2,0,0.12244897959183731,116.18367346938776,116.3061224489796,,2.299999999999997,113.3,115.6,0.6,0.6122448979591837,1,0.0,0,-1.437551020408165,0.9036734693877548,-0.5338775510204101,,-0.09999999999999998,-0.9000000000000057,0.0,0.03224489795918373,-4.0
22500741,2026-02-06,1,0.4230769230769231,52,0.6153846153846154,3,1,1.8846153846153868,118.01923076923077,119.90384615384616,,3.1000000000000085,118.6,121.7,0.5,0.5192307692307693,0,0.6296296296296297,51,0.6666666666666666,2,0,7.333333333333329,108.6078431372549,115.94117647058823,,9.0,102.4,111.4,0.7,0.6470588235294118,4,-1.0,0,5.448717948717942,-9.41138763197587,-3.9626696832579285,,0.19999999999999996,5.8999999999999915,-1.0,0.12782805429864252,4.0
22500742,2026-02-06,1,0.4782608695652174,50,0.7777777777777778,2,0,5.939999999999998,111.98,117.92,,15.599999999999994,99.9,115.5,0.8,0.64,8,0.6956521739130435,49,0.7692307692307693,1,1,7.102040816326536,110.26530612244898,117.36734693877551,,6.299999999999997,110.3,116.6,0.7,0.7346938775510204,0,1.0,0,1.162040816326538,-1.7146938775510279,-0.5526530612244898,,-0.10000000000000009,-9.299999999999997,-1.0,0.09469387755102043,-8.0
22500743,2026-02-06,1,0.13043478260869565,51,0.35714285714285715,3,2,-7.7254901960784395,118.66666666666667,110.94117647058823,,-7.699999999999989,120.1,112.4,0.4,0.2549019607843137,0,0.34615384615384615,49,0.4782608695652174,2,0,-3.91836734693878,116.06122448979592,112.14285714285714,,-10.600000000000009,119.9,109.3,0.3,0.40816326530612246,2,-2.0,0,3.8071228491396596,-2.6054421768707527,1.2016806722689068,,-0.10000000000000003,-2.90000000000002,-1.0,0.15326130452180875,2.0
22500744,2026-02-06,0,0.19230769230769232,53,0.2962962962962963,2,3,-6.490566037735846,120.9622641509434,114.47169811320755,,-3.200000000000003,115.7,112.5,0.3,0.24528301886792453,0,0.5555555555555556,52,0.68,2,0,4.865384615384613,114.75,119.61538461538461,,2.0999999999999943,116.0,118.1,0.5,0.6153846153846154,1,-3.0,0,11.355950653120459,-6.212264150943398,5.1436865021770615,,0.2,5.299999999999997,0.0,0.3701015965166909,1.0
22500745,2026-02-06,1,0.4090909090909091,47,0.4,2,0,-1.9787234042553195,117.14893617021276,115.17021276595744,,-4.0,119.0,115.0,0.3,0.40425531914893614,2,0.4,51,0.5,3,6,-2.862745098039227,118.11764705882354,115.25490196078431,,-2.1999999999999886,115.1,112.9,0.4,0.45098039215686275,0,6.0,0,-0.8840216937839074,0.9687108886107723,0.08468919482686488,,0.10000000000000003,1.8000000000000114,1.0,0.04672507300792661,-2.0
22500746,2026-02-06,0,0.38461538461538464,50,0.5416666666666666,2,2,-0.8199999999999932,113.1,112.28,,0.0,112.4,112.4,0.6,0.46,0,0.11538461538461539,52,0.34615384615384615,2,10,-10.076923076923066,120.53846153846153,110.46153846153847,,-10.600000000000009,120.4,109.8,0.0,0.23076923076923078,0,8.0,0,-9.256923076923073,7.438461538461539,-1.8184615384615341,,-0.6,-10.600000000000009,0.0,-0.22923076923076924,0.0
22500747,2026-02-07,1,0.20833333333333334,50,0.34615384615384615,2,0,-10.239999999999995,122.58,112.34,,-5.900000000000006,117.0,111.1,0.4,0.28,1,0.2692307692307692,50,0.25,2,3,-8.039999999999992,114.96,106.92,,-19.10000000000001,118.7,99.6,0.1,0.26,0,3.0,0,2.200000000000003,-7.6200000000000045,-5.420000000000002,,-0.30000000000000004,-13.200000000000003,0.0,-0.020000000000000018,-1.0
22500748,2026-02-07,0,0.5185185185185185,50,0.7391304347826086,2,2,5.1200000000000045,110.08,115.2,,-0.20000000000000284,107.8,107.6,0.6,0.62,0,0.72,51,0.8461538461538461,3,1,12.588235294117652,107.80392156862744,120.3921568627451,,7.799999999999997,108.5,116.3,0.5,0.7843137254901961,0,-1.0,0,7.4682352941176475,-2.2760784313725537,5.192156862745094,,-0.09999999999999998,8.0,1.0,0.16431372549019607,0.0
22500749,2026-02-07,1,0.25,50,0.4666666666666667,2,6,-2.6599999999999966,116.72,114.06,,1.7999999999999972,116.7,118.5,0.4,0.38,0,0.6153846153846154,50,0.75,2,0,5.319999999999993,112.04,117.36,,5.699999999999989,109.9,115.6,0.7,0.68,3,-6.0,0,7.97999999999999,-4.679999999999993,3.299999999999997,,0.29999999999999993,3.8999999999999915,0.0,0.30000000000000004,3.0
22500750,2026-02-07,1,0.24,52,0.37037037037037035,2,1,-8.5,126.78846153846153,118.28846153846153,,-9.400000000000006,123.2,113.8,0.2,0.3076923076923077,0,0.4166666666666667,47,0.6521739130434783,2,0,-0.0425531914893611,115.04255319148936,115.0,,-6.5,116.0,109.5,0.4,0.5319148936170213,1,-1.0,0,8.457446808510639,-11.745908346972172,-3.288461538461533,,0.2,2.9000000000000057,0.0,0.22422258592471356,1.0
22500751,2026-02-07,0,0.4642857142857143,52,0.4583333333333333,2,0,1.9230769230769198,113.90384615384616,115.82692307692308,,12.299999999999997,100.4,112.7,0.9,0.46153846153846156,8,0.5517241379310345,53,0.4166666666666667,2,0,-0.7924528301886795,118.28301886792453,117.49056603773585,,-0.09999999999999432,115.8,115.7,0.6,0.49056603773584906,2,0.0,0,-2.7155297532655993,4.379172714078365,1.6636429608127656,,-0.30000000000000004,-12.399999999999991,0.0,0.029027576197387495,-6.0
22500752,2026-02-07,0,0.6785714285714286,52,0.5833333333333334,3,3,3.865384615384613,116.23076923076923,120.09615384615384,,-2.4000000000000057,112.2,109.8,0.4,0.6346153846153846,0,0.34615384615384615,52,0.5769230769230769,2,3,-3.2307692307692406,120.21153846153847,116.98076923076923,,-4.900000000000006,120.0,115.1,0.4,0.46153846153846156,0,0.0,0,-7.096153846153854,3.9807692307692406,-3.115384615384613,,0.0,-2.5,-1.0,-0.17307692307692302,0.0
22500753,2026-02-07,1,0.4230769230769231,52,0.6538461538461539,2,0,2.288461538461533,113.63461538461539,115.92307692307692,,1.1999999999999886,115.4,116.6,0.5,0.5384615384615384,1,0.6206896551724138,50,0.6190476190476191,2,0,0.20000000000000284,116.16,116.36,,4.300000000000011,111.6,115.9,0.7,0.62,2,0.0,0,-2.08846153846153,2.52538461538461,0.43692307692307963,,0.19999999999999996,3.1000000000000227,0.0,0.08153846153846156,1.0
22500754,2026-02-07,0,0.6086956521739131,51,0.5357142857142857,2,1,1.4509803921568505,115.3529411764706,116.80392156862744,,1.9000000000000057,115.3,117.2,0.6,0.5686274509803921,0,0.5185185185185185,52,0.68,2,1,2.3461538461538396,111.4423076923077,113.78846153846153,,1.0999999999999943,110.2,111.3,0.6,0.5961538461538461,0,0.0,0,0.8951734539969891,-3.9106334841629007,-3.0154600301659116,,0.0,-0.8000000000000114,0.0,0.02752639517345401,0.0
22500755,2026-02-07,1,0.391304347826087,48,0.4,1,1,-2.354166666666657,117.52083333333333,115.16666666666667,,-5.8999999999999915,120.8,114.9,0.3,0.3958333333333333,0,0.4,52,0.5185185185185185,1,0,-2.42307692307692,118.0576923076923,115.63461538461539,,-1.7999999999999972,116.5,114.7,0.4,0.46153846153846156,1,-1.0,0,-0.0689102564102626,0.536858974358978,0.4679487179487154,,0.10000000000000003,4.099999999999994,0.0,0.06570512820512825,1.0
22500756,2026-02-07,0,0.5833333333333334,52,0.6071428571428571,3,0,3.67307692307692,115.75,119.42307692307692,,8.100000000000009,108.6,116.7,0.8,0.5961538461538461,2,0.11538461538461539,53,0.3333333333333333,1,11,-9.94339622641509,120.41509433962264,110.47169811320755,,-10.199999999999989,120.1,109.9,0.0,0.22641509433962265,0,11.0,0,-13.616473149492009,4.665094339622641,-8.951378809869368,,-0.8,-18.299999999999997,-2.0,-0.3697387518142235,-2.0
22500757,2026-02-08,0,0.4583333333333333,51,0.7777777777777778,2,1,5.078431372549019,112.09803921568627,117.17647058823529,,12.5,101.1,113.6,0.8,0.6274509803921569,0,0.6296296296296297,52,0.68,2,0,7.230769230769226,108.36538461538461,115.59615384615384,,9.300000000000011,101.6,110.9,0.8,0.6538461538461539,5,-1.0,0,2.152337858220207,-3.7326546003016574,-1.5803167420814503,,0.0,-3.1999999999999886,0.0,0.026395173453997,5.0
22500758,2026-02-08,0,0.4074074074074074,53,0.6153846153846154,2,2,1.8113207547169736,117.64150943396227,119.45283018867924,,5.199999999999989,114.9,120.1,0.5,0.5094339622641509,0,0.2,51,0.34615384615384615,1,1,-10.313725490196077,122.66666666666667,112.3529411764706,,-6.699999999999989,117.6,110.9,0.4,0.27450980392156865,0,-1.0,0,-12.125046244913051,5.025157232704402,-7.099889012208649,,-0.09999999999999998,-11.899999999999977,-1.0,-0.2349241583425823,0.0
22500759,2026-02-08,1,0.125,52,0.35714285714285715,2,3,-7.692307692307693,118.40384615384616,110.71153846153847,,-9.100000000000009,118.7,109.6,0.3,0.25,0,0.6153846153846154,53,0.5555555555555556,3,0,1.584905660377359,112.39622641509433,113.98113207547169,,1.1999999999999886,112.9,114.1,0.6,0.5849056603773585,1,-3.0,0,9.277213352685052,-6.007619738751828,3.2695936139332247,,0.3,10.299999999999997,1.0,0.33490566037735847,1.0
22500760,2026-02-08,0,0.4074074074074074,51,0.5416666666666666,2,0,-0.7450980392156907,113.05882352941177,112.31372549019608,,-0.09999999999999432,111.8,111.7,0.6,0.47058823529411764,1,0.5555555555555556,53,0.6538461538461539,2,1,4.698113207547166,114.83018867924528,119.52830188679245,,2.0,115.3,117.3,0.5,0.6037735849056604,0,1.0,0,5.443211246762857,1.771365149833514,7.214576396596371,,-0.09999999999999998,2.0999999999999943,0.0,0.1331853496115427,-1.0
22500761,2026-02-09,0,0.6956521739130435,50,0.7777777777777778,3,0,7.719999999999999,109.66,117.38,,10.0,108.0,118.0,0.7,0.74,1,0.4827586206896552,53,0.4583333333333333,2,0,2.0188679245283083,114.0,116.01886792452831,,10.700000000000003,103.6,114.3,0.9,0.4716981132075472,9,0.0,0,-5.7011320754716905,4.340000000000003,-1.3611320754716871,,0.20000000000000007,0.7000000000000028,-1.0,-0.2683018867924528,8.0
22500762,2026-02-09,1,0.34615384615384615,53,0.5555555555555556,2,4,-3.4716981132075517,120.50943396226415,117.0377358490566,,-9.299999999999997,122.6,113.3,0.3,0.4528301886792453,0,0.2692307692307692,51,0.28,2,0,-7.607843137254903,114.92156862745098,107.31372549019608,,-16.80000000000001,117.4,100.6,0.2,0.27450980392156865,1,-4.0,0,-4.136145024047352,-5.5878653348131735,-9.724010358860525,,-0.09999999999999998,-7.500000000000014,0.0,-0.17832038475767664,1.0
22500763,2026-02-09,0,0.23076923076923078,53,0.37037037037037035,2,2,-8.396226415094333,126.66037735849056,118.26415094339623,,-8.400000000000006,122.9,114.5,0.2,0.3018867924528302,0,0.42857142857142855,54,0.6153846153846154,1,0,2.351851851851862,117.33333333333333,119.68518518518519,,7.0,113.3,120.3,0.5,0.5185185185185185,1,-2.0,0,10.748078266946195,-9.327044025157235,1.4210342417889592,,0.3,15.400000000000006,-1.0,0.2166317260656883,1.0
22500764,2026-02-09,1,0.34615384615384615,50,0.5,3,0,-3.719999999999999,115.72,112.0,,-6.700000000000003,115.9,109.2,0.4,0.42,3,0.4166666666666667,48,0.6666666666666666,2,0,0.020833333333342807,115.08333333333333,115.10416666666667,,-5.0,117.4,112.4,0.5,0.5416666666666666,2,0.0,0,3.7408333333333417,-0.6366666666666703,3.1041666666666714,,0.09999999999999998,1.7000000000000028,-1.0,0.12166666666666665,-1.0
22500765,2026-02-09,1,0.5517241379310345,54,0.4,2,1,-0.9074074074074048,118.42592592592592,117.51851851851852,,1.7999999999999972,115.2,117.0,0.6,0.48148148148148145,0,0.5555555555555556,54,0.6296296296296297,1,2,4.259259259259267,114.83333333333333,119.0925925925926,,0.6000000000000085,114.1,114.7,0.5,0.5925925925925926,0,1.0,0,5.166666666666671,-3.5925925925925952,1.5740740740740762,,-0.09999999999999998,-1.1999999999999886,-1.0,0.1111111111111111,0.0
22500766,2026-02-09,1,0.11538461538461539,54,0.32142857142857145,2,12,-9.870370370370381,120.62962962962963,110.75925925925925,,-9.5,120.3,110.8,0.0,0.2222222222222222,0,0.2222222222222222,54,0.2962962962962963,3,0,-6.2962962962962905,120.85185185185185,114.55555555555556,,-2.0,114.5,112.5,0.4,0.25925925925925924,1,-12.0,0,3.5740740740740904,0.22222222222221433,3.7962962962963047,,0.4,7.5,1.0,0.037037037037037035,1.0
22500767,2026-02-09,0,0.6,53,0.6071428571428571,2,0,3.7169811320754746,115.94339622641509,119.66037735849056,,8.5,109.7,118.2,0.8,0.6037735849056604,3,0.6896551724137931,53,0.5833333333333334,2,0,4.094339622641499,116.30188679245283,120.39622641509433,,1.5,113.2,114.7,0.5,0.6415094339622641,1,0.0,0,0.37735849056602433,0.35849056603774443,0.7358490566037688,,-0.30000000000000004,-7.0,0.0,0.037735849056603765,-2.0
22500768,2026-02-09,1,0.375,49,0.4,2,2,-2.448979591836732,117.61224489795919,115.16326530612245,,-7.1000000000000085,123.2,116.1,0.2,0.3877551020408163,0,0.4074074074074074,53,0.6538461538461539,2,1,2.1320754716981156,113.47169811320755,115.60377358490567,,-1.3999999999999915,114.3,112.9,0.4,0.5283018867924528,0,-1.0,0,4.581055063534848,-4.140546784751635,0.44050827878321286,,0.2,5.700000000000017,0.0,0.1405467847516365,0.0
22500769,2026-02-09,0,0.72,52,0.8148148148148148,2,2,12.230769230769226,107.88461538461539,120.11538461538461,,7.400000000000006,107.5,114.9,0.5,0.7692307692307693,0,0.6206896551724138,51,0.6363636363636364,2,0,0.3137254901960773,115.82352941176471,116.13725490196079,,3.200000000000003,112.2,115.4,0.7,0.6274509803921569,3,-2.0,0,-11.917043740573149,7.938914027149323,-3.978129713423826,,0.19999999999999996,-4.200000000000003,0.0,-0.14177978883861242,3.0
22500770,2026-02-09,1,0.625,52,0.5357142857142857,2,0,1.5384615384615472,115.11538461538461,116.65384615384616,,3.0999999999999943,114.0,117.1,0.7,0.5769230769230769,1,0.4,53,0.5357142857142857,2,0,-2.245283018867923,118.0,115.75471698113208,,-2.700000000000003,116.4,113.7,0.4,0.4716981132075472,2,0.0,0,-3.78374455732947,2.884615384615387,-0.8991291727140833,,-0.29999999999999993,-5.799999999999997,0.0,-0.1052249637155297,1.0
22500771,2026-02-10,0,0.12,53,0.35714285714285715,2,4,-7.886792452830193,118.47169811320755,110.58490566037736,,-6.599999999999994,118.8,112.2,0.3,0.24528301886792453,0,0.48,52,0.7777777777777778,2,0,5.403846153846146,111.65384615384616,117.0576923076923,,16.400000000000006,98.6,115.0,0.9,0.6346153846153846,1,-4.0,0,13.290638606676339,-6.817851959361391,6.472786647314948,,0.6000000000000001,23.0,0.0,0.38933236574746005,1.0
22500772,2026-02-10,1,0.42857142857142855,52,0.5416666666666666,2,0,-0.3653846153846132,112.73076923076923,112.36538461538461,,1.4000000000000057,110.8,112.2,0.6,0.4807692307692308,2,0.5357142857142857,51,0.7391304347826086,3,0,5.137254901960787,110.0,115.13725490196079,,-0.09999999999999432,107.8,107.7,0.6,0.6274509803921569,1,0.0,0,5.502639517345401,-2.7307692307692264,2.771870286576174,,0.0,-1.5,1.0,0.14668174962292607,-1.0
22500773,2026-02-10,1,0.23809523809523808,51,0.4666666666666667,3,7,-2.8627450980392126,117.13725490196079,114.27450980392157,,-1.7000000000000028,118.3,116.6,0.3,0.37254901960784315,0,0.5185185185185185,53,0.6538461538461539,3,2,2.1886792452830264,111.39622641509433,113.58490566037736,,-0.4000000000000057,109.4,109.0,0.5,0.5849056603773585,0,-5.0,0,5.051424343322239,-5.741028486866455,-0.6896041435442157,,0.2,1.2999999999999972,0.0,0.21235664076951533,0.0
22500774,2026-02-10,0,0.6153846153846154,51,0.76,3,0,5.470588235294116,112.29411764705883,117.76470588235294,,6.700000000000003,110.1,116.8,0.7,0.6862745098039216,4,0.6206896551724138,52,0.6086956521739131,1,1,0.1346153846153868,115.88461538461539,116.01923076923077,,1.5,113.4,114.9,0.6,0.6153846153846154,0,1.0,0,-5.335972850678729,3.5904977375565608,-1.7454751131221684,,-0.09999999999999998,-5.200000000000003,-2.0,-0.07088989441930615,-4.0
22500775,2026-02-11,1,0.5333333333333333,55,0.4,2,2,-1.2909090909090963,118.78181818181818,117.49090909090908,,-0.20000000000000284,117.8,117.6,0.6,0.4727272727272727,0,0.4827586206896552,54,0.44,2,1,1.8703703703703667,113.92592592592592,115.79629629629629,,10.799999999999997,105.2,116.0,0.9,0.46296296296296297,0,-1.0,0,3.161279461279463,-4.8558922558922575,-1.6946127946127945,,0.30000000000000004,11.0,0.0,-0.009764309764309753,0.0
22500776,2026-02-11,1,0.2,52,0.3333333333333333,3,2,-10.711538461538453,122.84615384615384,112.13461538461539,,-9.399999999999991,119.8,110.4,0.4,0.2692307692307692,0,0.6153846153846154,54,0.6071428571428571,2,0,3.6851851851851904,115.96296296296296,119.64814814814815,,11.900000000000006,107.8,119.7,0.9,0.6111111111111112,4,-2.0,0,14.396723646723643,-6.883190883190878,7.513532763532766,,0.5,21.299999999999997,-1.0,0.34188034188034194,4.0
22500777,2026-02-11,0,0.3333333333333333,51,0.5,2,1,-4.019607843137251,115.76470588235294,111.74509803921569,,-6.799999999999997,115.8,109.0,0.4,0.4117647058823529,0,0.4166666666666667,49,0.68,2,0,0.4081632653061291,114.75510204081633,115.16326530612245,,-4.099999999999994,115.5,111.4,0.5,0.5510204081632653,3,-1.0,0,4.42777110844338,-1.0096038415366166,3.4181672669067638,,0.09999999999999998,2.700000000000003,0.0,0.13925570228091233,3.0
22500778,2026-02-11,1,0.3333333333333333,54,0.5555555555555556,2,5,-3.555555555555557,120.55555555555556,117.0,,-10.600000000000009,123.4,112.8,0.2,0.4444444444444444,0,0.6296296296296297,53,0.6538461538461539,3,1,6.679245283018872,108.41509433962264,115.09433962264151,,5.6000000000000085,102.3,107.9,0.7,0.6415094339622641,0,-4.0,0,10.23480083857443,-12.140461215932916,-1.9056603773584868,,0.49999999999999994,16.200000000000017,1.0,0.1970649895178197,0.0
22500779,2026-02-11,0,0.15384615384615385,54,0.35714285714285715,1,0,-7.685185185185176,118.75925925925925,111.07407407407408,,-5.400000000000006,120.9,115.5,0.4,0.25925925925925924,1,0.2692307692307692,52,0.3076923076923077,2,0,-7.307692307692307,114.92307692307692,107.61538461538461,,-10.600000000000009,116.9,106.3,0.3,0.28846153846153844,2,0.0,0,0.37749287749286964,-3.8361823361823326,-3.458689458689463,,-0.10000000000000003,-5.200000000000003,1.0,0.02920227920227919,1.0
22500780,2026-02-11,0,0.48,53,0.75,1,1,5.245283018867923,112.13207547169812,117.37735849056604,,10.700000000000003,105.7,116.4,0.8,0.6226415094339622,0,0.6,53,0.5357142857142857,2,1,1.1886792452830264,115.49056603773585,116.67924528301887,,0.7999999999999972,115.3,116.1,0.6,0.5660377358490566,0,0.0,0,-4.0566037735848965,3.35849056603773,-0.6981132075471663,,-0.20000000000000007,-9.900000000000006,1.0,-0.05660377358490565,0.0
22500781,2026-02-11,0,0.7083333333333334,51,0.7777777777777778,2,0,7.686274509803923,109.54901960784314,117.23529411764706,,9.799999999999997,108.0,117.8,0.7,0.7450980392156863,2,0.6153846153846154,54,0.5714285714285714,3,0,1.8888888888888857,112.24074074074075,114.12962962962963,,4.700000000000003,112.3,117.0,0.7,0.5925925925925926,2,0.0,0,-5.797385620915037,2.6917211328976123,-3.1056644880174247,,0.0,-5.099999999999994,1.0,-0.15250544662309373,0.0
22500782,2026-02-11,0,0.41379310344827586,53,0.5416666666666666,1,1,-0.49056603773584584,112.52830188679245,112.0377358490566,,3.5,107.2,110.7,0.6,0.4716981132075472,0,0.5357142857142857,52,0.75,1,0,5.17307692307692,109.71153846153847,114.88461538461539,,1.2000000000000028,104.5,105.7,0.7,0.6346153846153846,2,-1.0,0,5.663642960812766,-2.8167634252539813,2.8468795355587844,,0.09999999999999998,-2.299999999999997,0.0,0.1629172714078374,2.0
22500783,2026-02-11,1,0.4,54,0.5517241379310345,2,0,-1.8888888888888857,118.0,116.11111111111111,,-1.7000000000000028,117.2,115.5,0.4,0.48148148148148145,3,0.5555555555555556,55,0.6428571428571429,2,0,4.5818181818181785,114.85454545454546,119.43636363636364,,3.299999999999997,113.7,117.0,0.6,0.6,1,0.0,0,6.470707070707064,-3.145454545454541,3.325252525252523,,0.19999999999999996,5.0,0.0,0.11851851851851852,-2.0
22500784,2026-02-11,0,0.42857142857142855,55,0.5925925925925926,2,1,2.2363636363636346,117.2909090909091,119.52727272727273,,8.300000000000011,112.1,120.4,0.5,0.509090909090909,0,0.2222222222222222,55,0.32142857142857145,2,0,-5.709090909090904,120.36363636363636,114.65454545454546,,1.5,112.0,113.5,0.5,0.2727272727272727,2,-1.0,0,-7.945454545454538,3.0727272727272634,-4.872727272727275,,0.0,-6.800000000000011,0.0,-0.23636363636363633,2.0
22500785,2026-02-11,0,0.7307692307692307,53,0.8148148148148148,2,0,12.169811320754718,107.9245283018868,120.09433962264151,,5.1000000000000085,108.1,113.2,0.5,0.7735849056603774,1,0.5185185185185185,54,0.6666666666666666,1,0,2.3148148148148238,111.38888888888889,113.70370370370371,,-0.09999999999999432,109.5,109.4,0.5,0.5925925925925926,1,0.0,0,-9.854996505939894,3.4643605870020906,-6.390635918937804,,0.0,-5.200000000000003,-1.0,-0.18099231306778485,0.0
22500786,2026-02-11,1,0.1111111111111111,55,0.32142857142857145,2,13,-10.163636363636371,120.61818181818182,110.45454545454545,,-10.799999999999997,120.1,109.3,0.0,0.21818181818181817,0,0.25925925925925924,54,0.37037037037037035,2,0,-8.166666666666657,126.37037037037037,118.20370370370371,,-8.5,121.8,113.3,0.2,0.3148148148148148,1,-13.0,0,1.996969696969714,5.752188552188542,7.749158249158256,,0.2,2.299999999999997,0.0,0.09663299663299665,1.0
22500787,2026-02-11,1,0.36,50,0.4,2,3,-2.4200000000000017,117.54,115.12,,-7.0,122.2,115.2,0.2,0.38,0,0.6896551724137931,54,0.56,2,1,3.981481481481481,116.35185185185185,120.33333333333333,,2.1000000000000085,113.6,115.7,0.5,0.6296296296296297,0,-2.0,0,6.401481481481483,-1.1881481481481586,5.213333333333324,,0.3,9.100000000000009,0.0,0.24962962962962965,0.0
22500788,2026-02-11,0,0.6296296296296297,52,0.76,1,0,5.903846153846146,112.21153846153847,118.11538461538461,,8.199999999999989,109.9,118.1,0.7,0.6923076923076923,5,0.4074074074074074,54,0.6666666666666666,2,0,2.1111111111111143,113.46296296296296,115.57407407407408,,-3.6000000000000085,114.4,110.8,0.4,0.5370370370370371,1,0.0,0,-3.792735042735032,1.251424501424495,-2.541310541310537,,-0.29999999999999993,-11.799999999999997,1.0,-0.1552706552706552,-4.0
22500789,2026-02-12,0,0.35714285714285715,52,0.5,1,0,-3.788461538461533,115.61538461538461,111.82692307692308,,-6.199999999999989,115.6,109.4,0.4,0.4230769230769231,1,0.7407407407407407,54,0.8148148148148148,1,0,12.444444444444443,107.94444444444444,120.38888888888889,,5.799999999999997,108.8,114.6,0.5,0.7777777777777778,2,0.0,0,16.232905982905976,-7.67094017094017,8.561965811965806,,0.09999999999999998,11.999999999999986,0.0,0.3547008547008547,1.0
22500790,2026-02-12,0,0.38461538461538464,55,0.5517241379310345,1,1,-2.290909090909082,118.27272727272727,115.98181818181818,,-5.799999999999997,119.5,113.7,0.3,0.4727272727272727,0,0.25925925925925924,55,0.39285714285714285,1,0,-7.509090909090915,125.76363636363637,118.25454545454545,,-4.0,118.5,114.5,0.3,0.32727272727272727,2,-1.0,0,-5.218181818181833,7.490909090909099,2.2727272727272663,,0.0,1.7999999999999972,0.0,-0.14545454545454545,2.0
22500791,2026-02-12,1,0.22727272727272727,52,0.4666666666666667,2,8,-2.9807692307692264,117.1923076923077,114.21153846153847,,-4.3999999999999915,118.3,113.9,0.2,0.36538461538461536,0,0.6206896551724138,53,0.5833333333333334,2,2,-0.39622641509434686,116.26415094339623,115.86792452830188,,-0.5,115.8,115.3,0.6,0.6037735849056604,0,-6.0,0,2.5845428156748795,-0.9281567489114622,1.6563860667634174,,0.39999999999999997,3.8999999999999915,0.0,0.238388969521045,0.0
22500792,2026-02-19,0,0.5357142857142857,53,0.72,8,1,5.018867924528308,109.62264150943396,114.64150943396227,,0.20000000000000284,104.6,104.8,0.6,0.6226415094339622,0,0.4827586206896552,55,0.46153846153846156,8,0,1.8909090909090907,113.8,115.69090909090909,,8.399999999999991,106.2,114.6,0.9,0.4727272727272727,1,-1.0,0,-3.1279588336192177,4.177358490566036,1.049399656946818,,0.30000000000000004,8.199999999999989,0.0,-0.14991423670668952,1.0
22500793,2026-02-19,1,0.2692307692307692,53,0.2962962962962963,8,1,-7.264150943396231,114.9245283018868,107.66037735849056,,-10.700000000000003,115.4,104.7,0.3,0.2830188679245283,0,0.6153846153846154,55,0.6206896551724138,8,0,4.072727272727278,115.9090909090909,119.98181818181818,,13.699999999999989,110.4,124.1,0.9,0.6181818181818182,5,-1.0,0,11.336878216123509,0.9845626072041114,12.32144082332762,,0.6000000000000001,24.39999999999999,0.0,0.33516295025728987,5.0
22500794,2026-02-19,0,0.5161290322580645,56,0.4,8,3,-1.3214285714285694,118.625,117.30357142857143,,-0.6999999999999886,116.6,115.9,0.5,0.4642857142857143,0,0.6,54,0.5172413793103449,8,2,0.25925925925926663,115.9074074074074,116.16666666666667,,-3.8000000000000114,117.9,114.1,0.6,0.5555555555555556,0,-1.0,0,1.580687830687836,-2.7175925925925952,-1.1369047619047592,,0.09999999999999998,-3.1000000000000227,0.0,0.09126984126984128,0.0
22500795,2026-02-19,1,0.18518518518518517,55,0.35714285714285715,8,0,-7.454545454545453,118.6,111.14545454545454,,-3.4000000000000057,120.0,116.6,0.5,0.2727272727272727,2,0.19230769230769232,53,0.3333333333333333,8,3,-10.981132075471706,123.13207547169812,112.15094339622641,,-10.900000000000006,122.9,112.0,0.4,0.2641509433962264,0,3.0,0,-3.5265866209262526,4.532075471698121,1.0054888507718687,,-0.09999999999999998,-7.5,0.0,-0.008576329331046295,-2.0
22500796,2026-02-19,0,0.72,52,0.7777777777777778,8,0,7.884615384615387,109.26923076923077,117.15384615384616,,12.299999999999997,106.4,118.7,0.8,0.75,3,0.5,54,0.75,8,0,6.055555555555543,111.70370370370371,117.75925925925925,,15.299999999999997,103.7,119.0,0.8,0.6296296296296297,1,0.0,0,-1.8290598290598439,2.434472934472936,0.605413105413092,,0.0,3.0,0.0,-0.12037037037037035,-2.0
22500797,2026-02-19,0,0.6153846153846154,55,0.5517241379310345,8,1,1.527272727272731,112.25454545454545,113.78181818181818,,1.0999999999999943,110.9,112.0,0.6,0.5818181818181818,0,0.32142857142857145,55,0.5555555555555556,8,6,-3.836363636363643,120.61818181818182,116.78181818181818,,-12.799999999999997,124.7,111.9,0.1,0.43636363636363634,0,5.0,0,-5.363636363636374,8.363636363636374,3.0,,-0.5,-13.899999999999991,0.0,-0.14545454545454545,0.0
22500798,2026-02-19,1,0.5185185185185185,55,0.6428571428571429,8,1,1.7818181818181813,111.83636363636364,113.61818181818182,,-2.0999999999999943,112.1,110.0,0.5,0.5818181818181818,0,0.6428571428571429,53,0.76,8,0,6.037735849056602,112.22641509433963,118.26415094339623,,10.0,110.1,120.1,0.8,0.6981132075471698,6,-1.0,0,4.255917667238421,0.3900514579759857,4.645969125214407,,0.30000000000000004,12.099999999999994,0.0,0.11629502572898798,6.0
22500799,2026-02-19,0,0.6296296296296297,54,0.6666666666666666,8,0,6.907407407407405,108.35185185185185,115.25925925925925,,7.099999999999994,100.2,107.3,0.7,0.6481481481481481,1,0.4074074074074074,55,0.6428571428571429,8,1,1.836363636363643,113.69090909090909,115.52727272727273,,-3.0999999999999943,112.5,109.4,0.4,0.5272727272727272,0,1.0,0,-5.071043771043762,5.33905723905724,0.2680134680134785,,-0.29999999999999993,-10.199999999999989,0.0,-0.12087542087542091,-1.0
22500800,2026-02-19,0,0.4166666666666667,50,0.6538461538461539,8,1,0.23999999999999488,114.78,115.02,,-2.200000000000003,114.7,112.5,0.5,0.54,0,0.10714285714285714,56,0.32142857142857145,8,14,-10.482142857142861,120.625,110.14285714285714,,-13.100000000000009,119.9,106.8,0.0,0.21428571428571427,0,13.0,0,-10.722142857142856,5.844999999999999,-4.877142857142857,,-0.5,-10.900000000000006,0.0,-0.32571428571428573,0.0
22500801,2026-02-19,1,0.6896551724137931,55,0.5769230769230769,8,0,4.018181818181816,116.34545454545454,120.36363636363636,,1.7000000000000028,115.5,117.2,0.5,0.6363636363636364,1,0.43333333333333335,54,0.5416666666666666,8,0,-0.4259259259259238,112.33333333333333,111.9074074074074,,3.0,107.0,110.0,0.6,0.48148148148148145,1,0.0,0,-4.44410774410774,-4.012121212121215,-8.456228956228955,,0.09999999999999998,1.2999999999999972,0.0,-0.1548821548821549,0.0
22500802,2026-02-20,0,0.6153846153846154,56,0.6333333333333333,1,0,4.5,115.33928571428571,119.83928571428571,,16.0,107.0,123.0,0.9,0.625,6,0.4827586206896552,56,0.4444444444444444,1,1,1.7857142857142918,113.64285714285714,115.42857142857143,,7.599999999999994,105.2,112.8,0.8,0.4642857142857143,0,1.0,0,-2.714285714285708,-1.6964285714285694,-4.410714285714278,,-0.09999999999999998,-8.400000000000006,0.0,-0.1607142857142857,-6.0
22500803,2026-02-20,1,0.17857142857142858,56,0.35714285714285715,1,1,-7.446428571428569,118.48214285714286,111.03571428571429,,-4.3999999999999915,119.8,115.4,0.4,0.26785714285714285,0,0.19230769230769232,54,0.35714285714285715,1,0,-10.648148148148138,122.79629629629629,112.14814814814815,,-9.799999999999997,121.5,111.7,0.5,0.2777777777777778,1,-1.0,0,-3.2017195767195687,4.314153439153429,1.1124338624338606,,0.09999999999999998,-5.400000000000006,0.0,0.009920634920634941,1.0
22500804,2026-02-20,1,0.25925925925925924,56,0.3793103448275862,8,1,-7.660714285714292,125.92857142857143,118.26785714285714,,-2.5,117.3,114.8,0.3,0.32142857142857145,0,0.34615384615384615,51,0.4,9,4,-2.4901960784313673,117.62745098039215,115.13725490196079,,-7.0,121.1,114.1,0.2,0.37254901960784315,0,3.0,0,5.1705182072829245,-8.301120448179276,-3.1306022408963514,,-0.09999999999999998,-4.5,1.0,0.051120448179271694,0.0
22500805,2026-02-20,0,0.4482758620689655,56,0.5925925925925926,9,0,2.4107142857142776,117.17857142857143,119.58928571428571,,6.400000000000006,111.6,118.0,0.5,0.5178571428571429,1,0.53125,57,0.4,1,0,-1.1228070175438631,118.42105263157895,117.29824561403508,,-0.4000000000000057,117.0,116.6,0.5,0.47368421052631576,1,0.0,0,-3.5335213032581407,1.2424812030075145,-2.291040100250626,,0.0,-6.800000000000011,-8.0,-0.04417293233082714,0.0
22500806,2026-02-20,1,0.21739130434782608,53,0.4666666666666667,8,9,-3.3018867924528195,117.32075471698113,114.01886792452831,,-8.099999999999994,121.0,112.9,0.1,0.3584905660377358,0,0.5555555555555556,56,0.6551724137931034,9,0,4.928571428571431,114.75,119.67857142857143,,8.299999999999997,113.5,121.8,0.7,0.6071428571428571,2,-9.0,0,8.23045822102425,-2.570754716981128,5.659703504043122,,0.6,16.39999999999999,1.0,0.24865229110512127,2.0
22500807,2026-02-20,0,0.3793103448275862,53,0.5,8,0,-3.3962264150943327,115.18867924528301,111.79245283018868,,-2.5,112.7,110.2,0.5,0.4339622641509434,2,0.2222222222222222,56,0.3103448275862069,9,1,-5.821428571428584,120.41071428571429,114.58928571428571,,1.1000000000000085,113.1,114.2,0.5,0.26785714285714285,0,1.0,0,-2.425202156334251,5.22203504043128,2.7968328840970287,,0.0,3.6000000000000085,1.0,-0.16610512129380056,-2.0
22500808,2026-02-20,1,0.25925925925925924,54,0.2962962962962963,1,2,-7.648148148148138,114.87037037037037,107.22222222222223,,-9.799999999999997,114.0,104.2,0.3,0.2777777777777778,0,0.7407407407407407,55,0.7857142857142857,8,1,11.909090909090907,107.98181818181818,119.89090909090909,,4.400000000000006,108.1,112.5,0.5,0.7636363636363637,0,-1.0,0,19.557239057239045,-6.8885521885521825,12.668686868686862,,0.2,14.200000000000003,7.0,0.4858585858585859,0.0
22500809,2026-02-20,1,0.43333333333333335,55,0.56,1,0,-0.3999999999999915,112.36363636363636,111.96363636363637,,-0.5999999999999943,109.5,108.9,0.6,0.4909090909090909,2,0.6206896551724138,54,0.6,8,0,-0.018518518518519045,116.03703703703704,116.01851851851852,,0.8999999999999915,115.2,116.1,0.6,0.6111111111111112,1,0.0,0,0.38148148148147243,3.6734006734006783,4.054882154882151,,0.0,1.4999999999999858,7.0,0.12020202020202025,-1.0
22500810,2026-02-20,0,0.6666666666666666,56,0.5769230769230769,1,1,3.9285714285714306,116.32142857142857,120.25,,1.4000000000000057,117.0,118.4,0.4,0.625,0,0.4074074074074074,56,0.5517241379310345,8,0,-1.9642857142857224,118.28571428571429,116.32142857142857,,-3.0,120.4,117.4,0.4,0.48214285714285715,1,-1.0,0,-5.892857142857153,1.9642857142857224,-3.9285714285714306,,0.0,-4.400000000000006,7.0,-0.14285714285714285,1.0
22500811,2026-02-21,1,0.44,51,0.6538461538461539,2,0,0.9607843137254832,114.37254901960785,115.33333333333333,,2.8999999999999915,112.2,115.1,0.6,0.5490196078431373,1,0.5,56,0.6428571428571429,2,2,1.2678571428571388,112.0,113.26785714285714,,-3.8999999999999915,113.1,109.2,0.5,0.5714285714285714,0,2.0,0,0.30707282913165557,-2.3725490196078454,-2.06547619047619,,-0.09999999999999998,-6.799999999999983,0.0,0.022408963585434094,-1.0
22500812,2026-02-21,1,0.6,55,0.5,2,3,0.07272727272727764,115.92727272727272,116.0,,-1.0999999999999943,116.6,115.5,0.6,0.5454545454545454,0,0.2222222222222222,57,0.3,1,2,-6.0877192982456165,120.73684210526316,114.64912280701755,,-1.5999999999999943,114.3,112.7,0.4,0.2631578947368421,0,-1.0,0,-6.160446570972894,4.809569377990442,-1.350877192982452,,-0.19999999999999996,-0.5,-1.0,-0.2822966507177033,0.0
22500813,2026-02-21,1,0.34615384615384615,52,0.4230769230769231,1,0,-2.2692307692307736,117.5576923076923,115.28846153846153,,-5.200000000000003,121.7,116.5,0.3,0.38461538461538464,1,0.4666666666666667,57,0.5925925925925926,1,0,2.9122807017543977,116.82456140350877,119.73684210526316,,8.600000000000009,111.1,119.7,0.5,0.5263157894736842,2,0.0,0,5.181511470985171,-0.7331309041835397,4.448380566801632,,0.2,13.800000000000011,0.0,0.14170040485829954,1.0
22500814,2026-02-21,0,0.7307692307692307,53,0.7777777777777778,2,0,8.018867924528294,109.30188679245283,117.32075471698113,,11.5,105.9,117.4,0.8,0.7547169811320755,4,0.32142857142857145,56,0.5357142857142857,2,7,-3.9285714285714306,120.42857142857143,116.5,,-12.599999999999994,122.8,110.2,0.1,0.42857142857142855,0,7.0,0,-11.947439353099725,11.126684636118597,-0.8207547169811278,,-0.7000000000000001,-24.099999999999994,0.0,-0.326145552560647,-4.0
22500815,2026-02-21,1,0.10714285714285714,57,0.3103448275862069,2,15,-10.94736842105263,120.80701754385964,109.85964912280701,,-14.5,119.1,104.6,0.0,0.21052631578947367,0,0.6428571428571429,54,0.7692307692307693,2,0,6.425925925925924,111.88888888888889,118.31481481481481,,11.0,108.6,119.6,0.8,0.7037037037037037,7,-15.0,0,17.373294346978554,-8.918128654970758,8.455165692007796,,0.8,25.5,0.0,0.49317738791423005,7.0
22500816,2026-02-21,1,0.5517241379310345,54,0.72,2,0,5.0,109.46296296296296,114.46296296296296,,-0.29999999999999716,104.8,104.5,0.6,0.6296296296296297,1,0.5,55,0.7241379310344828,2,1,5.672727272727272,111.96363636363637,117.63636363636364,,12.200000000000003,107.6,119.8,0.7,0.6181818181818182,0,1.0,0,0.672727272727272,2.5006734006734064,3.1734006734006783,,0.09999999999999998,12.5,0.0,-0.011447811447811485,-1.0
22500817,2026-02-22,1,0.6296296296296297,57,0.6333333333333333,2,0,4.508771929824562,115.29824561403508,119.80701754385964,,15.100000000000009,107.8,122.9,0.9,0.631578947368421,7,0.7407407407407407,56,0.7931034482758621,2,0,12.035714285714292,107.58928571428571,119.625,,6.5,106.4,112.9,0.6,0.7678571428571429,1,0.0,0,7.52694235588973,-7.708959899749374,-0.18201754385964364,,-0.30000000000000004,-8.600000000000009,0.0,0.1362781954887219,-6.0
22500818,2026-02-22,1,0.25,55,0.2962962962962963,2,3,-7.854545454545445,114.69090909090909,106.83636363636364,,-11.300000000000011,113.9,102.6,0.3,0.2727272727272727,0,0.53125,58,0.38461538461538464,2,1,-1.6379310344827616,118.58620689655173,116.94827586206897,,-5.1000000000000085,118.2,113.1,0.4,0.46551724137931033,0,-2.0,0,6.216614420062683,3.8952978056426417,10.111912225705325,,0.10000000000000003,6.200000000000003,0.0,0.19278996865203762,0.0
22500819,2026-02-22,0,0.6296296296296297,56,0.5517241379310345,3,0,1.6607142857142776,112.05357142857143,113.71428571428571,,0.7000000000000028,110.1,110.8,0.6,0.5892857142857143,1,0.4,54,0.5,2,0,-2.944444444444457,115.24074074074075,112.29629629629629,,-0.20000000000000284,114.3,114.1,0.6,0.4444444444444444,3,0.0,0,-4.605158730158735,3.187169312169317,-1.4179894179894177,,0.0,-0.9000000000000057,-1.0,-0.14484126984126988,2.0
22500820,2026-02-22,1,0.6774193548387096,57,0.5769230769230769,2,0,4.807017543859644,116.08771929824562,120.89473684210526,,7.0,116.4,123.4,0.5,0.631578947368421,1,0.4074074074074074,56,0.6206896551724138,3,2,1.6071428571428612,113.82142857142857,115.42857142857143,,-3.3999999999999915,112.3,108.9,0.4,0.5178571428571429,0,2.0,0,-3.1998746867167824,-2.266290726817047,-5.46616541353383,,-0.09999999999999998,-10.399999999999991,1.0,-0.11372180451127811,-1.0
22500821,2026-02-22,0,0.20833333333333334,54,0.4666666666666667,2,10,-3.444444444444443,117.4074074074074,113.96296296296296,,-10.0,121.7,111.7,0.0,0.35185185185185186,0,0.1724137931034483,57,0.35714285714285715,2,2,-7.543859649122808,118.70175438596492,111.15789473684211,,-4.1000000000000085,119.7,115.6,0.4,0.2631578947368421,0,-8.0,0,-4.099415204678365,1.2943469785575132,-2.805068226120852,,0.4,5.8999999999999915,0.0,-0.08869395711500977,0.0
22500822,2026-02-22,0,0.4827586206896552,57,0.42857142857142855,2,2,1.6666666666666572,113.71929824561404,115.3859649122807,,3.3999999999999915,107.7,111.1,0.7,0.45614035087719296,0,0.19230769230769232,55,0.3793103448275862,2,0,-10.218181818181819,122.7090909090909,112.49090909090908,,-8.900000000000006,122.2,113.3,0.5,0.2909090909090909,2,-2.0,0,-11.884848484848476,8.989792663476862,-2.8950558213716135,,-0.19999999999999996,-12.299999999999997,0.0,-0.16523125996810206,2.0
22500823,2026-02-22,0,0.6428571428571429,55,0.6666666666666666,3,0,6.981818181818184,108.38181818181818,115.36363636363636,,8.5,99.8,108.3,0.8,0.6545454545454545,2,0.6206896551724138,55,0.6153846153846154,2,0,0.036363636363645924,116.14545454545454,116.18181818181819,,0.10000000000000853,115.6,115.7,0.6,0.6181818181818182,2,0.0,0,-6.945454545454538,7.7636363636363654,0.8181818181818272,,-0.20000000000000007,-8.399999999999991,-1.0,-0.036363636363636376,0.0
22500824,2026-02-22,0,0.5769230769230769,56,0.5,1,4,-0.1964285714285694,116.10714285714286,115.91071428571429,,-4.299999999999997,117.0,112.7,0.5,0.5357142857142857,0,0.5555555555555556,57,0.6666666666666666,2,0,5.035087719298247,114.6842105263158,119.71929824561404,,6.900000000000006,116.3,123.2,0.7,0.6140350877192983,3,-4.0,0,5.231516290726816,-1.4229323308270665,3.8085839598997495,,0.19999999999999996,11.200000000000003,1.0,0.07832080200501257,3.0
22500825,2026-02-22,0,0.5,56,0.7333333333333333,1,0,5.607142857142847,111.85714285714286,117.46428571428571,,9.700000000000003,109.0,118.7,0.7,0.625,1,0.32142857142857145,57,0.5172413793103449,1,8,-4.1403508771929864,120.52631578947368,116.3859649122807,,-13.899999999999991,124.1,110.2,0.1,0.42105263157894735,0,8.0,0,-9.747493734335833,8.669172932330824,-1.0783208020050097,,-0.6,-23.599999999999994,0.0,-0.20394736842105265,-1.0
22500826,2026-02-22,0,0.4074074074074074,57,0.5333333333333333,2,1,-2.877192982456137,118.96491228070175,116.08771929824562,,-7.6000000000000085,125.9,118.3,0.4,0.47368421052631576,0,0.5,57,0.6551724137931034,1,0,1.298245614035082,111.96491228070175,113.26315789473684,,-4.0,113.9,109.9,0.5,0.5789473684210527,1,-1.0,0,4.175438596491219,-7.0,-2.824561403508781,,0.09999999999999998,3.6000000000000085,-1.0,0.10526315789473689,1.0
22500827,2026-02-22,0,0.4230769230769231,52,0.6538461538461539,1,1,0.8846153846153868,114.34615384615384,115.23076923076923,,4.200000000000003,112.1,116.3,0.6,0.5384615384615384,0,0.41935483870967744,56,0.56,2,1,-0.4464285714285694,112.58928571428571,112.14285714285714,,-2.1000000000000085,111.7,109.6,0.5,0.48214285714285715,0,0.0,0,-1.3310439560439562,-1.7568681318681314,-3.0879120879120876,,-0.09999999999999998,-6.300000000000011,1.0,-0.056318681318681285,0.0
22500828,2026-02-23,0,0.6428571428571429,55,0.7777777777777778,2,0,6.61818181818181,112.07272727272728,118.69090909090909,,13.599999999999994,110.4,124.0,0.9,0.7090909090909091,8,0.7407407407407407,54,0.7777777777777778,2,0,8.166666666666671,109.31481481481481,117.48148148148148,,12.899999999999991,106.2,119.1,0.8,0.7592592592592593,5,0.0,0,1.5484848484848612,-2.757912457912468,-1.2094276094276069,,-0.09999999999999998,-0.7000000000000028,0.0,0.050168350168350195,-3.0
22500829,2026-02-23,0,0.10344827586206896,58,0.3103448275862069,2,16,-11.051724137931032,121.12068965517241,110.06896551724138,,-14.600000000000009,122.7,108.1,0.0,0.20689655172413793,0,0.3333333333333333,53,0.4230769230769231,2,1,-2.5283018867924483,117.90566037735849,115.37735849056604,,-5.299999999999997,124.1,118.8,0.3,0.37735849056603776,0,-15.0,0,8.523422251138584,-3.215029277813926,5.308392973324658,,0.3,9.300000000000011,0.0,0.17046193884189983,0.0
22500830,2026-02-23,1,0.25,57,0.3793103448275862,3,2,-7.6842105263157805,125.87719298245614,118.19298245614036,,-2.1999999999999886,118.1,115.9,0.3,0.3157894736842105,0,0.5333333333333333,55,0.72,2,1,4.872727272727275,109.43636363636364,114.30909090909091,,0.7000000000000028,104.5,105.2,0.6,0.6181818181818182,0,-1.0,0,12.556937799043055,-16.4408293460925,-3.883891547049444,,0.3,2.8999999999999915,-1.0,0.30239234449760766,0.0
22500831,2026-02-24,0,0.5925925925925926,57,0.5,2,0,0.2807017543859729,115.96491228070175,116.24561403508773,,-1.7999999999999972,116.7,114.9,0.5,0.543859649122807,1,0.1724137931034483,58,0.3448275862068966,2,3,-7.4827586206896655,118.96551724137932,111.48275862068965,,-4.799999999999997,122.1,117.3,0.3,0.25862068965517243,0,3.0,0,-7.763460375075638,3.0006049606775633,-4.762855414398075,,-0.2,-3.0,0.0,-0.2852389594676346,-1.0
22500832,2026-02-24,1,0.19230769230769232,56,0.36666666666666664,2,1,-10.339285714285708,122.82142857142857,112.48214285714286,,-11.600000000000009,125.2,113.6,0.4,0.2857142857142857,0,0.53125,59,0.4074074074074074,2,0,-1.4237288135593218,118.33898305084746,116.91525423728814,,-5.099999999999994,118.0,112.9,0.4,0.4745762711864407,1,-1.0,0,8.915556900726386,-4.482445520581109,4.433111380145277,,0.0,6.500000000000014,0.0,0.188861985472155,1.0
22500833,2026-02-24,0,0.24,55,0.4666666666666667,2,0,-3.309090909090912,117.63636363636364,114.32727272727273,,-9.0,123.1,114.1,0.1,0.36363636363636365,1,0.2413793103448276,56,0.2962962962962963,2,4,-7.910714285714278,114.69642857142857,106.78571428571429,,-12.0,114.7,102.7,0.3,0.26785714285714285,0,4.0,0,-4.601623376623365,-2.939935064935071,-7.541558441558436,,0.19999999999999998,-3.0,0.0,-0.0957792207792208,-1.0
22500834,2026-02-24,0,0.7407407407407407,57,0.8,2,0,11.964912280701753,107.6842105263158,119.64912280701755,,6.3999999999999915,108.2,114.6,0.6,0.7719298245614035,2,0.6428571428571429,57,0.5517241379310345,2,0,2.122807017543849,111.73684210526316,113.85964912280701,,2.299999999999997,109.7,112.0,0.6,0.5964912280701754,2,0.0,0,-9.842105263157904,4.05263157894737,-5.7894736842105345,,0.0,-4.099999999999994,0.0,-0.17543859649122806,0.0
22500835,2026-02-24,1,0.5185185185185185,57,0.7333333333333333,2,0,5.6140350877193015,111.63157894736842,117.24561403508773,,7.299999999999997,109.2,116.5,0.7,0.631578947368421,2,0.6071428571428571,58,0.6333333333333333,2,1,4.293103448275858,115.39655172413794,119.6896551724138,,12.700000000000003,110.1,122.8,0.8,0.6206896551724138,0,1.0,0,-1.3209316394434438,3.764972776769511,2.4440411373260673,,0.10000000000000009,5.400000000000006,0.0,-0.010889292196007205,-2.0
22500836,2026-02-24,0,0.5,58,0.42857142857142855,2,0,1.9310344827586192,113.6896551724138,115.62068965517241,,3.5999999999999943,109.2,112.8,0.7,0.46551724137931033,1,0.32142857142857145,58,0.5,2,9,-4.172413793103445,120.25862068965517,116.08620689655173,,-14.200000000000003,123.0,108.8,0.1,0.41379310344827586,0,9.0,0,-6.103448275862064,6.568965517241381,0.4655172413793167,,-0.6,-17.799999999999997,0.0,-0.051724137931034475,-1.0
22500837,2026-02-24,1,0.4666666666666667,58,0.6071428571428571,3,0,3.1379310344827616,116.87931034482759,120.01724137931035,,11.100000000000009,109.8,120.9,0.6,0.5344827586206896,3,0.4,55,0.48,2,1,-3.3999999999999915,115.36363636363636,111.96363636363637,,-1.2999999999999972,112.6,111.3,0.6,0.43636363636363634,0,1.0,0,-6.537931034482753,-1.5156739811912274,-8.05360501567398,,0.0,-12.400000000000006,-1.0,-0.09811912225705327,-3.0
22500838,2026-02-24,1,0.4074074074074074,57,0.6333333333333333,2,0,1.7719298245614112,113.87719298245614,115.64912280701755,,-4.900000000000006,115.5,110.6,0.4,0.5263157894736842,1,0.2222222222222222,58,0.3225806451612903,3,0,-5.724137931034491,120.56896551724138,114.84482758620689,,-1.0,115.9,114.9,0.4,0.27586206896551724,1,0.0,0,-7.496067755595902,6.691772534785244,-0.8042952208106584,,0.0,3.9000000000000057,1.0,-0.25045372050816694,0.0
22500839,2026-02-24,0,0.6551724137931034,56,0.6666666666666666,2,0,7.25,108.03571428571429,115.28571428571429,,9.900000000000006,99.3,109.2,0.8,0.6607142857142857,3,0.5,58,0.6333333333333333,2,1,1.0172413793103487,111.62068965517241,112.63793103448276,,-7.299999999999997,113.5,106.2,0.4,0.5689655172413793,0,1.0,0,-6.232758620689651,3.584975369458121,-2.6477832512315302,,-0.4,-17.200000000000003,0.0,-0.09174876847290636,-3.0
22500840,2026-02-24,0,0.4444444444444444,53,0.6538461538461539,2,0,0.9056603773584868,114.24528301886792,115.15094339622641,,3.5,110.6,114.1,0.6,0.5471698113207547,1,0.6206896551724138,56,0.5925925925925926,2,1,-0.3571428571428612,116.05357142857143,115.69642857142857,,0.9000000000000057,113.8,114.7,0.6,0.6071428571428571,0,1.0,0,-1.262803234501348,1.8082884097035077,0.5454851752021597,,0.0,-2.5999999999999943,0.0,0.05997304582210239,-1.0
22500841,2026-02-24,0,0.5555555555555556,58,0.6451612903225806,2,1,4.4827586206896655,115.03448275862068,119.51724137931035,,2.9000000000000057,119.3,122.2,0.6,0.603448275862069,0,0.42857142857142855,58,0.5333333333333333,2,0,-2.568965517241381,118.24137931034483,115.67241379310344,,-5.699999999999989,122.1,116.4,0.5,0.4827586206896552,1,-1.0,0,-7.051724137931046,3.2068965517241423,-3.844827586206904,,-0.09999999999999998,-8.599999999999994,0.0,-0.12068965517241376,1.0
22500842,2026-02-25,1,0.75,58,0.8,1,0,11.913793103448285,107.67241379310344,119.58620689655173,,8.5,106.6,115.1,0.7,0.7758620689655172,3,0.7407407407407407,55,0.75,2,1,7.818181818181813,109.4,117.21818181818182,,13.599999999999994,106.2,119.8,0.8,0.7454545454545455,0,1.0,0,-4.095611285266472,1.7275862068965608,-2.368025078369911,,0.10000000000000009,5.099999999999994,1.0,-0.030407523510971757,-3.0
22500843,2026-02-25,0,0.6551724137931034,56,0.7777777777777778,2,0,6.696428571428569,111.91071428571429,118.60714285714286,,13.5,110.8,124.3,0.9,0.7142857142857143,9,0.6428571428571429,58,0.5333333333333333,1,1,1.9310344827586192,111.8103448275862,113.74137931034483,,1.2000000000000028,111.2,112.4,0.5,0.5862068965517241,0,1.0,0,-4.76539408866995,-0.1003694581280854,-4.865763546798036,,-0.4,-12.299999999999997,-1.0,-0.1280788177339902,-9.0
22500844,2026-02-25,0,0.39285714285714285,58,0.6333333333333333,1,1,1.6724137931034448,113.86206896551724,115.53448275862068,,-2.799999999999997,116.0,113.2,0.4,0.5172413793103449,0,0.3333333333333333,54,0.4074074074074074,2,2,-2.6481481481481524,118.0,115.35185185185185,,-5.400000000000006,125.0,119.6,0.3,0.37037037037037035,0,1.0,0,-4.320561941251597,4.137931034482762,-0.18263090676883564,,-0.10000000000000003,-2.6000000000000085,1.0,-0.1468710089399745,0.0
22500845,2026-02-25,1,0.13333333333333333,59,0.3103448275862069,2,0,-10.711864406779668,121.0,110.28813559322033,,-13.5,122.8,109.3,0.1,0.22033898305084745,1,0.5333333333333333,56,0.7307692307692307,2,0,5.142857142857139,109.35714285714286,114.5,,0.8999999999999915,106.4,107.3,0.6,0.625,1,0.0,0,15.854721549636807,-11.642857142857139,4.211864406779668,,0.5,14.399999999999991,0.0,0.4046610169491526,0.0
22500846,2026-02-25,1,0.6071428571428571,59,0.6451612903225806,1,0,4.474576271186436,115.03389830508475,119.50847457627118,,11.200000000000003,109.6,120.8,0.8,0.6271186440677966,1,0.4,56,0.5,1,0,-3.142857142857139,115.39285714285714,112.25,,0.7999999999999972,113.4,114.2,0.7,0.44642857142857145,1,0.0,0,-7.617433414043575,0.35895883777239135,-7.258474576271183,,-0.10000000000000009,-10.400000000000006,0.0,-0.18069007263922515,0.0
22500847,2026-02-25,1,0.6666666666666666,57,0.6666666666666666,1,0,7.403508771929822,107.56140350877193,114.96491228070175,,12.599999999999994,95.7,108.3,0.9,0.6666666666666666,4,0.65625,58,0.5769230769230769,3,1,4.5344827586206975,116.29310344827586,120.82758620689656,,5.5,118.9,124.4,0.4,0.6206896551724138,0,1.0,0,-2.8690260133091243,8.731699939503926,5.862673926194802,,-0.5,-7.099999999999994,2.0,-0.04597701149425282,-4.0
22500848,2026-02-26,0,0.5161290322580645,59,0.42857142857142855,2,0,2.4406779661017026,113.44067796610169,115.88135593220339,,6.599999999999994,107.0,113.6,0.7,0.4745762711864407,2,0.1724137931034483,59,0.3333333333333333,2,4,-7.711864406779654,119.23728813559322,111.52542372881356,,-7.400000000000006,123.2,115.8,0.2,0.2542372881355932,0,4.0,0,-10.152542372881356,5.7966101694915295,-4.355932203389827,,-0.49999999999999994,-14.0,0.0,-0.22033898305084748,-2.0
22500849,2026-02-26,1,0.45161290322580644,59,0.6071428571428571,2,1,2.8983050847457577,117.0677966101695,119.96610169491525,,9.700000000000003,111.3,121.0,0.5,0.5254237288135594,0,0.6071428571428571,58,0.5,2,0,0.6379310344827616,115.93103448275862,116.56896551724138,,-0.7000000000000028,116.7,116.0,0.5,0.5517241379310345,2,-1.0,0,-2.260374050262996,-1.1367621274108757,-3.3971361776738718,,0.0,-10.400000000000006,0.0,0.02630040911747511,2.0
22500850,2026-02-26,1,0.18518518518518517,57,0.36666666666666664,2,2,-10.52631578947367,122.75438596491227,112.2280701754386,,-10.600000000000009,122.9,112.3,0.4,0.2807017543859649,0,0.53125,60,0.42857142857142855,2,0,-1.0499999999999972,118.0,116.95,,-1.2000000000000028,117.4,116.2,0.5,0.48333333333333334,2,-2.0,0,9.476315789473674,-4.754385964912274,4.7219298245614,,0.09999999999999998,9.400000000000006,0.0,0.20263157894736844,2.0
22500851,2026-02-26,0,0.6666666666666666,57,0.7777777777777778,1,0,6.631578947368425,111.82456140350877,118.45614035087719,,14.299999999999997,110.4,124.7,1.0,0.7192982456140351,10,0.2413793103448276,57,0.2857142857142857,2,5,-7.929824561403507,114.84210526315789,106.91228070175438,,-13.899999999999991,117.1,103.2,0.2,0.2631578947368421,0,5.0,0,-14.561403508771932,3.0175438596491233,-11.543859649122808,,-0.8,-28.19999999999999,1.0,-0.456140350877193,-10.0
22500852,2026-02-26,0,0.5333333333333333,57,0.7407407407407407,1,0,5.596491228070178,109.14035087719299,114.73684210526316,,3.5999999999999943,105.4,109.0,0.6,0.631578947368421,2,0.4642857142857143,54,0.6538461538461539,2,0,0.9074074074074048,114.14814814814815,115.05555555555556,,2.5999999999999943,109.5,112.1,0.6,0.5555555555555556,2,0.0,0,-4.689083820662773,5.007797270955166,0.3187134502923925,,0.0,-1.0,1.0,-0.07602339181286544,0.0
22500853,2026-02-26,0,0.42857142857142855,59,0.5161290322580645,2,1,-2.576271186440678,118.33898305084746,115.76271186440678,,-3.0,121.8,118.8,0.5,0.4745762711864407,0,0.32142857142857145,59,0.4838709677419355,2,10,-4.644067796610159,120.44067796610169,115.79661016949153,,-18.099999999999994,124.3,106.2,0.0,0.4067796610169492,0,9.0,0,-2.0677966101694807,2.101694915254228,0.03389830508474745,,-0.5,-15.099999999999994,0.0,-0.06779661016949151,0.0
22500854,2026-02-26,0,0.12903225806451613,60,0.3103448275862069,1,1,-11.049999999999997,121.11666666666666,110.06666666666666,,-14.700000000000003,124.4,109.7,0.1,0.21666666666666667,0,0.2692307692307692,56,0.4666666666666667,2,0,-3.089285714285708,117.57142857142857,114.48214285714286,,-6.799999999999997,122.7,115.9,0.2,0.375,2,-1.0,0,7.960714285714289,-3.5452380952380906,4.415476190476198,,0.1,7.900000000000006,1.0,0.15833333333333333,2.0
22500855,2026-02-26,1,0.6206896551724138,57,0.5714285714285714,2,2,-0.3684210526315752,115.94736842105263,115.57894736842105,,-2.299999999999997,113.7,111.4,0.5,0.5964912280701754,0,0.5,59,0.6129032258064516,2,2,0.7288135593220346,111.37288135593221,112.10169491525424,,-10.200000000000003,111.9,101.7,0.3,0.559322033898305,0,0.0,0,1.0972346119536098,-4.574487065120422,-3.4772524531668125,,-0.2,-7.900000000000006,0.0,-0.03716919417187037,0.0
22500856,2026-02-26,0,0.2222222222222222,59,0.34375,2,0,-5.559322033898312,120.37288135593221,114.8135593220339,,0.29999999999999716,116.4,116.7,0.5,0.288135593220339,2,0.2413793103448276,58,0.3793103448275862,3,3,-7.896551724137922,125.86206896551724,117.96551724137932,,-2.5999999999999943,116.6,114.0,0.3,0.3103448275862069,0,3.0,0,-2.33722969023961,5.489187609585031,3.1519579193454206,,-0.2,-2.8999999999999915,1.0,0.022209234365867914,-2.0
22500857,2026-02-26,0,0.5714285714285714,59,0.6451612903225806,2,0,4.457627118644055,115.13559322033899,119.59322033898304,,2.0,120.3,122.3,0.6,0.6101694915254238,1,0.41935483870967744,57,0.5384615384615384,4,2,-0.47368421052631504,112.56140350877193,112.08771929824562,,-1.0,110.6,109.6,0.5,0.47368421052631576,0,2.0,0,-4.93131132917037,-2.5741897115670582,-7.505501040737428,,-0.09999999999999998,-3.0,2.0,-0.136485280999108,-1.0
22500858,2026-02-27,1,0.5862068965517241,60,0.6451612903225806,2,1,4.366666666666674,115.08333333333333,119.45,,12.299999999999997,108.8,121.1,0.8,0.6166666666666667,0,0.7407407407407407,56,0.7586206896551724,2,0,7.821428571428569,109.51785714285714,117.33928571428571,,13.699999999999989,105.4,119.1,0.8,0.75,1,-1.0,0,3.454761904761895,-5.56547619047619,-2.1107142857142946,,0.0,1.3999999999999915,0.0,0.1333333333333333,1.0
22500859,2026-02-27,1,0.2413793103448276,58,0.27586206896551724,1,6,-8.068965517241367,115.03448275862068,106.96551724137932,,-10.200000000000003,116.7,106.5,0.2,0.25862068965517243,0,0.6451612903225806,58,0.6666666666666666,2,1,6.948275862068968,107.48275862068965,114.43103448275862,,8.799999999999997,96.7,105.5,0.8,0.6551724137931034,0,-5.0,0,15.017241379310335,-7.551724137931032,7.4655172413793025,,0.6000000000000001,19.0,1.0,0.396551724137931,0.0
22500860,2026-02-27,0,0.5,58,0.7333333333333333,3,1,5.25862068965516,111.58620689655173,116.84482758620689,,4.6000000000000085,110.1,114.7,0.6,0.6206896551724138,0,0.4,57,0.5185185185185185,2,0,-3.05263157894737,115.40350877192982,112.35087719298245,,3.799999999999997,114.3,118.1,0.8,0.45614035087719296,2,-1.0,0,-8.31125226860253,3.8173018753780923,-4.493950393224438,,0.20000000000000007,-0.8000000000000114,-1.0,-0.16454930429522086,2.0
22500861,2026-02-27,0,0.3333333333333333,55,0.39285714285714285,2,3,-2.98181818181817,118.27272727272727,115.2909090909091,,-5.799999999999997,125.2,119.4,0.3,0.36363636363636365,0,0.2692307692307692,57,0.45161290322580644,1,1,-3.192982456140342,117.78947368421052,114.59649122807018,,-7.5,123.4,115.9,0.2,0.3684210526315789,0,-2.0,0,-0.21116427432217222,-0.48325358851674594,-0.6944178628389182,,-0.09999999999999998,-1.7000000000000028,-1.0,0.0047846889952152805,0.0
22500862,2026-02-27,1,0.65625,59,0.5925925925925926,2,0,4.779661016949163,115.7457627118644,120.52542372881356,,6.099999999999994,116.4,122.5,0.4,0.6271186440677966,1,0.7241379310344828,59,0.8,2,1,11.576271186440678,107.94915254237289,119.52542372881356,,6.699999999999989,107.9,114.6,0.6,0.7627118644067796,0,1.0,0,6.796610169491515,-7.796610169491515,-1.0,,0.19999999999999996,0.5999999999999943,0.0,0.13559322033898302,-1.0
22500863,2026-02-28,1,0.4482758620689655,60,0.5161290322580645,2,0,-2.38333333333334,118.23333333333333,115.85,,-0.20000000000000284,120.0,119.8,0.6,0.48333333333333334,1,0.53125,60,0.42857142857142855,2,0,2.8000000000000114,113.36666666666666,116.16666666666667,,8.5,107.3,115.8,0.7,0.48333333333333334,3,0.0,0,5.183333333333351,-4.866666666666674,0.3166666666666771,,0.09999999999999998,8.700000000000003,0.0,0.0,2.0
22500864,2026-02-28,1,0.5483870967741935,58,0.7407407407407407,2,0,5.5862068965517295,109.12068965517241,114.70689655172414,,3.700000000000003,104.8,108.5,0.6,0.6379310344827587,3,0.4375,60,0.6071428571428571,2,2,2.7333333333333343,117.18333333333334,119.91666666666667,,9.700000000000003,111.2,120.9,0.5,0.5166666666666667,0,2.0,0,-2.8528735632183952,8.062643678160924,5.209770114942529,,-0.09999999999999998,6.0,0.0,-0.12126436781609196,-3.0
22500865,2026-02-28,0,0.6428571428571429,59,0.5161290322580645,3,2,1.8474576271186436,111.77966101694915,113.62711864406779,,3.6000000000000085,110.3,113.9,0.5,0.576271186440678,0,0.17857142857142858,58,0.36666666666666664,2,3,-10.862068965517238,122.8103448275862,111.94827586206897,,-14.0,124.3,110.3,0.3,0.27586206896551724,0,1.0,0,-12.709526592635882,11.030683810637058,-1.6788427819988243,,-0.2,-17.60000000000001,-1.0,-0.30040911747516075,0.0
22500866,2026-02-28,0,0.6,58,0.5714285714285714,2,3,-0.4137931034482847,115.89655172413794,115.48275862068965,,-1.3999999999999915,113.8,112.4,0.5,0.5862068965517241,0,0.41379310344827586,59,0.6333333333333333,3,0,2.0,113.83050847457628,115.83050847457628,,-2.299999999999997,114.8,112.5,0.4,0.5254237288135594,1,-3.0,0,2.4137931034482847,-2.066043249561659,0.3477498538866257,,-0.09999999999999998,-0.9000000000000057,1.0,-0.06078316773816472,1.0
22500867,2026-02-28,0,0.25,60,0.34375,2,0,-5.283333333333331,120.33333333333333,115.05,,0.6000000000000085,117.6,118.2,0.5,0.3,3,0.2413793103448276,59,0.36666666666666664,2,4,-7.949152542372886,125.91525423728814,117.96610169491525,,-2.6999999999999886,118.6,115.9,0.3,0.3050847457627119,0,4.0,0,-2.6658192090395545,5.58192090395481,2.9161016949152554,,-0.2,-3.299999999999997,0.0,0.005084745762711895,-3.0
22500868,2026-03-01,1,0.6774193548387096,58,0.7777777777777778,3,0,6.793103448275872,111.79310344827586,118.58620689655173,,15.0,111.1,126.1,1.0,0.7241379310344828,11,0.5172413793103449,59,0.7333333333333333,2,0,5.66101694915254,111.35593220338983,117.01694915254237,,4.400000000000006,109.8,114.2,0.6,0.6271186440677966,1,0.0,0,-1.1320864991233321,-0.43717124488603076,-1.569257744009363,,-0.4,-10.599999999999994,-1.0,-0.09701928696668616,-10.0
22500869,2026-03-01,0,0.5666666666666667,61,0.6451612903225806,2,2,4.245901639344254,115.19672131147541,119.44262295081967,,10.099999999999994,109.9,120.0,0.7,0.6065573770491803,0,0.23333333333333334,59,0.27586206896551724,2,7,-8.559322033898297,115.59322033898304,107.03389830508475,,-12.299999999999997,119.0,106.7,0.2,0.2542372881355932,0,5.0,0,-12.805223673242551,0.39649902750763033,-12.408724645734921,,-0.49999999999999994,-22.39999999999999,0.0,-0.3523200889135871,0.0
22500870,2026-03-01,1,0.4,58,0.5,2,1,-3.5,115.60344827586206,112.10344827586206,,-0.7000000000000028,115.5,114.8,0.7,0.4482758620689655,0,0.32142857142857145,60,0.46875,3,11,-4.716666666666669,120.45,115.73333333333333,,-14.700000000000003,123.0,108.3,0.0,0.4,0,10.0,0,-1.2166666666666686,4.846551724137939,3.62988505747127,,-0.7,-14.0,1.0,-0.0482758620689655,0.0
22500871,2026-03-01,0,0.5862068965517241,60,0.6451612903225806,3,0,4.483333333333334,114.68333333333334,119.16666666666667,,0.8999999999999915,117.7,118.6,0.6,0.6166666666666667,2,0.6363636363636364,60,0.5925925925925926,2,1,4.599999999999994,115.93333333333334,120.53333333333333,,6.5,117.0,123.5,0.4,0.6166666666666667,0,1.0,0,0.11666666666666003,1.25,1.36666666666666,,-0.19999999999999996,5.6000000000000085,-1.0,0.0,-2.0
22500872,2026-03-01,0,0.35714285714285715,56,0.39285714285714285,2,0,-2.5892857142857224,118.03571428571429,115.44642857142857,,-4.800000000000011,122.9,118.1,0.3,0.375,1,0.1724137931034483,60,0.3225806451612903,3,5,-7.983333333333334,119.46666666666667,111.48333333333333,,-9.400000000000006,124.7,115.3,0.2,0.25,0,5.0,0,-5.394047619047612,1.4309523809523768,-3.963095238095235,,-0.09999999999999998,-4.599999999999994,1.0,-0.125,-1.0
22500873,2026-03-01,1,0.43333333333333335,61,0.5161290322580645,1,1,-2.606557377049171,118.08196721311475,115.47540983606558,,-1.3000000000000114,117.9,116.6,0.6,0.47540983606557374,0,0.53125,61,0.4482758620689655,3,0,-0.5409836065573757,117.63934426229508,117.09836065573771,,2.3000000000000114,114.1,116.4,0.6,0.4918032786885246,3,-1.0,0,2.0655737704917954,-0.4426229508196684,1.622950819672127,,0.0,3.6000000000000227,2.0,0.016393442622950838,3.0
22500874,2026-03-01,1,0.6071428571428571,59,0.5161290322580645,3,0,0.7457627118644012,115.94915254237289,116.69491525423729,,-1.5,117.1,115.6,0.5,0.559322033898305,3,0.6451612903225806,59,0.6785714285714286,2,0,7.457627118644069,107.54237288135593,115.0,,9.699999999999989,99.9,109.6,0.8,0.6610169491525424,1,0.0,0,6.711864406779668,-8.406779661016955,-1.6949152542372872,,0.30000000000000004,11.199999999999989,-1.0,0.10169491525423735,-2.0
22500875,2026-03-01,0,0.7407407407407407,57,0.7666666666666667,2,0,7.73684210526315,109.6842105263158,117.42105263157895,,8.700000000000003,109.6,118.3,0.8,0.7543859649122807,2,0.4642857142857143,55,0.6296296296296297,3,1,0.7999999999999972,114.12727272727273,114.92727272727272,,3.0,109.6,112.6,0.6,0.5454545454545454,0,1.0,0,-6.936842105263153,4.4430622009569305,-2.4937799043062228,,-0.20000000000000007,-5.700000000000003,1.0,-0.2089314194577353,-2.0
22500876,2026-03-01,0,0.7241379310344828,60,0.8064516129032258,2,0,11.483333333333334,108.16666666666667,119.65,,3.700000000000003,110.8,114.5,0.6,0.7666666666666667,1,0.2692307692307692,58,0.4375,2,2,-3.4655172413793167,117.89655172413794,114.43103448275862,,-9.0,124.7,115.7,0.2,0.3620689655172414,0,2.0,0,-14.948850574712651,9.729885057471265,-5.2189655172413865,,-0.39999999999999997,-12.700000000000003,0.0,-0.40459770114942534,-1.0
22500877,2026-03-01,1,0.27586206896551724,61,0.34375,1,0,-5.032786885245898,120.08196721311475,115.04918032786885,,2.5999999999999943,115.7,118.3,0.6,0.3114754098360656,4,0.41935483870967744,58,0.5185185185185185,3,3,-0.5689655172413808,112.24137931034483,111.67241379310344,,-4.0,110.7,106.7,0.4,0.46551724137931033,0,3.0,0,4.463821368004517,-7.840587902769926,-3.376766534765409,,-0.19999999999999996,-6.599999999999994,2.0,0.15404183154324474,-4.0
22500878,2026-03-01,1,0.15625,61,0.3103448275862069,3,0,-10.721311475409834,121.11475409836065,110.39344262295081,,-13.400000000000006,124.9,111.5,0.2,0.22950819672131148,1,0.6129032258064516,59,0.5714285714285714,1,0,0.0677966101694949,115.64406779661017,115.71186440677967,,-0.20000000000000284,113.0,112.8,0.5,0.5932203389830508,1,0.0,0,10.789108085579329,-5.470686301750476,5.318421783828853,,0.3,13.200000000000003,-2.0,0.3637121422617393,0.0
22500879,2026-03-02,0,0.53125,59,0.7407407407407407,2,1,5.3220338983050794,109.22033898305085,114.54237288135593,,4.799999999999997,104.9,109.7,0.6,0.6271186440677966,0,0.17857142857142858,59,0.3548387096774194,2,4,-10.830508474576277,123.0,112.16949152542372,,-11.799999999999997,124.5,112.7,0.3,0.2711864406779661,0,3.0,0,-16.152542372881356,13.779661016949149,-2.3728813559322077,,-0.3,-16.599999999999994,0.0,-0.3559322033898305,0.0
22500880,2026-03-02,0,0.6451612903225806,60,0.6896551724137931,1,0,7.599999999999994,107.38333333333334,114.98333333333333,,10.299999999999997,99.7,110.0,0.8,0.6666666666666666,2,0.3870967741935484,59,0.5,1,2,-3.830508474576277,115.67796610169492,111.84745762711864,,-3.3999999999999915,113.8,110.4,0.6,0.4406779661016949,0,2.0,0,-11.430508474576271,8.29463276836158,-3.1358757062146907,,-0.20000000000000007,-13.699999999999989,0.0,-0.22598870056497172,-2.0
22500881,2026-03-02,0,0.6363636363636364,61,0.5714285714285714,1,2,4.377049180327873,115.95081967213115,120.32786885245902,,5.900000000000006,116.3,122.2,0.4,0.6065573770491803,0,0.2413793103448276,60,0.3548387096774194,2,5,-7.983333333333334,125.73333333333333,117.75,,-3.0,119.4,116.4,0.3,0.3,0,3.0,0,-12.360382513661207,9.782513661202188,-2.5778688524590194,,-0.10000000000000003,-8.900000000000006,1.0,-0.30655737704918035,0.0
22500882,2026-03-02,0,0.41935483870967744,59,0.5357142857142857,1,0,-0.2203389830508371,112.32203389830508,112.10169491525424,,-0.5,109.6,109.1,0.5,0.4745762711864407,1,0.41379310344827586,60,0.6129032258064516,2,1,1.5,114.08333333333333,115.58333333333333,,-4.3999999999999915,114.6,110.2,0.4,0.5166666666666667,0,1.0,0,1.720338983050837,1.7612994350282491,3.4816384180790863,,-0.09999999999999998,-3.8999999999999915,1.0,0.04209039548022603,-1.0
22500883,2026-03-03,1,0.2692307692307692,59,0.42424242424242425,2,3,-3.6271186440677923,117.59322033898304,113.96610169491525,,-9.299999999999997,123.7,114.4,0.2,0.3559322033898305,0,0.53125,61,0.4482758620689655,3,0,3.016393442622956,113.0327868852459,116.04918032786885,,9.400000000000006,107.1,116.5,0.7,0.4918032786885246,4,-3.0,0,6.643512086690748,-4.560433453737147,2.083078632953601,,0.49999999999999994,18.700000000000003,1.0,0.13587107529869408,4.0
22500884,2026-03-03,1,0.75,58,0.7666666666666667,2,0,7.84482758620689,109.37931034482759,117.22413793103448,,9.799999999999997,106.7,116.5,0.8,0.7586206896551724,3,0.5806451612903226,62,0.6451612903225806,2,0,4.241935483870961,114.98387096774194,119.2258064516129,,7.200000000000003,111.0,118.2,0.7,0.6129032258064516,1,0.0,0,-3.602892102335929,5.604560622914349,2.00166852057842,,-0.10000000000000009,-2.5999999999999943,0.0,-0.14571746384872075,-2.0
22500885,2026-03-03,1,0.17857142857142858,60,0.34375,1,5,-10.733333333333334,123.0,112.26666666666667,,-13.199999999999989,125.1,111.9,0.2,0.26666666666666666,0,0.4642857142857143,56,0.6071428571428571,2,2,0.5357142857142776,113.98214285714286,114.51785714285714,,5.199999999999989,107.4,112.6,0.6,0.5357142857142857,0,-3.0,0,11.269047619047612,-9.017857142857139,2.251190476190473,,0.39999999999999997,18.399999999999977,1.0,0.26904761904761904,0.0
22500886,2026-03-03,1,0.23333333333333334,60,0.26666666666666666,2,8,-8.483333333333334,115.43333333333334,106.95,,-10.700000000000003,117.8,107.1,0.2,0.25,0,0.4375,61,0.6206896551724138,3,0,2.8524590163934533,116.98360655737704,119.8360655737705,,6.400000000000006,112.6,119.0,0.5,0.5245901639344263,1,-8.0,0,11.335792349726788,1.550273224043707,12.886065573770495,,0.3,17.10000000000001,1.0,0.27459016393442626,1.0
22500887,2026-03-03,0,0.5172413793103449,60,0.7419354838709677,2,0,5.983333333333334,110.98333333333333,116.96666666666667,,6.200000000000003,106.0,112.2,0.6,0.6333333333333333,2,0.6551724137931034,60,0.5161290322580645,3,0,1.9666666666666686,112.0,113.96666666666667,,5.5,109.8,115.3,0.6,0.5833333333333334,1,0.0,0,-4.016666666666666,1.0166666666666657,-3.0,,0.0,-0.7000000000000028,1.0,-0.04999999999999993,-1.0
22500888,2026-03-03,0,0.65625,59,0.7777777777777778,2,1,6.2542372881355845,111.83050847457628,118.08474576271186,,11.5,111.9,123.4,0.9,0.711864406779661,0,0.5862068965517241,60,0.5161290322580645,2,1,0.46666666666666856,115.91666666666667,116.38333333333334,,-5.0,119.1,114.1,0.4,0.55,0,0.0,0,-5.787570621468916,4.086158192090394,-1.7014124293785216,,-0.5,-16.5,0.0,-0.16186440677966096,0.0
22500889,2026-03-03,0,0.7333333333333333,61,0.8064516129032258,2,0,11.508196721311478,107.81967213114754,119.32786885245902,,6.0,107.9,113.9,0.7,0.7704918032786885,2,0.32142857142857145,61,0.48484848484848486,2,0,-4.262295081967224,120.06557377049181,115.80327868852459,,-10.799999999999997,119.6,108.8,0.1,0.4098360655737705,1,0.0,0,-15.770491803278702,12.245901639344268,-3.524590163934434,,-0.6,-16.799999999999997,0.0,-0.360655737704918,-1.0
22500890,2026-03-03,1,0.3793103448275862,57,0.39285714285714285,2,0,-2.2105263157894655,117.82456140350877,115.6140350877193,,-3.299999999999997,121.0,117.7,0.3,0.38596491228070173,2,0.6,61,0.6451612903225806,2,0,4.557377049180332,114.57377049180327,119.1311475409836,,2.700000000000003,114.8,117.5,0.7,0.6229508196721312,3,0.0,0,6.767903364969797,-3.2507909117054936,3.5171124532643034,,0.39999999999999997,6.0,0.0,0.23698590739142944,1.0
22500891,2026-03-03,1,0.26666666666666666,62,0.34375,2,1,-5.274193548387103,120.35483870967742,115.08064516129032,,1.2999999999999972,119.2,120.5,0.6,0.3064516129032258,0,0.6129032258064516,60,0.5862068965517241,2,0,0.46666666666666856,115.45,115.91666666666667,,1.7999999999999972,111.9,113.7,0.5,0.6,2,-1.0,0,5.740860215053772,-4.904838709677421,0.8360215053763511,,-0.09999999999999998,0.5,0.0,0.29354838709677417,2.0
22500892,2026-03-03,0,0.5,60,0.625,5,0,0.7666666666666657,111.35,112.11666666666666,,-7.5,111.2,103.7,0.4,0.5666666666666667,1,0.15151515151515152,62,0.3103448275862069,2,1,-10.93548387096773,121.2258064516129,110.29032258064517,,-15.399999999999991,124.8,109.4,0.2,0.22580645161290322,0,1.0,0,-11.702150537634395,9.875806451612902,-1.8263440860214928,,-0.2,-7.8999999999999915,-3.0,-0.3408602150537634,-1.0
22500893,2026-03-04,0,0.7419354838709677,62,0.8064516129032258,1,0,11.451612903225808,107.8225806451613,119.2741935483871,,7.400000000000006,107.5,114.9,0.8,0.7741935483870968,3,0.5333333333333333,61,0.7419354838709677,1,0,6.147540983606561,110.72131147540983,116.8688524590164,,11.599999999999994,103.7,115.3,0.7,0.639344262295082,3,0.0,0,-5.304071919619247,2.898730830248539,-2.405341089370708,,-0.10000000000000009,4.199999999999989,0.0,-0.13484928609201474,0.0
22500894,2026-03-04,0,0.53125,62,0.4666666666666667,1,0,3.4032258064516157,112.66129032258064,116.06451612903226,,11.099999999999994,106.2,117.3,0.7,0.5,5,0.65625,61,0.6896551724137931,2,0,7.918032786885249,106.95081967213115,114.8688524590164,,10.900000000000006,98.5,109.4,0.8,0.6721311475409836,3,0.0,0,4.514806980433633,-5.710470650449494,-1.1956636700158612,,0.10000000000000009,-0.19999999999998863,1.0,0.17213114754098358,-2.0
22500895,2026-03-04,1,0.2413793103448276,61,0.34375,2,6,-7.901639344262293,125.77049180327869,117.8688524590164,,-4.200000000000003,120.0,115.8,0.2,0.29508196721311475,0,0.5862068965517241,61,0.5,1,2,-0.19672131147540028,116.1639344262295,115.9672131147541,,-8.599999999999994,120.3,111.7,0.4,0.5409836065573771,0,-4.0,0,7.7049180327868925,-9.606557377049185,-1.9016393442622928,,0.2,-4.3999999999999915,-1.0,0.24590163934426235,0.0
22500896,2026-03-04,0,0.41935483870967744,62,0.5161290322580645,3,2,-3.1129032258064626,118.35483870967742,115.24193548387096,,-6.700000000000003,119.9,113.2,0.5,0.46774193548387094,0,0.36666666666666664,58,0.39285714285714285,1,1,-2.2931034482758577,117.8103448275862,115.51724137931035,,-2.0,119.2,117.2,0.3,0.3793103448275862,0,-1.0,0,0.819799777530605,-0.5444938820912171,0.2753058954393879,,-0.2,4.700000000000003,-2.0,-0.08843159065628475,0.0
22500897,2026-03-04,0,0.53125,62,0.4666666666666667,3,0,0.016129032258064058,117.37096774193549,117.38709677419355,,4.5,112.7,117.2,0.6,0.5,4,0.3870967741935484,60,0.4827586206896552,2,3,-4.216666666666669,115.55,111.33333333333333,,-6.700000000000003,114.7,108.0,0.5,0.43333333333333335,0,3.0,0,-4.232795698924733,-1.8209677419354904,-6.053763440860223,,-0.09999999999999998,-11.200000000000003,-1.0,-0.06666666666666665,-4.0
22500898,2026-03-04,1,0.1724137931034483,61,0.3125,3,6,-8.163934426229517,119.55737704918033,111.39344262295081,,-10.399999999999991,124.1,113.7,0.2,0.2459016393442623,0,0.4375,60,0.5357142857142857,2,0,0.0,112.13333333333334,112.13333333333334,,4.1000000000000085,107.3,111.4,0.6,0.48333333333333334,2,-6.0,0,8.163934426229517,-7.424043715846992,0.7398907103825252,,0.39999999999999997,14.5,-1.0,0.23743169398907105,2.0
22500899,2026-03-05,1,0.25925925925925924,60,0.42424242424242425,2,4,-4.016666666666666,117.58333333333333,113.56666666666666,,-10.800000000000011,121.9,111.1,0.2,0.35,0,0.4642857142857143,57,0.6206896551724138,2,0,0.8245614035087812,113.89473684210526,114.71929824561404,,4.900000000000006,108.5,113.4,0.6,0.543859649122807,1,-4.0,0,4.841228070175447,-3.6885964912280684,1.1526315789473784,,0.39999999999999997,15.700000000000017,0.0,0.19385964912280707,1.0
22500900,2026-03-05,0,0.23333333333333334,62,0.34375,1,7,-7.838709677419359,125.45161290322581,117.61290322580645,,-4.400000000000006,118.5,114.1,0.2,0.2903225806451613,0,0.1724137931034483,61,0.34375,2,6,-10.836065573770497,123.04918032786885,112.21311475409836,,-13.5,125.0,111.5,0.2,0.26229508196721313,0,-1.0,0,-2.997355896351138,-2.402432575356954,-5.399788471708092,,0.0,-9.099999999999994,1.0,-0.02802749867794818,0.0
22500901,2026-03-05,1,0.22580645161290322,61,0.26666666666666666,2,9,-8.770491803278688,115.57377049180327,106.80327868852459,,-14.700000000000003,118.9,104.2,0.1,0.2459016393442623,0,0.4375,62,0.6333333333333333,2,0,3.225806451612911,116.6774193548387,119.90322580645162,,10.200000000000003,109.7,119.9,0.6,0.532258064516129,2,-9.0,0,11.996298254891599,1.1036488630354313,13.09994711792703,,0.5,24.900000000000006,0.0,0.2863564251718667,2.0
22500902,2026-03-05,0,0.41379310344827586,61,0.59375,3,2,1.2622950819672099,114.08196721311475,115.34426229508196,,-3.799999999999997,114.7,110.9,0.4,0.5081967213114754,0,0.5454545454545454,60,0.7407407407407407,3,0,5.316666666666677,109.36666666666666,114.68333333333334,,6.299999999999997,105.8,112.1,0.7,0.6333333333333333,1,-2.0,0,4.054371584699467,-4.715300546448091,-0.660928961748624,,0.29999999999999993,10.099999999999994,0.0,0.12513661202185788,1.0
22500903,2026-03-05,1,0.6551724137931034,61,0.5,2,1,1.6721311475409948,111.98360655737704,113.65573770491804,,3.1999999999999886,110.9,114.1,0.5,0.5737704918032787,0,0.6,62,0.65625,2,0,4.596774193548384,114.5,119.09677419354838,,3.200000000000003,113.2,116.4,0.7,0.6290322580645161,4,-1.0,0,2.9246430460073896,2.516393442622956,5.4410364886303455,,0.19999999999999996,1.4210854715202004e-14,0.0,0.055261766261237466,4.0
22500904,2026-03-05,1,0.7241379310344828,59,0.7666666666666667,2,1,7.644067796610173,109.44067796610169,117.08474576271186,,10.299999999999997,105.4,115.7,0.8,0.7457627118644068,0,0.6666666666666666,60,0.7777777777777778,2,0,6.816666666666663,111.48333333333333,118.3,,14.299999999999997,108.7,123.0,0.9,0.7166666666666667,1,-1.0,0,-0.8274011299435102,2.042655367231646,1.2152542372881356,,0.09999999999999998,4.0,0.0,-0.029096045197740117,1.0
22500905,2026-03-05,0,0.32142857142857145,62,0.47058823529411764,2,1,-4.322580645161295,120.0,115.6774193548387,,-10.0,118.9,108.9,0.1,0.4032258064516129,0,0.5172413793103449,61,0.625,2,0,0.9344262295082046,111.21311475409836,112.14754098360656,,-6.900000000000006,109.0,102.1,0.4,0.5737704918032787,2,-1.0,0,5.2570068746695,-8.786885245901644,-3.5298783712321438,,0.30000000000000004,3.0999999999999943,0.0,0.17054468535166578,2.0
22500906,2026-03-05,1,0.6129032258064516,61,0.6,2,0,0.6065573770491852,115.21311475409836,115.81967213114754,,2.1000000000000085,112.1,114.2,0.5,0.6065573770491803,3,0.6470588235294118,62,0.5714285714285714,3,0,4.3548387096774235,116.09677419354838,120.45161290322581,,6.8999999999999915,115.4,122.3,0.5,0.6129032258064516,1,0.0,0,3.7482813326282383,0.8836594394500281,4.631940772078266,,0.0,4.799999999999983,1.0,0.0063458487572712885,-2.0
22500907,2026-03-05,0,0.25806451612903225,63,0.34375,2,2,-5.333333333333329,120.19047619047619,114.85714285714286,,0.8000000000000114,116.1,116.9,0.6,0.30158730158730157,0,0.15151515151515152,63,0.3,2,2,-10.936507936507937,121.11111111111111,110.17460317460318,,-16.200000000000003,124.8,108.6,0.2,0.2222222222222222,0,0.0,0,-5.603174603174608,0.9206349206349245,-4.682539682539684,,-0.39999999999999997,-17.000000000000014,0.0,-0.07936507936507936,0.0
22500908,2026-03-06,1,0.25,61,0.42424242424242425,1,5,-3.9672131147541023,117.54098360655738,113.57377049180327,,-9.599999999999994,119.6,110.0,0.2,0.3442622950819672,0,0.65625,62,0.6666666666666666,2,1,7.322580645161295,107.12903225806451,114.45161290322581,,7.799999999999997,100.7,108.5,0.7,0.6612903225806451,0,-4.0,0,11.289793759915398,-10.411951348492863,0.8778424114225345,,0.49999999999999994,17.39999999999999,1.0,0.3170280274986779,0.0
22500909,2026-03-06,0,0.4375,63,0.6451612903225806,1,0,3.4285714285714306,116.57142857142857,120.0,,12.0,110.9,122.9,0.7,0.5396825396825397,3,0.5454545454545454,63,0.4666666666666667,2,0,3.80952380952381,112.28571428571429,116.0952380952381,,13.299999999999997,103.2,116.5,0.7,0.5079365079365079,6,0.0,0,0.3809523809523796,-4.285714285714278,-3.904761904761898,,0.0,1.2999999999999972,1.0,-0.031746031746031744,3.0
22500910,2026-03-06,1,0.4375,63,0.5161290322580645,2,0,-2.9365079365079367,118.28571428571429,115.34920634920636,,-6.599999999999994,119.8,113.2,0.5,0.47619047619047616,1,0.5454545454545454,61,0.7142857142857143,1,1,5.1967213114754145,109.45901639344262,114.65573770491804,,5.5,106.7,112.2,0.6,0.6229508196721312,0,1.0,0,8.133229247983351,-8.826697892271667,-0.6934686442883162,,0.09999999999999998,12.099999999999994,-1.0,0.146760343481655,-1.0
22500911,2026-03-06,0,0.5333333333333333,62,0.71875,2,1,6.0,110.59677419354838,116.59677419354838,,9.100000000000009,105.1,114.2,0.6,0.6290322580645161,0,0.6470588235294118,63,0.5862068965517241,1,0,4.396825396825392,116.04761904761905,120.44444444444444,,6.0,114.7,120.7,0.5,0.6190476190476191,2,-1.0,0,-1.6031746031746081,5.450844854070667,3.8476702508960585,,-0.09999999999999998,-3.1000000000000085,-1.0,-0.009984639016897057,2.0
22500912,2026-03-06,1,0.28125,64,0.34375,1,0,-5.09375,120.234375,115.140625,,1.3999999999999915,116.9,118.3,0.6,0.3125,1,0.5172413793103449,62,0.6060606060606061,1,1,0.8870967741935516,111.11290322580645,112.0,,-6.700000000000003,109.4,102.7,0.4,0.5645161290322581,0,1.0,0,5.980846774193552,-9.121471774193552,-3.140625,,-0.19999999999999996,-8.099999999999994,0.0,0.2520161290322581,-1.0
22500913,2026-03-06,1,0.4375,61,0.5517241379310345,2,0,0.37704918032787305,112.04918032786885,112.42622950819673,,6.099999999999994,106.9,113.0,0.6,0.4918032786885246,3,0.6666666666666666,61,0.7857142857142857,1,0,6.950819672131146,111.39344262295081,118.34426229508196,,14.5,106.8,121.3,0.9,0.7213114754098361,2,0.0,0,6.573770491803273,-0.6557377049180388,5.9180327868852345,,0.30000000000000004,8.400000000000006,-1.0,0.2295081967213115,-1.0
22500914,2026-03-06,1,0.16666666666666666,62,0.3125,2,7,-8.403225806451601,119.7258064516129,111.3225806451613,,-12.099999999999994,126.6,114.5,0.2,0.24193548387096775,0,0.59375,62,0.6,1,1,0.48387096774193594,115.29032258064517,115.7741935483871,,2.299999999999997,112.2,114.5,0.5,0.5967741935483871,0,-6.0,0,8.887096774193537,-4.43548387096773,4.451612903225808,,0.3,14.399999999999991,-1.0,0.3548387096774194,0.0
22500915,2026-03-07,0,0.4642857142857143,58,0.6333333333333333,2,0,0.8275862068965409,113.89655172413794,114.72413793103448,,4.700000000000003,108.2,112.9,0.6,0.5517241379310345,2,0.6,63,0.6666666666666666,2,0,4.650793650793659,114.38095238095238,119.03174603174604,,4.400000000000006,112.0,116.4,0.8,0.6349206349206349,5,0.0,0,3.823207443897118,0.48440065681444366,4.307608100711562,,0.20000000000000007,-0.29999999999999716,0.0,0.08319649698960041,3.0
22500916,2026-03-07,0,0.21875,62,0.26666666666666666,2,10,-8.887096774193537,115.74193548387096,106.85483870967742,,-17.099999999999994,120.0,102.9,0.0,0.24193548387096775,0,0.7,60,0.7666666666666667,2,2,7.266666666666666,109.63333333333334,116.9,,5.0,109.5,114.5,0.7,0.7333333333333333,0,-8.0,0,16.153763440860203,-6.108602150537621,10.045161290322582,,0.7,22.099999999999994,0.0,0.49139784946236553,0.0
22500917,2026-03-07,1,0.5862068965517241,62,0.5151515151515151,3,0,-0.12903225806451246,115.93548387096774,115.80645161290323,,-8.799999999999997,120.2,111.4,0.4,0.5483870967741935,1,0.5454545454545454,63,0.4666666666666667,3,0,0.30158730158730407,117.3015873015873,117.60317460317461,,6.1000000000000085,112.1,118.2,0.6,0.5079365079365079,5,0.0,0,0.43061955965181653,1.3661034306195603,1.7967229902713768,,0.19999999999999996,14.900000000000006,0.0,-0.0404505888376856,4.0
22500918,2026-03-07,0,0.42424242424242425,62,0.5517241379310345,1,1,0.3064516129032313,112.11290322580645,112.41935483870968,,3.799999999999997,108.9,112.7,0.5,0.4838709677419355,0,0.36666666666666664,59,0.3793103448275862,3,2,-2.3898305084745743,117.88135593220339,115.49152542372882,,-2.1000000000000085,119.2,117.1,0.3,0.3728813559322034,0,1.0,0,-2.6962821213778057,5.768452706396943,3.072170585019137,,-0.2,-5.900000000000006,2.0,-0.1109896118097321,0.0
22500919,2026-03-07,1,0.25806451612903225,63,0.34375,2,0,-7.555555555555557,125.23809523809524,117.68253968253968,,-3.1000000000000085,117.7,114.6,0.3,0.30158730158730157,1,0.3870967741935484,61,0.4666666666666667,3,4,-4.442622950819668,115.80327868852459,111.36065573770492,,-6.599999999999994,116.0,109.4,0.5,0.4262295081967213,0,4.0,0,3.1129326047358887,-9.434816549570655,-6.321883944834767,,0.2,-3.499999999999986,1.0,0.12464220660941971,-1.0
22500920,2026-03-07,1,0.43333333333333335,62,0.59375,2,0,1.2741935483871032,114.06451612903226,115.33870967741936,,-4.0,116.3,112.3,0.4,0.5161290322580645,1,0.75,63,0.8064516129032258,3,0,11.317460317460316,107.6984126984127,119.01587301587301,,6.799999999999997,106.5,113.3,0.8,0.7777777777777778,4,0.0,0,10.043266769073213,-6.36610343061956,3.677163338453653,,0.4,10.799999999999997,1.0,0.2616487455197133,3.0
22500921,2026-03-08,0,0.65625,63,0.6774193548387096,2,0,7.523809523809533,107.01587301587301,114.53968253968254,,12.0,99.6,111.6,0.8,0.6666666666666666,1,0.5806451612903226,63,0.65625,5,0,4.238095238095241,114.88888888888889,119.12698412698413,,7.0,109.3,116.3,0.7,0.6190476190476191,2,0.0,0,-3.285714285714292,7.8730158730158735,4.587301587301582,,-0.10000000000000009,-5.0,3.0,-0.04761904761904756,1.0
22500922,2026-03-08,1,0.5483870967741935,63,0.71875,2,0,6.523809523809518,110.47619047619048,117.0,,13.299999999999997,101.7,115.0,0.7,0.6349206349206349,1,0.59375,63,0.6129032258064516,2,0,0.6507936507936449,115.31746031746032,115.96825396825396,,6.200000000000003,110.3,116.5,0.6,0.6031746031746031,1,0.0,0,-5.8730158730158735,4.841269841269835,-1.0317460317460387,,-0.09999999999999998,-7.099999999999994,0.0,-0.031746031746031744,0.0
22500923,2026-03-08,1,0.7,61,0.7419354838709677,1,3,7.114754098360649,109.59016393442623,116.70491803278688,,4.200000000000003,109.8,114.0,0.6,0.7213114754098361,0,0.45454545454545453,64,0.6451612903225806,2,0,3.5,116.625,120.125,,9.700000000000003,112.8,122.5,0.7,0.546875,4,-3.0,0,-3.614754098360649,7.034836065573771,3.4200819672131217,,0.09999999999999998,5.5,1.0,-0.1744364754098361,4.0
22500924,2026-03-08,1,0.2413793103448276,62,0.42424242424242425,2,6,-4.225806451612897,117.58064516129032,113.35483870967742,,-10.699999999999989,119.6,108.9,0.2,0.3387096774193548,0,0.6333333333333333,62,0.5,3,2,1.516129032258064,112.03225806451613,113.54838709677419,,2.6000000000000085,109.6,112.2,0.5,0.5645161290322581,0,-4.0,0,5.741935483870961,-5.548387096774192,0.1935483870967687,,0.3,13.299999999999997,1.0,0.2258064516129033,0.0
22500925,2026-03-08,1,0.1724137931034483,62,0.3333333333333333,3,7,-10.822580645161295,123.03225806451613,112.20967741935483,,-11.400000000000006,124.0,112.6,0.2,0.25806451612903225,0,0.2727272727272727,65,0.34375,2,1,-5.046153846153842,120.2,115.15384615384616,,-1.3999999999999915,119.3,117.9,0.5,0.3076923076923077,0,-6.0,0,5.776426799007453,-2.8322580645161253,2.9441687344913277,,0.3,10.000000000000014,-1.0,0.04962779156327546,0.0
22500926,2026-03-08,0,0.4827586206896552,59,0.6333333333333333,1,0,1.2711864406779654,113.52542372881356,114.79661016949153,,5.5,107.5,113.0,0.6,0.559322033898305,3,0.3870967741935484,62,0.4838709677419355,1,0,-4.1451612903225765,115.53225806451613,111.38709677419355,,-6.0,115.1,109.1,0.5,0.43548387096774194,1,0.0,0,-5.416347731000542,2.006834335702564,-3.409513395297978,,-0.09999999999999998,-11.5,0.0,-0.1238381629305631,-2.0
22500927,2026-03-08,1,0.5454545454545454,62,0.7241379310344828,2,0,5.225806451612897,109.29032258064517,114.51612903225806,,5.5,107.1,112.6,0.6,0.6290322580645161,1,0.6666666666666666,62,0.7931034482758621,2,0,6.903225806451616,111.40322580645162,118.30645161290323,,12.099999999999994,107.2,119.3,0.9,0.7258064516129032,3,0.0,0,1.6774193548387188,2.1129032258064484,3.7903225806451672,,0.30000000000000004,6.599999999999994,0.0,0.09677419354838712,2.0
22500928,2026-03-08,1,0.5454545454545454,64,0.45161290322580644,2,1,3.625,112.53125,116.15625,,13.099999999999994,105.0,118.1,0.7,0.5,0,0.5172413793103449,63,0.6176470588235294,2,0,0.9047619047619122,111.19047619047619,112.0952380952381,,-5.8999999999999915,110.1,104.2,0.5,0.5714285714285714,1,-1.0,0,-2.720238095238088,-1.3407738095238102,-4.061011904761898,,-0.19999999999999996,-18.999999999999986,0.0,0.0714285714285714,1.0
22500929,2026-03-08,1,0.16129032258064516,63,0.3125,2,8,-8.444444444444443,119.85714285714286,111.41269841269842,,-11.400000000000006,127.2,115.8,0.2,0.23809523809523808,0,0.42424242424242425,64,0.5161290322580645,2,1,-3.0,118.09375,115.09375,,-9.0,118.6,109.6,0.4,0.46875,0,-7.0,0,5.444444444444443,-1.7633928571428612,3.6810515873015817,,0.2,2.4000000000000057,0.0,0.23065476190476192,0.0
22500930,2026-03-08,1,0.3448275862068966,63,0.47058823529411764,3,0,-4.2222222222222285,119.73015873015873,115.5079365079365,,-8.199999999999989,115.6,107.4,0.2,0.4126984126984127,1,0.15151515151515152,64,0.2903225806451613,3,3,-10.921875,121.296875,110.375,,-16.60000000000001,124.9,108.3,0.2,0.21875,0,3.0,0,-6.6996527777777715,1.5667162698412653,-5.132936507936506,,0.0,-8.40000000000002,0.0,-0.19394841269841268,-1.0
