date,home_team,away_team,home_abbr,away_abbr,home_won,ticker,open_time,close_time,expected_expiration_time,kalshi_open_price,kalshi_pregame_price,n_candles
2025-10-21,Oklahoma City Thunder,Houston Rockets,OKC,HOU,1,KXNBAGAME-25OCT21HOUOKC-OKC,2025-10-19T22:41:00Z,2025-10-22T03:19:37.795636Z,2025-10-22T02:30:00Z,0.74,0.7,49
2025-10-21,Los Angeles Lakers,Golden State Warriors,LAL,GSW,0,KXNBAGAME-25OCT21GSWLAL-LAL,2025-10-19T22:41:00Z,2025-10-22T04:59:50.45782Z,2025-10-22T05:00:00Z,0.52,0.44,52
2025-10-22,Portland Trail Blazers,Minnesota Timberwolves,POR,MIN,0,KXNBAGAME-25OCT22MINPOR-POR,2025-10-19T22:41:00Z,2025-10-23T06:29:47.781837Z,2025-10-23T05:00:00Z,0.41,0.35,76
2025-10-22,Phoenix Suns,Sacramento Kings,PHX,SAC,1,KXNBAGAME-25OCT22SACPHX-PHX,2025-10-19T22:41:00Z,2025-10-23T06:29:47.458822Z,2025-10-23T05:00:00Z,0.61,0.61,76
2025-10-22,Utah Jazz,LA Clippers,UTA,LAC,1,KXNBAGAME-25OCT22LACUTA-UTA,2025-10-19T22:41:00Z,2025-10-23T06:07:04.623075Z,2025-10-23T04:00:00Z,0.25,0.21,75
2025-10-22,Memphis Grizzlies,New Orleans Pelicans,MEM,NOP,1,KXNBAGAME-25OCT22NOPMEM-MEM,2025-10-19T22:41:00Z,2025-10-23T03:04:47.695764Z,2025-10-23T03:00:00Z,0.61,0.62,74
2025-10-22,Chicago Bulls,Detroit Pistons,CHI,DET,1,KXNBAGAME-25OCT22DETCHI-CHI,2025-10-19T22:41:00Z,2025-10-23T03:00:08.566459Z,2025-10-23T03:00:00Z,0.51,0.41,74
2025-10-22,Milwaukee Bucks,Washington Wizards,MIL,WAS,1,KXNBAGAME-25OCT22WASMIL-MIL,2025-10-19T22:41:00Z,2025-10-23T03:04:47.482443Z,2025-10-23T03:00:00Z,0.77,0.8,74
2025-10-22,Atlanta Hawks,Toronto Raptors,ATL,TOR,0,KXNBAGAME-25OCT22TORATL-ATL,2025-10-19T22:41:00Z,2025-10-23T02:29:59.45035Z,2025-10-23T02:30:00Z,0.67,0.67,73
2025-10-22,Orlando Magic,Miami Heat,ORL,MIA,1,KXNBAGAME-25OCT22MIAORL-ORL,2025-10-19T22:41:00Z,2025-10-23T02:00:23.968287Z,2025-10-23T02:00:00Z,0.76,0.76,73
2025-10-22,Charlotte Hornets,Brooklyn Nets,CHA,BKN,1,KXNBAGAME-25OCT22BKNCHA-CHA,2025-10-19T22:41:00Z,2025-10-23T02:00:23.999467Z,2025-10-23T02:00:00Z,0.63,0.65,73
2025-10-22,Dallas Mavericks,San Antonio Spurs,DAL,SAS,0,KXNBAGAME-25OCT22SASDAL-DAL,2025-10-19T22:41:00Z,2025-10-23T06:29:47.13818Z,2025-10-23T04:30:00Z,0.57,0.6,75
2025-10-22,New York Knicks,Cleveland Cavaliers,NYK,CLE,1,KXNBAGAME-25OCT22CLENYK-NYK,2025-10-19T22:41:00Z,2025-10-23T02:00:23.367911Z,2025-10-23T02:00:00Z,0.61,0.47,73
2025-10-22,Boston Celtics,Philadelphia 76ers,BOS,PHI,0,KXNBAGAME-25OCT22PHIBOS-BOS,2025-10-19T22:41:00Z,2025-10-23T02:30:05.063282Z,2025-10-23T02:30:00Z,0.57,0.64,73
2025-10-23,Indiana Pacers,Oklahoma City Thunder,IND,OKC,0,KXNBAGAME-25OCT23OKCIND-IND,2025-10-21T21:50:00Z,2025-10-24T03:09:59.121008Z,2025-10-24T02:30:00Z,0.26,0.28,49
2025-10-23,Golden State Warriors,Denver Nuggets,GSW,DEN,1,KXNBAGAME-25OCT23DENGSW-GSW,2025-10-21T21:50:00Z,2025-10-24T05:04:43.838283Z,2025-10-24T05:00:00Z,0.49,0.52,52
2025-10-24,New Orleans Pelicans,San Antonio Spurs,NOP,SAS,0,KXNBAGAME-25OCT24SASNOP-NOP,2025-10-23T08:40:00Z,2025-10-25T03:32:12.04265Z,2025-10-25T03:00:00Z,0.42,0.38,39
2025-10-24,Sacramento Kings,Utah Jazz,SAC,UTA,1,KXNBAGAME-25OCT24UTASAC-SAC,2025-10-23T08:40:00Z,2025-10-25T04:56:19.26832Z,2025-10-25T05:00:00Z,0.62,0.67,41
2025-10-24,Portland Trail Blazers,Golden State Warriors,POR,GSW,1,KXNBAGAME-25OCT24GSWPOR-POR,2025-10-23T08:40:00Z,2025-10-25T04:52:05.768602Z,2025-10-25T05:00:00Z,0.48,0.41,41
2025-10-24,Dallas Mavericks,Washington Wizards,DAL,WAS,0,KXNBAGAME-25OCT24WASDAL-DAL,2025-10-23T08:40:00Z,2025-10-25T03:36:16.124126Z,2025-10-25T03:30:00Z,0.81,0.8,39
2025-10-24,Memphis Grizzlies,Miami Heat,MEM,MIA,0,KXNBAGAME-25OCT24MIAMEM-MEM,2025-10-23T08:40:00Z,2025-10-25T02:46:47.078156Z,2025-10-25T03:00:00Z,0.65,0.59,39
2025-10-24,LA Clippers,Phoenix Suns,LAC,PHX,1,KXNBAGAME-25OCT24PHXLAC-LAC,2025-10-23T08:40:00Z,2025-10-25T05:32:32.679611Z,2025-10-25T05:30:00Z,0.8,0.78,41
2025-10-24,Toronto Raptors,Milwaukee Bucks,TOR,MIL,0,KXNBAGAME-25OCT24MILTOR-TOR,2025-10-23T08:40:00Z,2025-10-25T01:35:58.693331Z,2025-10-25T01:30:00Z,0.56,0.54,37
2025-10-24,Brooklyn Nets,Cleveland Cavaliers,BKN,CLE,0,KXNBAGAME-25OCT24CLEBKN-BKN,2025-10-23T08:40:00Z,2025-10-25T02:46:58.843658Z,2025-10-25T02:30:00Z,0.26,0.16,38
2025-10-24,Orlando Magic,Atlanta Hawks,ORL,ATL,0,KXNBAGAME-25OCT24ATLORL-ORL,2025-10-23T08:40:00Z,2025-10-25T01:51:26.695989Z,2025-10-25T02:00:00Z,0.69,0.67,38
2025-10-24,Los Angeles Lakers,Minnesota Timberwolves,LAL,MIN,1,KXNBAGAME-25OCT24MINLAL-LAL,2025-10-23T08:40:00Z,2025-10-25T05:06:50.219976Z,2025-10-25T05:00:00Z,0.47,0.47,41
2025-10-24,New York Knicks,Boston Celtics,NYK,BOS,1,KXNBAGAME-25OCT24BOSNYK-NYK,2025-10-23T08:40:00Z,2025-10-25T02:26:25.973002Z,2025-10-25T02:30:00Z,0.73,0.62,38
2025-10-24,Houston Rockets,Detroit Pistons,HOU,DET,0,KXNBAGAME-25OCT24DETHOU-HOU,2025-10-23T08:40:00Z,2025-10-25T03:17:11.890996Z,2025-10-25T03:00:00Z,0.71,0.71,39
2025-10-25,Orlando Magic,Chicago Bulls,ORL,CHI,0,KXNBAGAME-25OCT25CHIORL-ORL,2025-10-24T05:51:00Z,2025-10-26T01:58:53.195366Z,2025-10-26T02:00:00Z,0.64,0.69,42
2025-10-25,Atlanta Hawks,Oklahoma City Thunder,ATL,OKC,0,KXNBAGAME-25OCT25OKCATL-ATL,2025-10-24T05:51:00Z,2025-10-26T02:02:12.762059Z,2025-10-26T02:30:00Z,0.28,0.25,42
2025-10-25,Philadelphia 76ers,Charlotte Hornets,PHI,CHA,1,KXNBAGAME-25OCT25CHAPHI-PHI,2025-10-24T05:51:00Z,2025-10-26T02:45:06.551199Z,2025-10-26T02:30:00Z,0.65,0.64,42
2025-10-25,Memphis Grizzlies,Indiana Pacers,MEM,IND,1,KXNBAGAME-25OCT25INDMEM-MEM,2025-10-24T05:51:00Z,2025-10-26T02:42:30.464754Z,2025-10-26T03:00:00Z,0.6,0.54,43
2025-10-25,Denver Nuggets,Phoenix Suns,DEN,PHX,1,KXNBAGAME-25OCT25PHXDEN-DEN,2025-10-24T05:51:00Z,2025-10-26T04:17:22.4608Z,2025-10-26T04:00:00Z,0.83,0.86,44
2025-10-26,Sacramento Kings,Los Angeles Lakers,SAC,LAL,0,KXNBAGAME-25OCT26LALSAC-SAC,2025-10-24T17:07:00Z,2025-10-27T04:00:33.538795Z,2025-10-27T04:00:00Z,0.26,0.61,55
2025-10-26,LA Clippers,Portland Trail Blazers,LAC,POR,1,KXNBAGAME-25OCT26PORLAC-LAC,2025-10-24T17:07:00Z,2025-10-27T03:50:21.753289Z,2025-10-27T04:00:00Z,0.86,0.74,55
2025-10-26,Dallas Mavericks,Toronto Raptors,DAL,TOR,1,KXNBAGAME-25OCT26TORDAL-DAL,2025-10-24T17:06:00Z,2025-10-27T02:20:14.497963Z,2025-10-27T02:30:00Z,0.86,0.5,53
2025-10-26,Washington Wizards,Charlotte Hornets,WAS,CHA,0,KXNBAGAME-25OCT26CHAWAS-WAS,2025-10-24T17:06:00Z,2025-10-27T01:05:38.783368Z,2025-10-27T01:00:00Z,0.33,0.55,52
2025-10-26,Minnesota Timberwolves,Indiana Pacers,MIN,IND,1,KXNBAGAME-25OCT26INDMIN-MIN,2025-10-24T17:06:00Z,2025-10-27T02:00:18.338426Z,2025-10-27T02:00:00Z,0.46,0.83,53
2025-10-26,Cleveland Cavaliers,Milwaukee Bucks,CLE,MIL,1,KXNBAGAME-25OCT26MILCLE-CLE,2025-10-24T17:06:00Z,2025-10-27T01:15:49.415991Z,2025-10-27T01:00:00Z,0.25,0.69,52
2025-10-26,Detroit Pistons,Boston Celtics,DET,BOS,1,KXNBAGAME-25OCT26BOSDET-DET,2025-10-24T17:06:00Z,2025-10-26T22:47:48.326872Z,2025-10-26T22:30:00Z,0.57,0.56,50
2025-10-26,San Antonio Spurs,Brooklyn Nets,SAS,BKN,1,KXNBAGAME-25OCT26BKNSAS-SAS,2025-10-24T11:06:00Z,2025-10-26T20:56:05.13102Z,2025-10-26T21:00:00Z,0.8,0.81,55
2025-10-26,Miami Heat,New York Knicks,MIA,NYK,1,KXNBAGAME-25OCT26NYKMIA-MIA,2025-10-24T17:06:00Z,2025-10-27T01:10:25.980116Z,2025-10-27T01:00:00Z,0.51,0.41,52
2025-10-27,Los Angeles Lakers,Portland Trail Blazers,LAL,POR,0,KXNBAGAME-25OCT27PORLAL-LAL,2025-10-25T20:12:00Z,2025-10-28T05:15:51.580998Z,2025-10-28T05:30:00Z,0.68,0.44,54
2025-10-27,Golden State Warriors,Memphis Grizzlies,GSW,MEM,1,KXNBAGAME-25OCT27MEMGSW-GSW,2025-10-25T20:12:00Z,2025-10-28T04:55:29.665314Z,2025-10-28T05:00:00Z,0.84,0.75,54
2025-10-27,Utah Jazz,Phoenix Suns,UTA,PHX,1,KXNBAGAME-25OCT27PHXUTA-UTA,2025-10-25T20:12:00Z,2025-10-28T04:11:39.556095Z,2025-10-28T04:00:00Z,0.5,0.54,53
2025-10-27,Dallas Mavericks,Oklahoma City Thunder,DAL,OKC,0,KXNBAGAME-25OCT27OKCDAL-DAL,2025-10-25T20:12:00Z,2025-10-28T03:07:37.635614Z,2025-10-28T03:30:00Z,0.34,0.24,52
2025-10-27,San Antonio Spurs,Toronto Raptors,SAS,TOR,1,KXNBAGAME-25OCT27TORSAS-SAS,2025-10-25T20:12:00Z,2025-10-28T02:51:53.720203Z,2025-10-28T03:00:00Z,0.68,0.63,52
2025-10-27,Houston Rockets,Brooklyn Nets,HOU,BKN,1,KXNBAGAME-25OCT27BKNHOU-HOU,2025-10-25T20:12:00Z,2025-10-28T02:57:04.013551Z,2025-10-28T03:00:00Z,0.84,0.89,52
2025-10-27,Chicago Bulls,Atlanta Hawks,CHI,ATL,1,KXNBAGAME-25OCT27ATLCHI-CHI,2025-10-25T20:12:00Z,2025-10-28T02:32:53.678531Z,2025-10-28T03:00:00Z,0.43,0.45,52
2025-10-27,Philadelphia 76ers,Orlando Magic,PHI,ORL,1,KXNBAGAME-25OCT27ORLPHI-PHI,2025-10-25T20:12:00Z,2025-10-28T02:01:36.270587Z,2025-10-28T02:00:00Z,0.5,0.33,51
2025-10-27,Minnesota Timberwolves,Denver Nuggets,MIN,DEN,0,KXNBAGAME-25OCT27DENMIN-MIN,2025-10-25T20:12:00Z,2025-10-28T04:21:44.327508Z,2025-10-28T04:30:00Z,0.51,0.3,53
2025-10-27,Detroit Pistons,Cleveland Cavaliers,DET,CLE,0,KXNBAGAME-25OCT27CLEDET-DET,2025-10-25T20:12:00Z,2025-10-28T01:56:59.800691Z,2025-10-28T02:00:00Z,0.49,0.47,51
2025-10-27,New Orleans Pelicans,Boston Celtics,NOP,BOS,0,KXNBAGAME-25OCT27BOSNOP-NOP,2025-10-25T20:12:00Z,2025-10-28T02:36:39.276157Z,2025-10-28T03:00:00Z,0.45,0.36,52
2025-10-28,Golden State Warriors,LA Clippers,GSW,LAC,1,KXNBAGAME-25OCT28LACGSW-GSW,2025-10-26T20:08:00Z,2025-10-29T05:39:48.076391Z,2025-10-29T06:00:00Z,0.6,0.49,55
2025-10-28,Milwaukee Bucks,New York Knicks,MIL,NYK,1,KXNBAGAME-25OCT28NYKMIL-MIL,2025-10-26T17:07:00Z,2025-10-29T03:00:08.111465Z,2025-10-29T03:00:00Z,0.45,0.46,55
2025-10-28,Oklahoma City Thunder,Sacramento Kings,OKC,SAC,1,KXNBAGAME-25OCT28SACOKC-OKC,2025-10-26T17:07:00Z,2025-10-29T02:30:11.030265Z,2025-10-29T03:00:00Z,0.79,0.79,55
2025-10-28,Washington Wizards,Philadelphia 76ers,WAS,PHI,0,KXNBAGAME-25OCT28PHIWAS-WAS,2025-10-26T17:07:00Z,2025-10-29T02:05:58.457868Z,2025-10-29T02:00:00Z,0.71,0.36,54
2025-10-28,Miami Heat,Charlotte Hornets,MIA,CHA,1,KXNBAGAME-25OCT28CHAMIA-MIA,2025-10-26T17:07:00Z,2025-10-29T02:16:07.727527Z,2025-10-29T02:30:00Z,0.61,0.64,54
2025-10-29,Phoenix Suns,Memphis Grizzlies,PHX,MEM,0,KXNBAGAME-25OCT29MEMPHX-PHX,2025-10-27T20:07:00Z,2025-10-30T04:39:45.623344Z,2025-10-30T05:00:00Z,0.45,0.45,53
2025-10-29,Boston Celtics,Cleveland Cavaliers,BOS,CLE,1,KXNBAGAME-25OCT29CLEBOS-BOS,2025-10-27T17:07:00Z,2025-10-30T01:55:10.265996Z,2025-10-30T02:00:00Z,0.41,0.4,54
2025-10-29,Detroit Pistons,Orlando Magic,DET,ORL,1,KXNBAGAME-25OCT29ORLDET-DET,2025-10-27T17:07:00Z,2025-10-30T02:15:17.063098Z,2025-10-30T02:00:00Z,0.68,0.48,53
2025-10-29,Brooklyn Nets,Atlanta Hawks,BKN,ATL,0,KXNBAGAME-25OCT29ATLBKN-BKN,2025-10-27T17:07:00Z,2025-10-30T02:20:11.100778Z,2025-10-30T02:30:00Z,0.23,0.27,54
2025-10-29,Toronto Raptors,Houston Rockets,TOR,HOU,0,KXNBAGAME-25OCT29HOUTOR-TOR,2025-10-27T17:07:00Z,2025-10-30T01:15:26.096347Z,2025-10-30T01:30:00Z,0.45,0.32,53
2025-10-29,Chicago Bulls,Sacramento Kings,CHI,SAC,1,KXNBAGAME-25OCT29SACCHI-CHI,2025-10-27T17:07:00Z,2025-10-30T02:35:00.694688Z,2025-10-30T03:00:00Z,0.3,0.63,55
2025-10-29,Dallas Mavericks,Indiana Pacers,DAL,IND,1,KXNBAGAME-25OCT29INDDAL-DAL,2025-10-27T17:07:00Z,2025-10-30T03:24:59.12102Z,2025-10-30T03:30:00Z,0.77,0.69,55
2025-10-29,Denver Nuggets,New Orleans Pelicans,DEN,NOP,1,KXNBAGAME-25OCT29NOPDEN-DEN,2025-10-27T17:07:00Z,2025-10-30T03:34:57.195666Z,2025-10-30T04:00:00Z,0.83,0.86,56
2025-10-29,Utah Jazz,Portland Trail Blazers,UTA,POR,0,KXNBAGAME-25OCT29PORUTA-UTA,2025-10-27T17:07:00Z,2025-10-30T04:04:56.243808Z,2025-10-30T04:00:00Z,0.42,0.44,56
2025-10-29,Minnesota Timberwolves,Los Angeles Lakers,MIN,LAL,0,KXNBAGAME-25OCT29LALMIN-MIN,2025-10-27T20:07:00Z,2025-10-30T04:19:54.089461Z,2025-10-30T04:30:00Z,0.62,0.72,53
2025-10-30,San Antonio Spurs,Miami Heat,SAS,MIA,1,KXNBAGAME-25OCT30MIASAS-SAS,2025-10-28T17:06:00Z,2025-10-31T03:09:54.128929Z,2025-10-31T03:30:00Z,0.76,0.69,55
2025-10-30,Oklahoma City Thunder,Washington Wizards,OKC,WAS,1,KXNBAGAME-25OCT30WASOKC-OKC,2025-10-28T17:06:00Z,2025-10-31T02:30:08.667107Z,2025-10-31T03:00:00Z,0.85,0.9,54
2025-10-30,Charlotte Hornets,Orlando Magic,CHA,ORL,0,KXNBAGAME-25OCT30ORLCHA-CHA,2025-10-28T17:06:00Z,2025-10-31T01:30:08.625258Z,2025-10-31T02:00:00Z,0.45,0.43,53
2025-10-30,Milwaukee Bucks,Golden State Warriors,MIL,GSW,1,KXNBAGAME-25OCT30GSWMIL-MIL,2025-10-28T17:06:00Z,2025-10-31T03:00:09.967816Z,2025-10-31T03:00:00Z,0.4,0.28,54
2025-10-31,Portland Trail Blazers,Denver Nuggets,POR,DEN,1,KXNBAGAME-25OCT31DENPOR-POR,2025-10-29T19:12:00Z,2025-11-01T05:04:57.114621Z,2025-11-01T05:00:00Z,0.36,0.34,55
2025-10-31,Indiana Pacers,Atlanta Hawks,IND,ATL,0,KXNBAGAME-25OCT31ATLIND-IND,2025-10-29T17:06:00Z,2025-11-01T01:50:17.734932Z,2025-11-01T02:00:00Z,0.48,0.45,54
2025-10-31,Philadelphia 76ers,Boston Celtics,PHI,BOS,0,KXNBAGAME-25OCT31BOSPHI-PHI,2025-10-29T17:06:00Z,2025-11-01T02:00:28.851247Z,2025-11-01T02:00:00Z,0.59,0.48,54
2025-10-31,Cleveland Cavaliers,Toronto Raptors,CLE,TOR,0,KXNBAGAME-25OCT31TORCLE-CLE,2025-10-29T17:06:00Z,2025-11-01T02:15:09.277464Z,2025-11-01T02:30:00Z,0.71,0.63,54
2025-10-31,Chicago Bulls,New York Knicks,CHI,NYK,1,KXNBAGAME-25OCT31NYKCHI-CHI,2025-10-29T17:06:00Z,2025-11-01T02:50:06.531383Z,2025-11-01T03:00:00Z,0.4,0.38,55
2025-10-31,Memphis Grizzlies,Los Angeles Lakers,MEM,LAL,0,KXNBAGAME-25OCT31LALMEM-MEM,2025-10-29T19:12:00Z,2025-11-01T04:20:16.553297Z,2025-11-01T04:30:00Z,0.66,0.46,54
2025-10-31,Phoenix Suns,Utah Jazz,PHX,UTA,1,KXNBAGAME-25OCT31UTAPHX-PHX,2025-10-29T19:12:00Z,2025-11-01T04:44:54.266804Z,2025-11-01T05:00:00Z,0.64,0.58,55
2025-10-31,LA Clippers,New Orleans Pelicans,LAC,NOP,1,KXNBAGAME-25OCT31NOPLAC-LAC,2025-10-29T19:12:00Z,2025-11-01T05:09:51.414932Z,2025-11-01T05:30:00Z,0.75,0.83,54
2025-11-01,Boston Celtics,Houston Rockets,BOS,HOU,0,KXNBAGAME-25NOV01HOUBOS-BOS,2025-10-30T17:06:00Z,2025-11-02T02:30:11.596401Z,2025-11-02T03:00:00Z,0.37,0.38,55
2025-11-01,Washington Wizards,Orlando Magic,WAS,ORL,0,KXNBAGAME-25NOV01ORLWAS-WAS,2025-10-30T17:06:00Z,2025-11-02T01:30:17.770687Z,2025-11-02T02:00:00Z,0.35,0.24,54
2025-11-01,Indiana Pacers,Golden State Warriors,IND,GSW,1,KXNBAGAME-25NOV01GSWIND-IND,2025-10-30T17:06:00Z,2025-11-02T01:45:09.260227Z,2025-11-02T02:00:00Z,0.29,0.2,54
2025-11-01,Charlotte Hornets,Minnesota Timberwolves,CHA,MIN,0,KXNBAGAME-25NOV01MINCHA-CHA,2025-10-30T14:06:00Z,2025-11-02T00:45:15.522714Z,2025-11-02T01:00:00Z,0.43,0.39,56
2025-11-01,Milwaukee Bucks,Sacramento Kings,MIL,SAC,0,KXNBAGAME-25NOV01SACMIL-MIL,2025-10-30T14:06:00Z,2025-11-02T00:05:33.881643Z,2025-11-02T00:00:00Z,0.65,0.7,55
2025-11-02,Oklahoma City Thunder,New Orleans Pelicans,OKC,NOP,1,KXNBAGAME-25NOV02NOPOKC-OKC,2025-10-31T14:06:00Z,2025-11-02T23:11:13.267836Z,2025-11-02T23:30:00Z,0.86,0.87,54
2025-11-02,Brooklyn Nets,Philadelphia 76ers,BKN,PHI,0,KXNBAGAME-25NOV02PHIBKN-BKN,2025-10-31T17:06:00Z,2025-11-03T01:40:25.971029Z,2025-11-03T02:00:00Z,0.74,0.36,54
2025-11-02,Charlotte Hornets,Utah Jazz,CHA,UTA,1,KXNBAGAME-25NOV02UTACHA-CHA,2025-10-31T17:06:00Z,2025-11-03T01:50:21.314415Z,2025-11-03T02:00:00Z,0.6,0.48,54
2025-11-02,Cleveland Cavaliers,Atlanta Hawks,CLE,ATL,1,KXNBAGAME-25NOV02ATLCLE-CLE,2025-10-31T17:06:00Z,2025-11-03T01:55:00.450971Z,2025-11-03T02:00:00Z,0.66,0.69,54
2025-11-02,Toronto Raptors,Memphis Grizzlies,TOR,MEM,1,KXNBAGAME-25NOV02MEMTOR-TOR,2025-10-31T17:06:00Z,2025-11-03T01:40:25.787557Z,2025-11-03T02:00:00Z,0.44,0.62,54
2025-11-02,New York Knicks,Chicago Bulls,NYK,CHI,1,KXNBAGAME-25NOV02CHINYK-NYK,2025-10-31T17:06:00Z,2025-11-03T02:40:01.392695Z,2025-11-03T03:00:00Z,0.71,0.71,55
2025-11-02,Phoenix Suns,San Antonio Spurs,PHX,SAS,1,KXNBAGAME-25NOV02SASPHX-PHX,2025-10-31T17:06:00Z,2025-11-03T03:39:53.748952Z,2025-11-03T04:00:00Z,0.21,0.33,56
2025-11-02,Los Angeles Lakers,Miami Heat,LAL,MIA,1,KXNBAGAME-25NOV02MIALAL-LAL,2025-10-31T20:06:00Z,2025-11-03T05:19:56.983983Z,2025-11-03T05:30:00Z,0.7,0.65,53
2025-11-03,LA Clippers,Miami Heat,LAC,MIA,0,KXNBAGAME-25NOV03MIALAC-LAC,2025-11-01T20:07:00Z,2025-11-04T06:09:52.367704Z,2025-11-04T06:30:00Z,0.79,0.72,55
2025-11-03,Portland Trail Blazers,Los Angeles Lakers,POR,LAL,0,KXNBAGAME-25NOV03LALPOR-POR,2025-11-01T20:07:00Z,2025-11-04T05:39:53.430103Z,2025-11-04T06:00:00Z,0.55,0.77,54
2025-11-03,Denver Nuggets,Sacramento Kings,DEN,SAC,1,KXNBAGAME-25NOV03SACDEN-DEN,2025-11-01T20:07:00Z,2025-11-04T04:45:04.753085Z,2025-11-04T05:00:00Z,0.78,0.83,54
2025-11-03,Memphis Grizzlies,Detroit Pistons,MEM,DET,0,KXNBAGAME-25NOV03DETMEM-MEM,2025-11-01T17:07:00Z,2025-11-04T04:05:14.305653Z,2025-11-04T04:00:00Z,0.4,0.38,56
2025-11-03,Boston Celtics,Utah Jazz,BOS,UTA,0,KXNBAGAME-25NOV03UTABOS-BOS,2025-11-01T17:07:00Z,2025-11-04T03:35:20.987826Z,2025-11-04T03:30:00Z,0.74,0.82,55
2025-11-03,New York Knicks,Washington Wizards,NYK,WAS,1,KXNBAGAME-25NOV03WASNYK-NYK,2025-11-01T17:07:00Z,2025-11-04T03:30:34.793683Z,2025-11-04T03:30:00Z,0.8,0.86,55
2025-11-03,Indiana Pacers,Milwaukee Bucks,IND,MIL,0,KXNBAGAME-25NOV03MILIND-IND,2025-11-01T17:07:00Z,2025-11-04T02:56:11.599185Z,2025-11-04T03:00:00Z,0.33,0.33,55
2025-11-03,Brooklyn Nets,Minnesota Timberwolves,BKN,MIN,0,KXNBAGAME-25NOV03MINBKN-BKN,2025-11-01T17:07:00Z,2025-11-04T03:01:53.418389Z,2025-11-04T03:00:00Z,0.33,0.22,55
2025-11-03,Houston Rockets,Dallas Mavericks,HOU,DAL,1,KXNBAGAME-25NOV03DALHOU-HOU,2025-11-01T17:07:00Z,2025-11-04T04:05:14.499747Z,2025-11-04T04:00:00Z,0.72,0.85,56
2025-11-04,LA Clippers,Oklahoma City Thunder,LAC,OKC,0,KXNBAGAME-25NOV04OKCLAC-LAC,2025-11-02T22:08:00Z,2025-11-05T06:44:56.102453Z,2025-11-05T07:00:00Z,0.25,0.27,54
2025-11-04,Toronto Raptors,Milwaukee Bucks,TOR,MIL,1,KXNBAGAME-25NOV04MILTOR-TOR,2025-11-02T19:07:00Z,2025-11-05T03:10:13.263851Z,2025-11-05T03:30:00Z,0.4,0.56,53
2025-11-04,Atlanta Hawks,Orlando Magic,ATL,ORL,1,KXNBAGAME-25NOV04ORLATL-ATL,2025-11-02T19:07:00Z,2025-11-05T04:09:58.191137Z,2025-11-05T04:00:00Z,0.57,0.39,54
2025-11-04,Chicago Bulls,Philadelphia 76ers,CHI,PHI,1,KXNBAGAME-25NOV04PHICHI-CHI,2025-11-02T19:07:00Z,2025-11-05T03:45:11.22461Z,2025-11-05T04:00:00Z,0.5,0.55,54
2025-11-04,New Orleans Pelicans,Charlotte Hornets,NOP,CHA,1,KXNBAGAME-25NOV04CHANOP-NOP,2025-11-02T19:07:00Z,2025-11-05T03:45:11.208375Z,2025-11-05T04:00:00Z,0.57,0.58,54
2025-11-04,Golden State Warriors,Phoenix Suns,GSW,PHX,1,KXNBAGAME-25NOV04PHXGSW-GSW,2025-11-02T22:08:00Z,2025-11-05T05:44:58.222264Z,2025-11-05T06:00:00Z,0.77,0.79,53
2025-11-05,Denver Nuggets,Miami Heat,DEN,MIA,1,KXNBAGAME-25NOV05MIADEN-DEN,2025-11-03T19:06:00Z,2025-11-06T05:00:25.199318Z,2025-11-06T05:00:00Z,0.73,0.78,55
2025-11-05,Dallas Mavericks,New Orleans Pelicans,DAL,NOP,0,KXNBAGAME-25NOV05NOPDAL-DAL,2025-11-03T19:06:00Z,2025-11-06T04:00:21.0095Z,2025-11-06T04:30:00Z,0.75,0.74,54
2025-11-05,Portland Trail Blazers,Oklahoma City Thunder,POR,OKC,1,KXNBAGAME-25NOV05OKCPOR-POR,2025-11-03T22:07:00Z,2025-11-06T06:04:55.074866Z,2025-11-06T06:00:00Z,0.34,0.39,52
2025-11-05,Los Angeles Lakers,San Antonio Spurs,LAL,SAS,1,KXNBAGAME-25NOV05SASLAL-LAL,2025-11-03T22:07:00Z,2025-11-06T06:19:48.268222Z,2025-11-06T06:00:00Z,0.53,0.48,52
2025-11-05,Memphis Grizzlies,Houston Rockets,MEM,HOU,0,KXNBAGAME-25NOV05HOUMEM-MEM,2025-11-03T19:06:00Z,2025-11-06T03:40:11.626647Z,2025-11-06T04:00:00Z,0.37,0.28,53
2025-11-05,Sacramento Kings,Golden State Warriors,SAC,GSW,1,KXNBAGAME-25NOV05GSWSAC-SAC,2025-11-03T22:07:00Z,2025-11-06T05:49:55.145384Z,2025-11-06T06:00:00Z,0.34,0.57,53
2025-11-05,Boston Celtics,Washington Wizards,BOS,WAS,1,KXNBAGAME-25NOV05WASBOS-BOS,2025-11-03T19:06:00Z,2025-11-06T03:05:14.907609Z,2025-11-06T03:30:00Z,0.76,0.85,53
2025-11-05,Indiana Pacers,Brooklyn Nets,IND,BKN,0,KXNBAGAME-25NOV05BKNIND-IND,2025-11-03T19:06:00Z,2025-11-06T02:55:15.930779Z,2025-11-06T03:00:00Z,0.74,0.7,53
2025-11-05,Detroit Pistons,Utah Jazz,DET,UTA,1,KXNBAGAME-25NOV05UTADET-DET,2025-11-03T19:06:00Z,2025-11-06T02:50:26.416671Z,2025-11-06T03:00:00Z,0.79,0.79,53
2025-11-05,Cleveland Cavaliers,Philadelphia 76ers,CLE,PHI,1,KXNBAGAME-25NOV05PHICLE-CLE,2025-11-03T19:06:00Z,2025-11-06T02:45:39.61635Z,2025-11-06T03:00:00Z,0.66,0.81,53
2025-11-05,New York Knicks,Minnesota Timberwolves,NYK,MIN,1,KXNBAGAME-25NOV05MINNYK-NYK,2025-11-03T19:06:00Z,2025-11-06T03:15:14.427906Z,2025-11-06T03:30:00Z,0.6,0.61,53
2025-11-06,Phoenix Suns,LA Clippers,PHX,LAC,1,KXNBAGAME-25NOV06LACPHX-PHX,2025-11-04T19:06:00Z,2025-11-07T04:44:59.625679Z,2025-11-07T05:00:00Z,0.35,0.58,55
2025-11-07,Sacramento Kings,Oklahoma City Thunder,SAC,OKC,0,KXNBAGAME-25NOV07OKCSAC-SAC,2025-11-06T07:07:00Z,2025-11-08T05:34:25.35006Z,2025-11-08T06:00:00Z,0.26,0.18,43
2025-11-07,Denver Nuggets,Golden State Warriors,DEN,GSW,1,KXNBAGAME-25NOV07GSWDEN-DEN,2025-11-06T07:07:00Z,2025-11-08T05:34:25.19606Z,2025-11-08T06:00:00Z,0.73,0.8,43
2025-11-07,Minnesota Timberwolves,Utah Jazz,MIN,UTA,1,KXNBAGAME-25NOV07UTAMIN-MIN,2025-11-06T07:06:00Z,2025-11-08T03:44:31.940227Z,2025-11-08T04:00:00Z,0.25,0.84,41
2025-11-07,Memphis Grizzlies,Dallas Mavericks,MEM,DAL,1,KXNBAGAME-25NOV07DALMEM-MEM,2025-11-06T07:06:00Z,2025-11-08T03:44:31.362961Z,2025-11-08T04:00:00Z,0.85,0.63,41
2025-11-07,Miami Heat,Charlotte Hornets,MIA,CHA,1,KXNBAGAME-25NOV07CHAMIA-MIA,2025-11-06T07:06:00Z,2025-11-08T03:49:27.793791Z,2025-11-08T04:00:00Z,0.86,0.72,41
2025-11-07,Milwaukee Bucks,Chicago Bulls,MIL,CHI,1,KXNBAGAME-25NOV07CHIMIL-MIL,2025-11-06T07:06:00Z,2025-11-08T03:49:27.94296Z,2025-11-08T04:00:00Z,0.64,0.62,41
2025-11-07,Brooklyn Nets,Detroit Pistons,BKN,DET,0,KXNBAGAME-25NOV07DETBKN-BKN,2025-11-06T07:06:00Z,2025-11-08T03:24:35.047494Z,2025-11-08T03:30:00Z,0.24,0.2,40
2025-11-07,Atlanta Hawks,Toronto Raptors,ATL,TOR,0,KXNBAGAME-25NOV07TORATL-ATL,2025-11-06T07:06:00Z,2025-11-08T03:19:41.27309Z,2025-11-08T03:30:00Z,0.45,0.56,40
2025-11-07,Washington Wizards,Cleveland Cavaliers,WAS,CLE,0,KXNBAGAME-25NOV07CLEWAS-WAS,2025-11-06T07:06:00Z,2025-11-08T02:44:49.46903Z,2025-11-08T03:00:00Z,0.2,0.12,40
2025-11-07,Orlando Magic,Boston Celtics,ORL,BOS,1,KXNBAGAME-25NOV07BOSORL-ORL,2025-11-06T07:06:00Z,2025-11-08T02:59:49.425185Z,2025-11-08T03:00:00Z,0.7,0.61,40
2025-11-07,San Antonio Spurs,Houston Rockets,SAS,HOU,1,KXNBAGAME-25NOV07HOUSAS-SAS,2025-11-06T07:06:00Z,2025-11-08T03:34:35.071862Z,2025-11-08T03:30:00Z,0.47,0.39,40
2025-11-08,Washington Wizards,Dallas Mavericks,WAS,DAL,0,KXNBAGAME-25NOV08DALWAS-WAS,2025-11-06T16:06:00Z,2025-11-09T02:49:37.620134Z,2025-11-09T03:00:00Z,0.27,0.4,55
2025-11-08,Philadelphia 76ers,Toronto Raptors,PHI,TOR,1,KXNBAGAME-25NOV08TORPHI-PHI,2025-11-06T16:06:00Z,2025-11-09T03:19:35.71697Z,2025-11-09T03:30:00Z,0.71,0.65,56
2025-11-08,Atlanta Hawks,Los Angeles Lakers,ATL,LAL,1,KXNBAGAME-25NOV08LALATL-ATL,2025-11-06T16:06:00Z,2025-11-09T03:19:35.973177Z,2025-11-09T04:00:00Z,0.22,0.33,57
2025-11-08,Cleveland Cavaliers,Chicago Bulls,CLE,CHI,1,KXNBAGAME-25NOV08CHICLE-CLE,2025-11-06T16:06:00Z,2025-11-09T03:49:33.619523Z,2025-11-09T04:00:00Z,0.85,0.77,57
2025-11-08,Miami Heat,Portland Trail Blazers,MIA,POR,1,KXNBAGAME-25NOV08PORMIA-MIA,2025-11-06T16:06:00Z,2025-11-09T04:04:26.651655Z,2025-11-09T04:00:00Z,0.5,0.4,57
2025-11-08,San Antonio Spurs,New Orleans Pelicans,SAS,NOP,1,KXNBAGAME-25NOV08NOPSAS-SAS,2025-11-06T16:06:00Z,2025-11-09T03:44:38.296093Z,2025-11-09T04:00:00Z,0.39,0.84,56
2025-11-08,Denver Nuggets,Indiana Pacers,DEN,IND,1,KXNBAGAME-25NOV08INDDEN-DEN,2025-11-06T19:06:00Z,2025-11-09T04:49:27.588344Z,2025-11-09T05:00:00Z,0.85,0.81,55
2025-11-08,LA Clippers,Phoenix Suns,LAC,PHX,0,KXNBAGAME-25NOV08PHXLAC-LAC,2025-11-06T19:06:00Z,2025-11-09T06:14:26.510704Z,2025-11-09T06:30:00Z,0.84,0.62,56
2025-11-09,Golden State Warriors,Indiana Pacers,GSW,IND,1,KXNBAGAME-25NOV09INDGSW-GSW,2025-11-07T19:07:00Z,2025-11-10T04:14:36.778502Z,2025-11-10T04:30:00Z,0.79,0.85,54
2025-11-09,Sacramento Kings,Minnesota Timberwolves,SAC,MIN,0,KXNBAGAME-25NOV09MINSAC-SAC,2025-11-07T19:07:00Z,2025-11-10T05:04:25.050772Z,2025-11-10T05:00:00Z,0.35,0.36,55
2025-11-09,Memphis Grizzlies,Oklahoma City Thunder,MEM,OKC,0,KXNBAGAME-25NOV09OKCMEM-MEM,2025-11-07T16:07:00Z,2025-11-10T01:39:32.696694Z,2025-11-10T02:00:00Z,0.25,0.18,55
2025-11-09,Philadelphia 76ers,Detroit Pistons,PHI,DET,0,KXNBAGAME-25NOV09DETPHI-PHI,2025-11-07T16:07:00Z,2025-11-10T03:19:25.791378Z,2025-11-10T03:30:00Z,0.44,0.39,56
2025-11-09,New York Knicks,Brooklyn Nets,NYK,BKN,1,KXNBAGAME-25NOV09BKNNYK-NYK,2025-11-07T16:07:00Z,2025-11-10T01:54:27.936737Z,2025-11-10T02:00:00Z,0.87,0.91,55
2025-11-09,Milwaukee Bucks,Houston Rockets,MIL,HOU,0,KXNBAGAME-25NOV09HOUMIL-MIL,2025-11-07T13:07:00Z,2025-11-09T23:24:36.321072Z,2025-11-09T23:30:00Z,0.36,0.39,55
2025-11-09,Orlando Magic,Boston Celtics,ORL,BOS,0,KXNBAGAME-25NOV09BOSORL-ORL,2025-11-07T16:07:00Z,2025-11-10T01:59:35.441059Z,2025-11-10T02:00:00Z,0.62,0.6,55
2025-11-10,LA Clippers,Atlanta Hawks,LAC,ATL,0,KXNBAGAME-25NOV10ATLLAC-LAC,2025-11-08T19:05:00Z,2025-11-11T06:09:27.784284Z,2025-11-11T06:30:00Z,0.67,0.64,55
2025-11-10,Charlotte Hornets,Los Angeles Lakers,CHA,LAL,0,KXNBAGAME-25NOV10LALCHA-CHA,2025-11-08T16:05:00Z,2025-11-11T02:44:47.236093Z,2025-11-11T03:00:00Z,0.25,0.24,56
2025-11-10,Detroit Pistons,Washington Wizards,DET,WAS,1,KXNBAGAME-25NOV10WASDET-DET,2025-11-08T16:05:00Z,2025-11-11T03:24:34.929716Z,2025-11-11T03:00:00Z,0.8,0.83,56
2025-11-10,Orlando Magic,Portland Trail Blazers,ORL,POR,1,KXNBAGAME-25NOV10PORORL-ORL,2025-11-08T16:05:00Z,2025-11-11T03:04:39.084448Z,2025-11-11T03:00:00Z,0.59,0.55,56
2025-11-10,Miami Heat,Cleveland Cavaliers,MIA,CLE,1,KXNBAGAME-25NOV10CLEMIA-MIA,2025-11-08T16:05:00Z,2025-11-11T04:09:32.029383Z,2025-11-11T03:30:00Z,0.27,0.29,56
2025-11-10,Chicago Bulls,San Antonio Spurs,CHI,SAS,0,KXNBAGAME-25NOV10SASCHI-CHI,2025-11-08T16:05:00Z,2025-11-11T03:34:34.404976Z,2025-11-11T04:00:00Z,0.43,0.36,57
2025-11-10,Dallas Mavericks,Milwaukee Bucks,DAL,MIL,0,KXNBAGAME-25NOV10MILDAL-DAL,2025-11-08T19:05:00Z,2025-11-11T04:34:29.344952Z,2025-11-11T04:30:00Z,0.48,0.4,54
2025-11-10,Phoenix Suns,New Orleans Pelicans,PHX,NOP,1,KXNBAGAME-25NOV10NOPPHX-PHX,2025-11-08T19:05:00Z,2025-11-11T04:49:27.81683Z,2025-11-11T05:00:00Z,0.73,0.77,55
2025-11-10,Utah Jazz,Minnesota Timberwolves,UTA,MIN,0,KXNBAGAME-25NOV10MINUTA-UTA,2025-11-08T19:05:00Z,2025-11-11T04:44:32.753325Z,2025-11-11T05:00:00Z,0.25,0.28,55
2025-11-11,Sacramento Kings,Denver Nuggets,SAC,DEN,0,KXNBAGAME-25NOV11DENSAC-SAC,2025-11-09T19:06:00Z,2025-11-12T06:49:28.240117Z,2025-11-12T07:00:00Z,0.23,0.25,57
2025-11-11,Utah Jazz,Indiana Pacers,UTA,IND,1,KXNBAGAME-25NOV11INDUTA-UTA,2025-11-09T19:06:00Z,2025-11-12T05:09:28.040956Z,2025-11-12T05:00:00Z,0.68,0.46,55
2025-11-11,Oklahoma City Thunder,Golden State Warriors,OKC,GSW,1,KXNBAGAME-25NOV11GSWOKC-OKC,2025-11-09T16:05:00Z,2025-11-12T04:04:36.727732Z,2025-11-12T04:00:00Z,0.73,0.74,57
2025-11-11,New York Knicks,Memphis Grizzlies,NYK,MEM,1,KXNBAGAME-25NOV11MEMNYK-NYK,2025-11-09T16:05:00Z,2025-11-12T03:09:32.932744Z,2025-11-12T03:30:00Z,0.73,0.81,56
2025-11-11,Brooklyn Nets,Toronto Raptors,BKN,TOR,0,KXNBAGAME-25NOV11TORBKN-BKN,2025-11-09T16:05:00Z,2025-11-12T03:14:37.568095Z,2025-11-12T03:30:00Z,0.25,0.21,56
2025-11-11,Philadelphia 76ers,Boston Celtics,PHI,BOS,1,KXNBAGAME-25NOV11BOSPHI-PHI,2025-11-09T16:05:00Z,2025-11-12T03:44:29.706977Z,2025-11-12T04:00:00Z,0.56,0.48,57
2025-11-12,San Antonio Spurs,Golden State Warriors,SAS,GSW,0,KXNBAGAME-25NOV12GSWSAS-SAS,2025-11-10T16:06:00Z,2025-11-13T04:14:32.565636Z,2025-11-13T04:00:00Z,0.69,0.61,57
2025-11-12,Sacramento Kings,Atlanta Hawks,SAC,ATL,0,KXNBAGAME-25NOV12ATLSAC-SAC,2025-11-10T19:06:00Z,2025-11-13T05:34:26.38333Z,2025-11-13T06:00:00Z,0.45,0.38,55
2025-11-12,Oklahoma City Thunder,Los Angeles Lakers,OKC,LAL,1,KXNBAGAME-25NOV12LALOKC-OKC,2025-11-10T19:06:00Z,2025-11-13T05:24:24.298618Z,2025-11-13T05:30:00Z,0.82,0.74,55
2025-11-12,Dallas Mavericks,Phoenix Suns,DAL,PHX,0,KXNBAGAME-25NOV12PHXDAL-DAL,2025-11-10T19:06:00Z,2025-11-13T04:34:27.488979Z,2025-11-13T04:30:00Z,0.51,0.45,54
2025-11-12,New Orleans Pelicans,Portland Trail Blazers,NOP,POR,0,KXNBAGAME-25NOV12PORNOP-NOP,2025-11-10T16:06:00Z,2025-11-13T03:54:32.737889Z,2025-11-13T04:00:00Z,0.28,0.26,57
2025-11-12,LA Clippers,Denver Nuggets,LAC,DEN,0,KXNBAGAME-25NOV12DENLAC-LAC,2025-11-10T19:06:00Z,2025-11-13T06:19:26.346969Z,2025-11-13T06:30:00Z,0.34,0.35,56
2025-11-12,Miami Heat,Cleveland Cavaliers,MIA,CLE,0,KXNBAGAME-25NOV12CLEMIA-MIA,2025-11-10T16:06:00Z,2025-11-13T03:24:37.319131Z,2025-11-13T03:30:00Z,0.25,0.65,56
2025-11-12,Boston Celtics,Memphis Grizzlies,BOS,MEM,1,KXNBAGAME-25NOV12MEMBOS-BOS,2025-11-10T16:06:00Z,2025-11-13T03:09:42.533857Z,2025-11-13T03:30:00Z,0.62,0.75,56
2025-11-12,New York Knicks,Orlando Magic,NYK,ORL,0,KXNBAGAME-25NOV12ORLNYK-NYK,2025-11-10T16:06:00Z,2025-11-13T03:09:48.72535Z,2025-11-13T03:00:00Z,0.15,0.63,56
2025-11-12,Detroit Pistons,Chicago Bulls,DET,CHI,1,KXNBAGAME-25NOV12CHIDET-DET,2025-11-10T16:06:00Z,2025-11-13T02:39:48.425112Z,2025-11-13T03:00:00Z,0.85,0.44,56
2025-11-12,Charlotte Hornets,Milwaukee Bucks,CHA,MIL,1,KXNBAGAME-25NOV12MILCHA-CHA,2025-11-10T16:06:00Z,2025-11-13T02:54:50.94623Z,2025-11-13T03:00:00Z,0.26,0.42,56
2025-11-12,Houston Rockets,Washington Wizards,HOU,WAS,1,KXNBAGAME-25NOV12WASHOU-HOU,2025-11-10T16:06:00Z,2025-11-13T03:59:40.190858Z,2025-11-13T04:00:00Z,0.88,0.92,57
2025-11-13,Phoenix Suns,Indiana Pacers,PHX,IND,1,KXNBAGAME-25NOV13INDPHX-PHX,2025-11-11T19:06:00Z,2025-11-14T05:09:31.392812Z,2025-11-14T05:00:00Z,0.72,0.62,55
2025-11-13,Utah Jazz,Atlanta Hawks,UTA,ATL,0,KXNBAGAME-25NOV13ATLUTA-UTA,2025-11-11T19:06:00Z,2025-11-14T04:44:30.133759Z,2025-11-14T05:00:00Z,0.7,0.47,55
2025-11-13,Cleveland Cavaliers,Toronto Raptors,CLE,TOR,0,KXNBAGAME-25NOV13TORCLE-CLE,2025-11-11T16:05:00Z,2025-11-14T02:49:29.743787Z,2025-11-14T03:00:00Z,0.74,0.72,56
2025-11-14,New York Knicks,Miami Heat,NYK,MIA,1,KXNBAGAME-25NOV14MIANYK-NYK,2025-11-12T16:06:00Z,2025-11-15T03:04:37.290467Z,2025-11-15T03:00:00Z,0.72,0.69,56
2025-11-14,Orlando Magic,Brooklyn Nets,ORL,BKN,1,KXNBAGAME-25NOV14BKNORL-ORL,2025-11-12T16:06:00Z,2025-11-15T02:49:43.309393Z,2025-11-15T03:00:00Z,0.83,0.89,56
2025-11-14,Detroit Pistons,Philadelphia 76ers,DET,PHI,1,KXNBAGAME-25NOV14PHIDET-DET,2025-11-12T16:06:00Z,2025-11-15T03:09:39.163138Z,2025-11-15T03:30:00Z,0.71,0.51,56
2025-11-14,Houston Rockets,Portland Trail Blazers,HOU,POR,1,KXNBAGAME-25NOV14PORHOU-HOU,2025-11-12T16:06:00Z,2025-11-15T03:39:34.184848Z,2025-11-15T04:00:00Z,0.75,0.74,57
2025-11-14,Milwaukee Bucks,Charlotte Hornets,MIL,CHA,1,KXNBAGAME-25NOV14CHAMIL-MIL,2025-11-12T16:06:00Z,2025-11-15T04:04:28.88581Z,2025-11-15T04:00:00Z,0.62,0.78,57
2025-11-14,Minnesota Timberwolves,Sacramento Kings,MIN,SAC,1,KXNBAGAME-25NOV14SACMIN-MIN,2025-11-12T16:06:00Z,2025-11-15T03:49:35.933204Z,2025-11-15T04:00:00Z,0.79,0.83,57
2025-11-14,New Orleans Pelicans,Los Angeles Lakers,NOP,LAL,0,KXNBAGAME-25NOV14LALNOP-NOP,2025-11-12T16:06:00Z,2025-11-15T03:54:28.745773Z,2025-11-15T04:00:00Z,0.26,0.2,57
2025-11-14,Dallas Mavericks,LA Clippers,DAL,LAC,0,KXNBAGAME-25NOV14LACDAL-DAL,2025-11-12T19:06:00Z,2025-11-15T05:14:29.811719Z,2025-11-15T04:30:00Z,0.38,0.41,54
2025-11-14,San Antonio Spurs,Golden State Warriors,SAS,GSW,0,KXNBAGAME-25NOV14GSWSAS-SAS,2025-11-12T19:06:00Z,2025-11-15T05:24:25.702232Z,2025-11-15T05:30:00Z,0.61,0.58,55
2025-11-15,Indiana Pacers,Toronto Raptors,IND,TOR,0,KXNBAGAME-25NOV15TORIND-IND,2025-11-13T16:05:00Z,2025-11-16T02:59:37.651809Z,2025-11-16T03:00:00Z,0.39,0.3,56
2025-11-15,Minnesota Timberwolves,Denver Nuggets,MIN,DEN,0,KXNBAGAME-25NOV15DENMIN-MIN,2025-11-13T16:05:00Z,2025-11-16T04:03:59.829116Z,2025-11-16T04:00:00Z,0.44,0.51,57
2025-11-15,Milwaukee Bucks,Los Angeles Lakers,MIL,LAL,0,KXNBAGAME-25NOV15LALMIL-MIL,2025-11-13T16:05:00Z,2025-11-16T04:14:29.589633Z,2025-11-16T04:00:00Z,0.56,0.55,57
2025-11-15,Charlotte Hornets,Oklahoma City Thunder,CHA,OKC,0,KXNBAGAME-25NOV15OKCCHA-CHA,2025-11-13T16:05:00Z,2025-11-16T02:59:38.603579Z,2025-11-16T03:00:00Z,0.16,0.08,56
2025-11-15,Cleveland Cavaliers,Memphis Grizzlies,CLE,MEM,1,KXNBAGAME-25NOV15MEMCLE-CLE,2025-11-13T13:05:00Z,2025-11-16T00:49:36.215877Z,2025-11-16T01:00:00Z,0.79,0.81,57
2025-11-16,Boston Celtics,LA Clippers,BOS,LAC,1,KXNBAGAME-25NOV16LACBOS-BOS,2025-11-14T13:05:00Z,2025-11-16T23:29:50.961642Z,2025-11-16T23:30:00Z,0.66,0.67,55
2025-11-16,San Antonio Spurs,Sacramento Kings,SAS,SAC,1,KXNBAGAME-25NOV16SACSAS-SAS,2025-11-14T13:05:00Z,2025-11-16T23:44:41.474103Z,2025-11-17T00:00:00Z,0.82,0.69,56
2025-11-16,Washington Wizards,Brooklyn Nets,WAS,BKN,0,KXNBAGAME-25NOV16BKNWAS-WAS,2025-11-14T16:06:00Z,2025-11-17T01:44:40.458193Z,2025-11-17T02:00:00Z,0.59,0.58,55
2025-11-16,Houston Rockets,Orlando Magic,HOU,ORL,1,KXNBAGAME-25NOV16ORLHOU-HOU,2025-11-14T16:06:00Z,2025-11-17T03:19:35.837001Z,2025-11-17T03:00:00Z,0.62,0.76,56
2025-11-16,New Orleans Pelicans,Golden State Warriors,NOP,GSW,0,KXNBAGAME-25NOV16GSWNOP-NOP,2025-11-14T16:06:00Z,2025-11-17T02:44:34.544531Z,2025-11-17T03:00:00Z,0.22,0.17,56
2025-11-16,Dallas Mavericks,Portland Trail Blazers,DAL,POR,1,KXNBAGAME-25NOV16PORDAL-DAL,2025-11-14T16:06:00Z,2025-11-17T03:39:33.207947Z,2025-11-17T03:30:00Z,0.44,0.4,56
2025-11-16,Phoenix Suns,Atlanta Hawks,PHX,ATL,0,KXNBAGAME-25NOV16ATLPHX-PHX,2025-11-14T16:06:00Z,2025-11-17T04:24:27.775801Z,2025-11-17T04:00:00Z,0.42,0.53,57
2025-11-16,Utah Jazz,Chicago Bulls,UTA,CHI,1,KXNBAGAME-25NOV16CHIUTA-UTA,2025-11-14T16:06:00Z,2025-11-17T04:39:28.917803Z,2025-11-17T04:00:00Z,0.44,0.38,57
2025-11-17,Denver Nuggets,Chicago Bulls,DEN,CHI,0,KXNBAGAME-25NOV17CHIDEN-DEN,2025-11-15T19:06:00Z,2025-11-18T05:04:29.851064Z,2025-11-18T05:00:00Z,0.7,0.88,55
2025-11-17,Minnesota Timberwolves,Dallas Mavericks,MIN,DAL,1,KXNBAGAME-25NOV17DALMIN-MIN,2025-11-15T16:06:00Z,2025-11-18T03:44:34.201965Z,2025-11-18T04:00:00Z,0.83,0.88,57
2025-11-17,Toronto Raptors,Charlotte Hornets,TOR,CHA,1,KXNBAGAME-25NOV17CHATOR-TOR,2025-11-15T16:06:00Z,2025-11-18T03:24:32.693273Z,2025-11-18T03:30:00Z,0.81,0.77,56
2025-11-17,New Orleans Pelicans,Oklahoma City Thunder,NOP,OKC,0,KXNBAGAME-25NOV17OKCNOP-NOP,2025-11-15T16:06:00Z,2025-11-18T03:44:33.931016Z,2025-11-18T04:00:00Z,0.14,0.07,57
2025-11-17,Philadelphia 76ers,LA Clippers,PHI,LAC,1,KXNBAGAME-25NOV17LACPHI-PHI,2025-11-15T16:05:00Z,2025-11-18T02:49:41.129036Z,2025-11-18T03:00:00Z,0.67,0.65,56
2025-11-17,Detroit Pistons,Indiana Pacers,DET,IND,1,KXNBAGAME-25NOV17INDDET-DET,2025-11-15T16:05:00Z,2025-11-18T03:04:37.160397Z,2025-11-18T03:00:00Z,0.82,0.75,56
2025-11-17,Cleveland Cavaliers,Milwaukee Bucks,CLE,MIL,1,KXNBAGAME-25NOV17MILCLE-CLE,2025-11-15T16:05:00Z,2025-11-18T02:34:46.877748Z,2025-11-18T03:00:00Z,0.76,0.69,56
2025-11-17,Miami Heat,New York Knicks,MIA,NYK,1,KXNBAGAME-25NOV17NYKMIA-MIA,2025-11-15T16:06:00Z,2025-11-18T03:19:37.787155Z,2025-11-18T03:30:00Z,0.48,0.52,56
2025-11-18,Orlando Magic,Golden State Warriors,ORL,GSW,1,KXNBAGAME-25NOV18GSWORL-ORL,2025-11-16T16:05:00Z,2025-11-19T02:54:34.340968Z,2025-11-19T03:00:00Z,0.41,0.44,56
2025-11-18,Brooklyn Nets,Boston Celtics,BKN,BOS,0,KXNBAGAME-25NOV18BOSBKN-BKN,2025-11-16T16:06:00Z,2025-11-19T03:09:36.316608Z,2025-11-19T03:30:00Z,0.25,0.17,56
2025-11-18,Atlanta Hawks,Detroit Pistons,ATL,DET,0,KXNBAGAME-25NOV18DETATL-ATL,2025-11-16T16:06:00Z,2025-11-19T03:14:34.931877Z,2025-11-19T03:30:00Z,0.44,0.45,56
2025-11-18,San Antonio Spurs,Memphis Grizzlies,SAS,MEM,1,KXNBAGAME-25NOV18MEMSAS-SAS,2025-11-16T16:06:00Z,2025-11-19T03:44:35.309143Z,2025-11-19T04:00:00Z,0.77,0.69,57
2025-11-18,Los Angeles Lakers,Utah Jazz,LAL,UTA,1,KXNBAGAME-25NOV18UTALAL-LAL,2025-11-16T19:06:00Z,2025-11-19T06:24:28.090048Z,2025-11-19T06:30:00Z,0.85,0.84,56
2025-11-18,Portland Trail Blazers,Phoenix Suns,POR,PHX,0,KXNBAGAME-25NOV18PHXPOR-POR,2025-11-16T19:06:00Z,2025-11-19T06:44:32.328838Z,2025-11-19T07:00:00Z,0.64,0.54,57
2025-11-19,Portland Trail Blazers,Chicago Bulls,POR,CHI,0,KXNBAGAME-25NOV19CHIPOR-POR,2025-11-17T19:06:00Z,2025-11-20T05:44:37.587377Z,2025-11-20T06:00:00Z,0.56,0.41,56
2025-11-19,Dallas Mavericks,New York Knicks,DAL,NYK,0,KXNBAGAME-25NOV19NYKDAL-DAL,2025-11-17T19:06:00Z,2025-11-20T05:34:31.950631Z,2025-11-20T05:30:00Z,0.34,0.24,55
2025-11-19,Oklahoma City Thunder,Sacramento Kings,OKC,SAC,1,KXNBAGAME-25NOV19SACOKC-OKC,2025-11-17T16:06:00Z,2025-11-20T03:49:43.485514Z,2025-11-20T04:00:00Z,0.87,0.93,57
2025-11-19,Minnesota Timberwolves,Washington Wizards,MIN,WAS,1,KXNBAGAME-25NOV19WASMIN-MIN,2025-11-17T16:06:00Z,2025-11-20T04:04:39.099111Z,2025-11-20T04:00:00Z,0.86,0.92,57
2025-11-19,New Orleans Pelicans,Denver Nuggets,NOP,DEN,0,KXNBAGAME-25NOV19DENNOP-NOP,2025-11-17T16:06:00Z,2025-11-20T03:59:44.157061Z,2025-11-20T04:00:00Z,0.14,0.16,57
2025-11-19,Miami Heat,Golden State Warriors,MIA,GSW,1,KXNBAGAME-25NOV19GSWMIA-MIA,2025-11-17T16:06:00Z,2025-11-20T03:09:42.866012Z,2025-11-20T03:30:00Z,0.43,0.79,56
2025-11-19,Indiana Pacers,Charlotte Hornets,IND,CHA,1,KXNBAGAME-25NOV19CHAIND-IND,2025-11-17T16:05:00Z,2025-11-20T02:34:53.011655Z,2025-11-20T03:00:00Z,0.48,0.46,56
2025-11-19,Cleveland Cavaliers,Houston Rockets,CLE,HOU,0,KXNBAGAME-25NOV19HOUCLE-CLE,2025-11-17T16:05:00Z,2025-11-20T02:59:52.611705Z,2025-11-20T03:00:00Z,0.23,0.46,56
2025-11-19,Philadelphia 76ers,Toronto Raptors,PHI,TOR,0,KXNBAGAME-25NOV19TORPHI-PHI,2025-11-17T16:05:00Z,2025-11-20T02:34:47.002319Z,2025-11-20T03:00:00Z,0.57,0.44,56
2025-11-20,Orlando Magic,LA Clippers,ORL,LAC,1,KXNBAGAME-25NOV20LACORL-ORL,2025-11-18T16:06:00Z,2025-11-21T02:44:39.920553Z,2025-11-21T03:00:00Z,0.66,0.7,55
2025-11-20,Memphis Grizzlies,Sacramento Kings,MEM,SAC,1,KXNBAGAME-25NOV20SACMEM-MEM,2025-11-18T16:06:00Z,2025-11-21T03:29:43.159465Z,2025-11-21T04:00:00Z,0.57,0.58,56
2025-11-20,Milwaukee Bucks,Philadelphia 76ers,MIL,PHI,0,KXNBAGAME-25NOV20PHIMIL-MIL,2025-11-18T16:06:00Z,2025-11-21T03:54:33.142864Z,2025-11-21T04:00:00Z,0.4,0.47,57
2025-11-20,San Antonio Spurs,Atlanta Hawks,SAS,ATL,1,KXNBAGAME-25NOV20ATLSAS-SAS,2025-11-18T16:06:00Z,2025-11-21T03:39:37.299389Z,2025-11-21T04:00:00Z,0.51,0.5,56
2025-11-21,Houston Rockets,Denver Nuggets,HOU,DEN,0,KXNBAGAME-25NOV21DENHOU-HOU,2025-11-19T19:06:00Z,2025-11-22T05:29:49.528374Z,2025-11-22T05:30:00Z,0.56,0.58,54
2025-11-21,Phoenix Suns,Minnesota Timberwolves,PHX,MIN,1,KXNBAGAME-25NOV21MINPHX-PHX,2025-11-19T19:06:00Z,2025-11-22T05:04:38.541794Z,2025-11-22T05:00:00Z,0.43,0.38,54
2025-11-21,Dallas Mavericks,New Orleans Pelicans,DAL,NOP,1,KXNBAGAME-25NOV21NOPDAL-DAL,2025-11-19T19:06:00Z,2025-11-22T04:24:37.434753Z,2025-11-22T04:30:00Z,0.7,0.61,53
2025-11-21,Cleveland Cavaliers,Indiana Pacers,CLE,IND,1,KXNBAGAME-25NOV21INDCLE-CLE,2025-11-19T16:06:00Z,2025-11-22T03:00:07.936344Z,2025-11-22T03:00:00Z,0.86,0.88,55
2025-11-21,Toronto Raptors,Washington Wizards,TOR,WAS,1,KXNBAGAME-25NOV21WASTOR-TOR,2025-11-19T16:06:00Z,2025-11-22T03:29:51.870847Z,2025-11-22T03:30:00Z,0.87,0.89,55
2025-11-21,Boston Celtics,Brooklyn Nets,BOS,BKN,0,KXNBAGAME-25NOV21BKNBOS-BOS,2025-11-19T16:06:00Z,2025-11-22T03:14:50.822407Z,2025-11-22T03:30:00Z,0.85,0.89,54
2025-11-21,Utah Jazz,Oklahoma City Thunder,UTA,OKC,0,KXNBAGAME-25NOV21OKCUTA-UTA,2025-11-19T19:06:00Z,2025-11-22T05:44:46.845231Z,2025-11-22T06:00:00Z,0.15,0.1,55
2025-11-21,Chicago Bulls,Miami Heat,CHI,MIA,0,KXNBAGAME-25NOV21MIACHI-CHI,2025-11-19T16:06:00Z,2025-11-22T03:49:50.45277Z,2025-11-22T04:00:00Z,0.57,0.56,56
2025-11-21,Golden State Warriors,Portland Trail Blazers,GSW,POR,0,KXNBAGAME-25NOV21PORGSW-GSW,2025-11-19T19:06:00Z,2025-11-22T06:09:34.72596Z,2025-11-22T06:00:00Z,0.74,0.81,55
2025-11-22,Dallas Mavericks,Memphis Grizzlies,DAL,MEM,0,KXNBAGAME-25NOV22MEMDAL-DAL,2025-11-20T19:06:00Z,2025-11-23T04:04:33.142009Z,2025-11-23T04:30:00Z,0.59,0.51,54
2025-11-22,Denver Nuggets,Sacramento Kings,DEN,SAC,0,KXNBAGAME-25NOV22SACDEN-DEN,2025-11-20T19:06:00Z,2025-11-23T05:54:31.810031Z,2025-11-23T06:00:00Z,0.87,0.83,55
2025-11-22,Milwaukee Bucks,Detroit Pistons,MIL,DET,0,KXNBAGAME-25NOV22DETMIL-MIL,2025-11-20T16:06:00Z,2025-11-23T03:49:41.674339Z,2025-11-23T04:00:00Z,0.29,0.25,57
2025-11-22,New Orleans Pelicans,Atlanta Hawks,NOP,ATL,0,KXNBAGAME-25NOV22ATLNOP-NOP,2025-11-20T16:06:00Z,2025-11-23T02:34:36.158486Z,2025-11-23T03:00:00Z,0.22,0.2,55
2025-11-22,Chicago Bulls,Washington Wizards,CHI,WAS,1,KXNBAGAME-25NOV22WASCHI-CHI,2025-11-20T16:06:00Z,2025-11-23T03:39:41.785738Z,2025-11-23T04:00:00Z,0.86,0.86,57
2025-11-22,Orlando Magic,New York Knicks,ORL,NYK,1,KXNBAGAME-25NOV22NYKORL-ORL,2025-11-20T13:06:00Z,2025-11-23T01:19:50.804337Z,2025-11-23T01:00:00Z,0.45,0.55,56
2025-11-22,Charlotte Hornets,LA Clippers,CHA,LAC,0,KXNBAGAME-25NOV22LACCHA-CHA,2025-11-20T10:06:00Z,2025-11-22T20:54:45.095867Z,2025-11-22T21:00:00Z,0.5,0.51,56
2025-11-23,Philadelphia 76ers,Miami Heat,PHI,MIA,0,KXNBAGAME-25NOV23MIAPHI-PHI,2025-11-21T10:06:00Z,2025-11-23T20:39:54.142662Z,2025-11-23T21:00:00Z,0.56,0.5,56
2025-11-23,Atlanta Hawks,Charlotte Hornets,ATL,CHA,1,KXNBAGAME-25NOV23CHAATL-ATL,2025-11-21T16:06:00Z,2025-11-24T01:39:45.86566Z,2025-11-24T02:00:00Z,0.84,0.74,55
2025-11-23,Boston Celtics,Orlando Magic,BOS,ORL,1,KXNBAGAME-25NOV23ORLBOS-BOS,2025-11-21T16:06:00Z,2025-11-24T01:44:48.434292Z,2025-11-24T02:00:00Z,0.59,0.62,55
2025-11-23,Cleveland Cavaliers,LA Clippers,CLE,LAC,1,KXNBAGAME-25NOV23LACCLE-CLE,2025-11-21T16:06:00Z,2025-11-24T01:34:44.466011Z,2025-11-24T02:00:00Z,0.81,0.75,55
2025-11-23,Toronto Raptors,Brooklyn Nets,TOR,BKN,1,KXNBAGAME-25NOV23BKNTOR-TOR,2025-11-21T16:06:00Z,2025-11-24T01:49:41.17653Z,2025-11-24T02:00:00Z,0.87,0.84,55
2025-11-23,Oklahoma City Thunder,Portland Trail Blazers,OKC,POR,1,KXNBAGAME-25NOV23POROKC-OKC,2025-11-21T16:06:00Z,2025-11-24T02:59:47.727653Z,2025-11-24T03:00:00Z,0.86,0.89,56
2025-11-23,Phoenix Suns,San Antonio Spurs,PHX,SAS,1,KXNBAGAME-25NOV23SASPHX-PHX,2025-11-21T16:06:00Z,2025-11-24T03:49:38.320032Z,2025-11-24T04:00:00Z,0.56,0.55,57
2025-11-23,Utah Jazz,Los Angeles Lakers,UTA,LAL,0,KXNBAGAME-25NOV23LALUTA-UTA,2025-11-21T16:06:00Z,2025-11-24T03:54:29.982831Z,2025-11-24T04:00:00Z,0.23,0.22,57
2025-11-24,Sacramento Kings,Minnesota Timberwolves,SAC,MIN,1,KXNBAGAME-25NOV24MINSAC-SAC,2025-11-22T19:07:00Z,2025-11-25T06:09:36.497576Z,2025-11-25T06:00:00Z,0.22,0.2,56
2025-11-24,Golden State Warriors,Utah Jazz,GSW,UTA,1,KXNBAGAME-25NOV24UTAGSW-GSW,2025-11-22T19:07:00Z,2025-11-25T05:54:29.51913Z,2025-11-25T06:00:00Z,0.8,0.86,56
2025-11-24,Phoenix Suns,Houston Rockets,PHX,HOU,0,KXNBAGAME-25NOV24HOUPHX-PHX,2025-11-22T19:07:00Z,2025-11-25T05:34:28.875424Z,2025-11-25T05:30:00Z,0.3,0.33,55
2025-11-24,New Orleans Pelicans,Chicago Bulls,NOP,CHI,1,KXNBAGAME-25NOV24CHINOP-NOP,2025-11-22T16:06:00Z,2025-11-25T03:44:39.108784Z,2025-11-25T04:00:00Z,0.35,0.36,56
2025-11-24,Milwaukee Bucks,Portland Trail Blazers,MIL,POR,0,KXNBAGAME-25NOV24PORMIL-MIL,2025-11-22T16:06:00Z,2025-11-25T03:59:51.073669Z,2025-11-25T04:00:00Z,0.6,0.52,57
2025-11-24,Brooklyn Nets,New York Knicks,BKN,NYK,0,KXNBAGAME-25NOV24NYKBKN-BKN,2025-11-22T16:06:00Z,2025-11-25T03:14:43.688559Z,2025-11-25T03:30:00Z,0.17,0.15,55
2025-11-24,Miami Heat,Dallas Mavericks,MIA,DAL,1,KXNBAGAME-25NOV24DALMIA-MIA,2025-11-22T16:06:00Z,2025-11-25T03:34:41.591517Z,2025-11-25T03:30:00Z,0.77,0.72,56
2025-11-24,Toronto Raptors,Cleveland Cavaliers,TOR,CLE,1,KXNBAGAME-25NOV24CLETOR-TOR,2025-11-22T16:06:00Z,2025-11-25T02:49:59.832209Z,2025-11-25T03:00:00Z,0.55,0.55,54
2025-11-24,Indiana Pacers,Detroit Pistons,IND,DET,0,KXNBAGAME-25NOV24DETIND-IND,2025-11-22T16:06:00Z,2025-11-25T03:04:53.853863Z,2025-11-25T03:00:00Z,0.39,0.22,56
2025-11-24,Memphis Grizzlies,Denver Nuggets,MEM,DEN,0,KXNBAGAME-25NOV24DENMEM-MEM,2025-11-22T16:06:00Z,2025-11-25T03:34:41.681421Z,2025-11-25T04:00:00Z,0.2,0.29,57
2025-11-25,Washington Wizards,Atlanta Hawks,WAS,ATL,1,KXNBAGAME-25NOV25ATLWAS-WAS,2025-11-23T16:06:00Z,2025-11-26T02:34:29.449355Z,2025-11-26T03:00:00Z,0.26,0.18,55
2025-11-25,Philadelphia 76ers,Orlando Magic,PHI,ORL,0,KXNBAGAME-25NOV25ORLPHI-PHI,2025-11-23T16:06:00Z,2025-11-26T03:54:28.682625Z,2025-11-26T04:00:00Z,0.44,0.37,56
2025-11-25,Los Angeles Lakers,LA Clippers,LAL,LAC,1,KXNBAGAME-25NOV25LACLAL-LAL,2025-11-23T19:06:00Z,2025-11-26T06:54:27.440556Z,2025-11-26T07:00:00Z,0.76,0.71,57
2025-11-26,Golden State Warriors,Houston Rockets,GSW,HOU,0,KXNBAGAME-25NOV26HOUGSW-GSW,2025-11-24T19:06:00Z,2025-11-27T06:04:27.510656Z,2025-11-27T06:00:00Z,0.49,0.6,56
2025-11-26,Sacramento Kings,Phoenix Suns,SAC,PHX,0,KXNBAGAME-25NOV26PHXSAC-SAC,2025-11-24T19:06:00Z,2025-11-27T05:49:40.634827Z,2025-11-27T06:00:00Z,0.41,0.37,56
2025-11-26,Portland Trail Blazers,San Antonio Spurs,POR,SAS,0,KXNBAGAME-25NOV26SASPOR-POR,2025-11-24T19:06:00Z,2025-11-27T05:39:42.551527Z,2025-11-27T06:00:00Z,0.46,0.5,56
2025-11-26,New Orleans Pelicans,Memphis Grizzlies,NOP,MEM,0,KXNBAGAME-25NOV26MEMNOP-NOP,2025-11-24T16:06:00Z,2025-11-27T03:54:30.311328Z,2025-11-27T04:00:00Z,0.5,0.41,57
2025-11-26,Toronto Raptors,Indiana Pacers,TOR,IND,1,KXNBAGAME-25NOV26INDTOR-TOR,2025-11-24T16:06:00Z,2025-11-27T03:14:43.276959Z,2025-11-27T03:30:00Z,0.85,0.81,56
2025-11-26,Miami Heat,Milwaukee Bucks,MIA,MIL,1,KXNBAGAME-25NOV26MILMIA-MIA,2025-11-24T16:06:00Z,2025-11-27T03:00:03.099416Z,2025-11-27T03:30:00Z,0.76,0.8,56
2025-11-26,Charlotte Hornets,New York Knicks,CHA,NYK,0,KXNBAGAME-25NOV26NYKCHA-CHA,2025-11-24T16:06:00Z,2025-11-27T02:40:02.718342Z,2025-11-27T03:00:00Z,0.35,0.29,56
2025-11-26,Boston Celtics,Detroit Pistons,BOS,DET,1,KXNBAGAME-25NOV26DETBOS-BOS,2025-11-24T13:06:00Z,2025-11-27T01:04:59.393006Z,2025-11-27T01:00:00Z,0.42,0.46,57
2025-11-26,Oklahoma City Thunder,Minnesota Timberwolves,OKC,MIN,1,KXNBAGAME-25NOV26MINOKC-OKC,2025-11-24T16:06:00Z,2025-11-27T03:39:46.581486Z,2025-11-27T03:30:00Z,0.83,0.78,56
2025-11-28,Utah Jazz,Sacramento Kings,UTA,SAC,1,KXNBAGAME-25NOV28SACUTA-UTA,2025-11-26T19:06:00Z,2025-11-29T05:19:41.457759Z,2025-11-29T05:30:00Z,0.62,0.57,55
2025-11-28,LA Clippers,Memphis Grizzlies,LAC,MEM,0,KXNBAGAME-25NOV28MEMLAC-LAC,2025-11-26T19:06:00Z,2025-11-29T05:49:34.255363Z,2025-11-29T06:00:00Z,0.71,0.71,56
2025-11-28,Los Angeles Lakers,Dallas Mavericks,LAL,DAL,1,KXNBAGAME-25NOV28DALLAL-LAL,2025-11-26T19:06:00Z,2025-11-29T05:49:33.635204Z,2025-11-29T06:00:00Z,0.82,0.79,56
2025-11-28,Oklahoma City Thunder,Phoenix Suns,OKC,PHX,1,KXNBAGAME-25NOV28PHXOKC-OKC,2025-11-26T19:06:00Z,2025-11-29T05:09:46.975043Z,2025-11-29T05:30:00Z,0.87,0.89,55
2025-11-28,New York Knicks,Milwaukee Bucks,NYK,MIL,1,KXNBAGAME-25NOV28MILNYK-NYK,2025-11-26T16:06:00Z,2025-11-29T03:29:43.176021Z,2025-11-29T03:30:00Z,0.74,0.72,56
2025-11-28,Denver Nuggets,San Antonio Spurs,DEN,SAS,0,KXNBAGAME-25NOV28SASDEN-DEN,2025-11-26T19:06:00Z,2025-11-29T05:19:41.753639Z,2025-11-29T05:30:00Z,0.75,0.74,55
2025-11-28,Detroit Pistons,Orlando Magic,DET,ORL,0,KXNBAGAME-25NOV28ORLDET-DET,2025-11-26T16:06:00Z,2025-11-29T03:24:43.204351Z,2025-11-29T03:30:00Z,0.67,0.6,56
2025-11-28,Charlotte Hornets,Chicago Bulls,CHA,CHI,1,KXNBAGAME-25NOV28CHICHA-CHA,2025-11-26T16:06:00Z,2025-11-29T03:14:55.300817Z,2025-11-29T03:30:00Z,0.44,0.42,56
2025-11-28,Brooklyn Nets,Philadelphia 76ers,BKN,PHI,0,KXNBAGAME-25NOV28PHIBKN-BKN,2025-11-26T16:06:00Z,2025-11-29T03:19:47.903452Z,2025-11-29T03:30:00Z,0.28,0.29,56
2025-11-28,Atlanta Hawks,Cleveland Cavaliers,ATL,CLE,1,KXNBAGAME-25NOV28CLEATL-ATL,2025-11-26T16:06:00Z,2025-11-29T03:19:53.308111Z,2025-11-29T03:30:00Z,0.43,0.31,56
2025-11-28,Indiana Pacers,Washington Wizards,IND,WAS,1,KXNBAGAME-25NOV28WASIND-IND,2025-11-26T16:06:00Z,2025-11-29T03:14:52.804095Z,2025-11-29T03:30:00Z,0.68,0.7,56
2025-11-29,Phoenix Suns,Denver Nuggets,PHX,DEN,0,KXNBAGAME-25NOV29DENPHX-PHX,2025-11-27T19:06:00Z,2025-11-30T04:29:38.170741Z,2025-11-30T05:00:00Z,0.4,0.39,55
2025-11-29,Minnesota Timberwolves,Boston Celtics,MIN,BOS,1,KXNBAGAME-25NOV29BOSMIN-MIN,2025-11-27T13:06:00Z,2025-11-30T00:34:46.574474Z,2025-11-30T01:00:00Z,0.66,0.69,57
2025-11-29,Charlotte Hornets,Toronto Raptors,CHA,TOR,1,KXNBAGAME-25NOV29TORCHA-CHA,2025-11-27T16:06:00Z,2025-11-30T02:00:13.855656Z,2025-11-30T02:00:00Z,0.21,0.28,55
2025-11-29,Indiana Pacers,Chicago Bulls,IND,CHI,1,KXNBAGAME-25NOV29CHIIND-IND,2025-11-27T16:06:00Z,2025-11-30T03:04:35.228344Z,2025-11-30T03:30:00Z,0.43,0.43,56
2025-11-29,Miami Heat,Detroit Pistons,MIA,DET,0,KXNBAGAME-25NOV29DETMIA-MIA,2025-11-27T16:06:00Z,2025-11-30T03:59:41.378435Z,2025-11-30T04:00:00Z,0.52,0.6,57
2025-11-29,Milwaukee Bucks,Brooklyn Nets,MIL,BKN,1,KXNBAGAME-25NOV29BKNMIL-MIL,2025-11-27T16:06:00Z,2025-11-30T03:29:41.434905Z,2025-11-30T04:00:00Z,0.79,0.84,56
2025-11-29,Golden State Warriors,New Orleans Pelicans,GSW,NOP,1,KXNBAGAME-25NOV29NOPGSW-GSW,2025-11-27T19:06:00Z,2025-11-30T04:29:37.962085Z,2025-11-30T04:30:00Z,0.72,0.79,54
2025-11-29,LA Clippers,Dallas Mavericks,LAC,DAL,0,KXNBAGAME-25NOV29DALLAC-LAC,2025-11-27T19:06:00Z,2025-11-30T05:54:29.363549Z,2025-11-30T06:00:00Z,0.71,0.77,56
2025-11-30,Sacramento Kings,Memphis Grizzlies,SAC,MEM,0,KXNBAGAME-25NOV30MEMSAC-SAC,2025-11-28T19:07:00Z,2025-12-01T04:54:28.718174Z,2025-12-01T05:00:00Z,0.58,0.42,55
2025-11-30,Los Angeles Lakers,New Orleans Pelicans,LAL,NOP,1,KXNBAGAME-25NOV30NOPLAL-LAL,2025-11-28T19:07:00Z,2025-12-01T05:09:35.3196Z,2025-12-01T05:30:00Z,0.87,0.92,55
2025-11-30,Portland Trail Blazers,Oklahoma City Thunder,POR,OKC,0,KXNBAGAME-25NOV30OKCPOR-POR,2025-11-28T16:06:00Z,2025-12-01T01:39:43.50768Z,2025-12-01T02:00:00Z,0.15,0.16,54
2025-11-30,Minnesota Timberwolves,San Antonio Spurs,MIN,SAS,1,KXNBAGAME-25NOV30SASMIN-MIN,2025-11-28T16:06:00Z,2025-12-01T02:44:37.407267Z,2025-12-01T03:00:00Z,0.62,0.64,54
2025-11-30,New York Knicks,Toronto Raptors,NYK,TOR,1,KXNBAGAME-25NOV30TORNYK-NYK,2025-11-28T16:06:00Z,2025-12-01T01:39:43.241996Z,2025-12-01T02:00:00Z,0.61,0.75,53
2025-11-30,Utah Jazz,Houston Rockets,UTA,HOU,0,KXNBAGAME-25NOV30HOUUTA-UTA,2025-11-28T13:06:00Z,2025-11-30T22:49:50.356913Z,2025-11-30T23:00:00Z,0.18,0.18,54
2025-11-30,Philadelphia 76ers,Atlanta Hawks,PHI,ATL,0,KXNBAGAME-25NOV30ATLPHI-PHI,2025-11-28T16:06:00Z,2025-12-01T02:24:31.131433Z,2025-12-01T02:00:00Z,0.54,0.58,54
2025-11-30,Cleveland Cavaliers,Boston Celtics,CLE,BOS,0,KXNBAGAME-25NOV30BOSCLE-CLE,2025-11-28T16:06:00Z,2025-12-01T01:34:40.698525Z,2025-12-01T02:00:00Z,0.77,0.72,54
2025-12-01,Detroit Pistons,Atlanta Hawks,DET,ATL,1,KXNBAGAME-25DEC01ATLDET-DET,2025-11-29T16:06:00Z,2025-12-02T02:49:50.757445Z,2025-12-02T03:00:00Z,0.74,0.79,55
2025-12-01,Indiana Pacers,Cleveland Cavaliers,IND,CLE,0,KXNBAGAME-25DEC01CLEIND-IND,2025-11-29T16:06:00Z,2025-12-02T02:49:49.901869Z,2025-12-02T03:00:00Z,0.33,0.38,56
2025-12-01,Washington Wizards,Milwaukee Bucks,WAS,MIL,1,KXNBAGAME-25DEC01MILWAS-WAS,2025-11-29T16:06:00Z,2025-12-02T02:34:55.660659Z,2025-12-02T03:00:00Z,0.24,0.21,55
2025-12-01,Brooklyn Nets,Charlotte Hornets,BKN,CHA,1,KXNBAGAME-25DEC01CHABKN-BKN,2025-11-29T16:06:00Z,2025-12-02T03:14:49.531174Z,2025-12-02T03:30:00Z,0.43,0.37,55
2025-12-01,Miami Heat,LA Clippers,MIA,LAC,1,KXNBAGAME-25DEC01LACMIA-MIA,2025-11-29T16:06:00Z,2025-12-02T03:14:48.788473Z,2025-12-02T03:30:00Z,0.66,0.7,55
2025-12-01,Orlando Magic,Chicago Bulls,ORL,CHI,1,KXNBAGAME-25DEC01CHIORL-ORL,2025-11-29T16:06:00Z,2025-12-02T03:39:35.718832Z,2025-12-02T03:30:00Z,0.86,0.77,56
2025-12-01,Denver Nuggets,Dallas Mavericks,DEN,DAL,0,KXNBAGAME-25DEC01DALDEN-DEN,2025-11-29T19:06:00Z,2025-12-02T04:34:31.119045Z,2025-12-02T05:00:00Z,0.85,0.83,54
2025-12-01,Utah Jazz,Houston Rockets,UTA,HOU,1,KXNBAGAME-25DEC01HOUUTA-UTA,2025-11-29T19:06:00Z,2025-12-02T05:09:34.245267Z,2025-12-02T05:00:00Z,0.4,0.17,54
2025-12-01,Los Angeles Lakers,Phoenix Suns,LAL,PHX,0,KXNBAGAME-25DEC01PHXLAL-LAL,2025-11-29T19:07:00Z,2025-12-02T05:39:37.04015Z,2025-12-02T06:00:00Z,0.63,0.68,56
2025-12-02,New Orleans Pelicans,Minnesota Timberwolves,NOP,MIN,0,KXNBAGAME-25DEC02MINNOP-NOP,2025-11-30T16:06:00Z,2025-12-03T03:59:50.09614Z,2025-12-03T04:00:00Z,0.23,0.15,56
2025-12-02,Golden State Warriors,Oklahoma City Thunder,GSW,OKC,0,KXNBAGAME-25DEC02OKCGSW-GSW,2025-11-30T19:06:00Z,2025-12-03T06:44:30.92378Z,2025-12-03T07:00:00Z,0.23,0.19,57
2025-12-02,San Antonio Spurs,Memphis Grizzlies,SAS,MEM,1,KXNBAGAME-25DEC02MEMSAS-SAS,2025-11-30T16:06:00Z,2025-12-03T04:04:28.012208Z,2025-12-03T04:00:00Z,0.76,0.65,56
2025-12-02,Toronto Raptors,Portland Trail Blazers,TOR,POR,1,KXNBAGAME-25DEC02PORTOR-TOR,2025-11-30T16:06:00Z,2025-12-03T03:19:45.822561Z,2025-12-03T03:30:00Z,0.74,0.67,55
2025-12-02,Philadelphia 76ers,Washington Wizards,PHI,WAS,1,KXNBAGAME-25DEC02WASPHI-PHI,2025-11-30T16:06:00Z,2025-12-03T02:29:52.643385Z,2025-12-03T03:00:00Z,0.85,0.87,55
2025-12-02,Boston Celtics,New York Knicks,BOS,NYK,1,KXNBAGAME-25DEC02NYKBOS-BOS,2025-11-30T16:06:00Z,2025-12-03T03:49:49.023879Z,2025-12-03T04:00:00Z,0.42,0.49,57
2025-12-03,Cleveland Cavaliers,Portland Trail Blazers,CLE,POR,0,KXNBAGAME-25DEC03PORCLE-CLE,2025-12-01T16:06:00Z,2025-12-04T02:40:22.091546Z,2025-12-04T03:00:00Z,0.85,0.82,56
2025-12-03,Indiana Pacers,Denver Nuggets,IND,DEN,0,KXNBAGAME-25DEC03DENIND-IND,2025-12-01T16:06:00Z,2025-12-04T02:54:46.318606Z,2025-12-04T03:00:00Z,0.23,0.26,55
2025-12-03,Orlando Magic,San Antonio Spurs,ORL,SAS,0,KXNBAGAME-25DEC03SASORL-ORL,2025-12-01T16:06:00Z,2025-12-04T02:44:54.598126Z,2025-12-04T03:00:00Z,0.62,0.75,54
2025-12-03,Atlanta Hawks,LA Clippers,ATL,LAC,0,KXNBAGAME-25DEC03LACATL-ATL,2025-12-01T16:06:00Z,2025-12-04T03:00:12.366915Z,2025-12-04T03:30:00Z,0.75,0.55,56
2025-12-03,New York Knicks,Charlotte Hornets,NYK,CHA,1,KXNBAGAME-25DEC03CHANYK-NYK,2025-12-01T16:06:00Z,2025-12-04T03:10:00.871773Z,2025-12-04T03:30:00Z,0.86,0.79,56
2025-12-03,Chicago Bulls,Brooklyn Nets,CHI,BKN,0,KXNBAGAME-25DEC03BKNCHI-CHI,2025-12-01T16:06:00Z,2025-12-04T03:34:35.843896Z,2025-12-04T04:00:00Z,0.82,0.76,55
2025-12-03,Houston Rockets,Sacramento Kings,HOU,SAC,1,KXNBAGAME-25DEC03SACHOU-HOU,2025-12-01T16:06:00Z,2025-12-04T03:49:53.195346Z,2025-12-04T04:00:00Z,0.86,0.91,57
2025-12-03,Milwaukee Bucks,Detroit Pistons,MIL,DET,1,KXNBAGAME-25DEC03DETMIL-MIL,2025-12-01T16:06:00Z,2025-12-04T03:54:36.020682Z,2025-12-04T04:00:00Z,0.4,0.37,56
2025-12-03,Dallas Mavericks,Miami Heat,DAL,MIA,1,KXNBAGAME-25DEC03MIADAL-DAL,2025-12-01T19:06:00Z,2025-12-04T04:00:22.262525Z,2025-12-04T04:30:00Z,0.33,0.38,54
2025-12-04,Toronto Raptors,Los Angeles Lakers,TOR,LAL,0,KXNBAGAME-25DEC04LALTOR-TOR,2025-12-02T16:06:00Z,2025-12-05T03:14:38.836473Z,2025-12-05T03:30:00Z,0.48,0.57,54
2025-12-04,New Orleans Pelicans,Minnesota Timberwolves,NOP,MIN,0,KXNBAGAME-25DEC04MINNOP-NOP,2025-12-02T16:06:00Z,2025-12-05T03:39:36.373457Z,2025-12-05T04:00:00Z,0.45,0.17,56
2025-12-04,Washington Wizards,Boston Celtics,WAS,BOS,0,KXNBAGAME-25DEC04BOSWAS-WAS,2025-12-02T16:06:00Z,2025-12-05T02:29:54.471337Z,2025-12-05T03:00:00Z,0.14,0.19,53
2025-12-04,Philadelphia 76ers,Golden State Warriors,PHI,GSW,1,KXNBAGAME-25DEC04GSWPHI-PHI,2025-12-02T16:06:00Z,2025-12-05T02:44:42.213037Z,2025-12-05T03:00:00Z,0.51,0.62,54
2025-12-04,Brooklyn Nets,Utah Jazz,BKN,UTA,0,KXNBAGAME-25DEC04UTABKN-BKN,2025-12-02T16:06:00Z,2025-12-05T03:14:38.82822Z,2025-12-05T03:30:00Z,0.45,0.38,55
2025-12-05,Oklahoma City Thunder,Dallas Mavericks,OKC,DAL,1,KXNBAGAME-25DEC05DALOKC-OKC,2025-12-03T19:07:00Z,2025-12-06T05:14:36.14652Z,2025-12-06T05:30:00Z,0.93,0.9,54
2025-12-05,Milwaukee Bucks,Philadelphia 76ers,MIL,PHI,0,KXNBAGAME-25DEC05PHIMIL-MIL,2025-12-03T16:07:00Z,2025-12-06T03:44:37.669197Z,2025-12-06T04:00:00Z,0.65,0.49,56
2025-12-05,Memphis Grizzlies,LA Clippers,MEM,LAC,1,KXNBAGAME-25DEC05LACMEM-MEM,2025-12-03T16:07:00Z,2025-12-06T03:30:05.414576Z,2025-12-06T04:00:00Z,0.54,0.46,56
2025-12-05,Houston Rockets,Phoenix Suns,HOU,PHX,1,KXNBAGAME-25DEC05PHXHOU-HOU,2025-12-03T16:07:00Z,2025-12-06T03:30:04.812248Z,2025-12-06T04:00:00Z,0.75,0.78,56
2025-12-05,Chicago Bulls,Indiana Pacers,CHI,IND,0,KXNBAGAME-25DEC05INDCHI-CHI,2025-12-03T16:07:00Z,2025-12-06T03:39:51.825904Z,2025-12-06T04:00:00Z,0.74,0.65,56
2025-12-05,Toronto Raptors,Charlotte Hornets,TOR,CHA,0,KXNBAGAME-25DEC05CHATOR-TOR,2025-12-03T16:07:00Z,2025-12-06T03:19:50.650116Z,2025-12-06T03:30:00Z,0.75,0.72,55
2025-12-05,Detroit Pistons,Portland Trail Blazers,DET,POR,1,KXNBAGAME-25DEC05PORDET-DET,2025-12-03T16:07:00Z,2025-12-06T03:39:51.561875Z,2025-12-06T03:30:00Z,0.78,0.76,55
2025-12-05,Cleveland Cavaliers,San Antonio Spurs,CLE,SAS,1,KXNBAGAME-25DEC05SASCLE-CLE,2025-12-03T16:07:00Z,2025-12-06T03:19:51.167078Z,2025-12-06T03:30:00Z,0.67,0.63,55
2025-12-05,Atlanta Hawks,Denver Nuggets,ATL,DEN,0,KXNBAGAME-25DEC05DENATL-ATL,2025-12-03T16:07:00Z,2025-12-06T03:15:07.908174Z,2025-12-06T03:30:00Z,0.41,0.4,55
2025-12-05,Orlando Magic,Miami Heat,ORL,MIA,1,KXNBAGAME-25DEC05MIAORL-ORL,2025-12-03T16:07:00Z,2025-12-06T02:45:04.078733Z,2025-12-06T03:00:00Z,0.65,0.68,55
2025-12-05,Boston Celtics,Los Angeles Lakers,BOS,LAL,1,KXNBAGAME-25DEC05LALBOS-BOS,2025-12-03T16:07:00Z,2025-12-06T02:40:03.867314Z,2025-12-06T03:00:00Z,0.02,0.75,55
2025-12-05,New York Knicks,Utah Jazz,NYK,UTA,1,KXNBAGAME-25DEC05UTANYK-NYK,2025-12-03T16:07:00Z,2025-12-06T03:14:58.424434Z,2025-12-06T03:30:00Z,0.84,0.89,55
2025-12-06,Minnesota Timberwolves,LA Clippers,MIN,LAC,1,KXNBAGAME-25DEC06LACMIN-MIN,2025-12-04T16:07:00Z,2025-12-07T03:44:39.486259Z,2025-12-07T04:00:00Z,0.74,0.77,57
2025-12-06,Dallas Mavericks,Houston Rockets,DAL,HOU,1,KXNBAGAME-25DEC06HOUDAL-DAL,2025-12-04T19:07:00Z,2025-12-07T04:00:14.968608Z,2025-12-07T04:30:00Z,0.28,0.29,54
2025-12-06,Miami Heat,Sacramento Kings,MIA,SAC,0,KXNBAGAME-25DEC06SACMIA-MIA,2025-12-04T16:07:00Z,2025-12-07T03:34:36.288276Z,2025-12-07T04:00:00Z,0.8,0.77,57
2025-12-06,Brooklyn Nets,New Orleans Pelicans,BKN,NOP,1,KXNBAGAME-25DEC06NOPBKN-BKN,2025-12-04T13:06:00Z,2025-12-07T00:24:42.753874Z,2025-12-07T01:00:00Z,0.42,0.61,57
2025-12-06,Cleveland Cavaliers,Golden State Warriors,CLE,GSW,0,KXNBAGAME-25DEC06GSWCLE-CLE,2025-12-04T16:07:00Z,2025-12-07T03:14:40.110091Z,2025-12-07T03:30:00Z,0.7,0.77,56
2025-12-06,Washington Wizards,Atlanta Hawks,WAS,ATL,0,KXNBAGAME-25DEC06ATLWAS-WAS,2025-12-04T16:07:00Z,2025-12-07T02:34:43.104548Z,2025-12-07T03:00:00Z,0.3,0.21,56
2025-12-06,Detroit Pistons,Milwaukee Bucks,DET,MIL,1,KXNBAGAME-25DEC06MILDET-DET,2025-12-04T16:07:00Z,2025-12-07T03:19:56.167007Z,2025-12-07T03:30:00Z,0.79,0.85,56
2025-12-07,Utah Jazz,Oklahoma City Thunder,UTA,OKC,0,KXNBAGAME-25DEC07OKCUTA-UTA,2025-12-05T16:07:00Z,2025-12-08T03:44:34.847419Z,2025-12-08T04:00:00Z,0.16,0.18,56
2025-12-07,New York Knicks,Orlando Magic,NYK,ORL,1,KXNBAGAME-25DEC07ORLNYK-NYK,2025-12-05T10:06:00Z,2025-12-07T19:50:26.268347Z,2025-12-07T20:00:00Z,0.64,0.52,55
2025-12-07,Toronto Raptors,Boston Celtics,TOR,BOS,0,KXNBAGAME-25DEC07BOSTOR-TOR,2025-12-05T13:06:00Z,2025-12-07T23:02:16.537056Z,2025-12-07T23:30:00Z,0.55,0.43,55
2025-12-07,Charlotte Hornets,Denver Nuggets,CHA,DEN,0,KXNBAGAME-25DEC07DENCHA-CHA,2025-12-05T16:07:00Z,2025-12-08T01:34:38.39954Z,2025-12-08T02:00:00Z,0.23,0.2,54
2025-12-07,Memphis Grizzlies,Portland Trail Blazers,MEM,POR,1,KXNBAGAME-25DEC07PORMEM-MEM,2025-12-05T16:07:00Z,2025-12-08T01:50:22.888176Z,2025-12-08T02:00:00Z,0.6,0.56,55
2025-12-07,Chicago Bulls,Golden State Warriors,CHI,GSW,0,KXNBAGAME-25DEC07GSWCHI-CHI,2025-12-05T16:07:00Z,2025-12-08T02:29:51.579345Z,2025-12-08T03:00:00Z,0.59,0.49,56
2025-12-07,Philadelphia 76ers,Los Angeles Lakers,PHI,LAL,0,KXNBAGAME-25DEC07LALPHI-PHI,2025-12-05T16:07:00Z,2025-12-08T03:09:38.526571Z,2025-12-08T03:30:00Z,0.41,0.42,55
2025-12-08,New Orleans Pelicans,San Antonio Spurs,NOP,SAS,0,KXNBAGAME-25DEC08SASNOP-NOP,2025-12-06T16:06:00Z,2025-12-09T03:44:34.23357Z,2025-12-09T04:00:00Z,0.24,0.22,57
2025-12-08,Indiana Pacers,Sacramento Kings,IND,SAC,1,KXNBAGAME-25DEC08SACIND-IND,2025-12-06T16:06:00Z,2025-12-09T02:39:42.773863Z,2025-12-09T03:00:00Z,0.65,0.61,56
2025-12-08,Minnesota Timberwolves,Phoenix Suns,MIN,PHX,0,KXNBAGAME-25DEC08PHXMIN-MIN,2025-12-06T16:06:00Z,2025-12-09T03:20:10.874379Z,2025-12-09T03:30:00Z,0.75,0.79,56
2025-12-09,Orlando Magic,Miami Heat,ORL,MIA,1,KXNBAGAME-25DEC09MIAORL-ORL,2025-12-07T16:06:00Z,2025-12-10T01:50:24.396285Z,2025-12-10T02:00:00Z,0.59,0.53,55
2025-12-09,Toronto Raptors,New York Knicks,TOR,NYK,0,KXNBAGAME-25DEC09NYKTOR-TOR,2025-12-07T19:06:00Z,2025-12-10T04:24:34.733247Z,2025-12-10T04:30:00Z,0.37,0.31,54
2025-12-10,Oklahoma City Thunder,Phoenix Suns,OKC,PHX,1,KXNBAGAME-25DEC10PHXOKC-OKC,2025-12-08T16:05:00Z,2025-12-11T03:00:34.475393Z,2025-12-11T03:30:00Z,0.86,0.9,56
2025-12-10,Los Angeles Lakers,San Antonio Spurs,LAL,SAS,0,KXNBAGAME-25DEC10SASLAL-LAL,2025-12-08T19:05:00Z,2025-12-11T05:49:47.946541Z,2025-12-11T06:00:00Z,0.63,0.72,56
2025-12-11,Houston Rockets,LA Clippers,HOU,LAC,1,KXNBAGAME-25DEC11LACHOU-HOU,2025-12-09T16:05:00Z,2025-12-12T04:54:30.762183Z,2025-12-12T04:00:00Z,0.87,0.78,57
2025-12-11,Milwaukee Bucks,Boston Celtics,MIL,BOS,1,KXNBAGAME-25DEC11BOSMIL-MIL,2025-12-09T16:05:00Z,2025-12-12T04:54:31.636021Z,2025-12-12T04:00:00Z,0.27,0.22,57
2025-12-11,New Orleans Pelicans,Portland Trail Blazers,NOP,POR,1,KXNBAGAME-25DEC11PORNOP-NOP,2025-12-09T16:05:00Z,2025-12-12T04:54:31.784302Z,2025-12-12T04:00:00Z,0.27,0.39,57
2025-12-11,Sacramento Kings,Denver Nuggets,SAC,DEN,0,KXNBAGAME-25DEC11DENSAC-SAC,2025-12-09T19:05:00Z,2025-12-12T05:24:31.572049Z,2025-12-12T06:00:00Z,0.29,0.19,56
2025-12-12,Golden State Warriors,Minnesota Timberwolves,GSW,MIN,0,KXNBAGAME-25DEC12MINGSW-GSW,2025-12-10T19:06:00Z,2025-12-13T05:54:28.731257Z,2025-12-13T06:00:00Z,0.47,0.65,55
2025-12-12,Dallas Mavericks,Brooklyn Nets,DAL,BKN,1,KXNBAGAME-25DEC12BKNDAL-DAL,2025-12-10T19:06:00Z,2025-12-13T04:04:32.927423Z,2025-12-13T04:30:00Z,0.84,0.74,53
2025-12-12,Memphis Grizzlies,Utah Jazz,MEM,UTA,0,KXNBAGAME-25DEC12UTAMEM-MEM,2025-12-10T16:06:00Z,2025-12-13T03:54:34.582907Z,2025-12-13T04:00:00Z,0.72,0.71,56
2025-12-12,Washington Wizards,Cleveland Cavaliers,WAS,CLE,0,KXNBAGAME-25DEC12CLEWAS-WAS,2025-12-10T16:05:00Z,2025-12-13T02:54:36.672108Z,2025-12-13T03:00:00Z,0.17,0.09,55
2025-12-12,Philadelphia 76ers,Indiana Pacers,PHI,IND,1,KXNBAGAME-25DEC12INDPHI-PHI,2025-12-10T16:06:00Z,2025-12-13T02:50:22.484957Z,2025-12-13T03:00:00Z,0.73,0.68,55
2025-12-12,Detroit Pistons,Atlanta Hawks,DET,ATL,1,KXNBAGAME-25DEC12ATLDET-DET,2025-12-10T16:05:00Z,2025-12-13T03:00:53.736411Z,2025-12-13T03:00:00Z,0.69,0.72,55
2025-12-12,Charlotte Hornets,Chicago Bulls,CHA,CHI,0,KXNBAGAME-25DEC12CHICHA-CHA,2025-12-10T16:06:00Z,2025-12-13T02:40:21.854314Z,2025-12-13T03:00:00Z,0.49,0.44,55
2025-12-14,Indiana Pacers,Washington Wizards,IND,WAS,0,KXNBAGAME-25DEC14WASIND-IND,2025-12-12T13:06:00Z,2025-12-14T22:50:01.101493Z,2025-12-14T23:00:00Z,0.15,0.8,55
2025-12-14,Atlanta Hawks,Philadelphia 76ers,ATL,PHI,1,KXNBAGAME-25DEC14PHIATL-ATL,2025-12-12T16:06:00Z,2025-12-15T01:44:42.986392Z,2025-12-15T02:00:00Z,0.58,0.62,55
2025-12-14,Cleveland Cavaliers,Charlotte Hornets,CLE,CHA,0,KXNBAGAME-25DEC14CHACLE-CLE,2025-12-12T13:06:00Z,2025-12-14T23:30:48.682855Z,2025-12-14T23:30:00Z,0.86,0.84,55
2025-12-14,Brooklyn Nets,Milwaukee Bucks,BKN,MIL,1,KXNBAGAME-25DEC14MILBKN-BKN,2025-12-12T16:06:00Z,2025-12-15T01:24:43.542389Z,2025-12-15T02:00:00Z,0.5,0.49,55
2025-12-14,Minnesota Timberwolves,Sacramento Kings,MIN,SAC,1,KXNBAGAME-25DEC14SACMIN-MIN,2025-12-12T16:06:00Z,2025-12-15T02:34:39.453431Z,2025-12-15T03:00:00Z,0.79,0.8,56
2025-12-14,Portland Trail Blazers,Golden State Warriors,POR,GSW,1,KXNBAGAME-25DEC14GSWPOR-POR,2025-12-12T19:06:00Z,2025-12-15T04:50:14.185548Z,2025-12-15T05:00:00Z,0.46,0.35,55
2025-12-14,Chicago Bulls,New Orleans Pelicans,CHI,NOP,0,KXNBAGAME-25DEC14NOPCHI-CHI,2025-12-12T16:06:00Z,2025-12-15T02:50:14.729386Z,2025-12-15T03:00:00Z,0.71,0.64,56
2025-12-14,Phoenix Suns,Los Angeles Lakers,PHX,LAL,0,KXNBAGAME-25DEC14LALPHX-PHX,2025-12-12T16:06:00Z,2025-12-15T04:10:11.578568Z,2025-12-15T04:00:00Z,0.4,0.54,57
2025-12-15,Miami Heat,Toronto Raptors,MIA,TOR,0,KXNBAGAME-25DEC15TORMIA-MIA,2025-12-13T16:06:00Z,2025-12-16T03:14:33.352664Z,2025-12-16T03:30:00Z,0.6,0.66,55
2025-12-15,LA Clippers,Memphis Grizzlies,LAC,MEM,0,KXNBAGAME-25DEC15MEMLAC-LAC,2025-12-13T19:06:00Z,2025-12-16T05:59:51.216237Z,2025-12-16T06:30:00Z,0.61,0.66,56
2025-12-15,Utah Jazz,Dallas Mavericks,UTA,DAL,1,KXNBAGAME-25DEC15DALUTA-UTA,2025-12-13T19:06:00Z,2025-12-16T05:10:02.128462Z,2025-12-16T05:00:00Z,0.49,0.49,53
2025-12-15,Boston Celtics,Detroit Pistons,BOS,DET,0,KXNBAGAME-25DEC15DETBOS-BOS,2025-12-13T16:06:00Z,2025-12-16T03:00:19.918994Z,2025-12-16T03:00:00Z,0.16,0.53,56
2025-12-15,Denver Nuggets,Houston Rockets,DEN,HOU,1,KXNBAGAME-25DEC15HOUDEN-DEN,2025-12-13T19:06:00Z,2025-12-16T05:39:46.886369Z,2025-12-16T05:30:00Z,0.56,0.5,55
2025-12-17,Chicago Bulls,Cleveland Cavaliers,CHI,CLE,1,KXNBAGAME-25DEC17CLECHI-CHI,2025-12-15T16:05:00Z,2025-12-18T03:41:05.137345Z,2025-12-18T04:00:00Z,0.39,0.35,57
2025-12-17,Minnesota Timberwolves,Memphis Grizzlies,MIN,MEM,0,KXNBAGAME-25DEC17MEMMIN-MIN,2025-12-15T16:05:00Z,2025-12-18T04:14:45.985537Z,2025-12-18T04:00:00Z,0.71,0.71,57
2025-12-18,Portland Trail Blazers,Sacramento Kings,POR,SAC,1,KXNBAGAME-25DEC18SACPOR-POR,2025-12-17T04:06:00Z,2025-12-19T06:14:32.39859Z,2025-12-19T06:00:00Z,0.78,0.74,46
2025-12-18,Utah Jazz,Los Angeles Lakers,UTA,LAL,0,KXNBAGAME-25DEC18LALUTA-UTA,2025-12-17T04:06:00Z,2025-12-19T05:01:24.294483Z,2025-12-19T05:00:00Z,0.35,0.23,46
2025-12-18,Phoenix Suns,Golden State Warriors,PHX,GSW,1,KXNBAGAME-25DEC18GSWPHX-PHX,2025-12-17T04:06:00Z,2025-12-19T05:34:26.172128Z,2025-12-19T05:00:00Z,0.51,0.45,45
2025-12-18,Denver Nuggets,Orlando Magic,DEN,ORL,1,KXNBAGAME-25DEC18ORLDEN-DEN,2025-12-17T04:06:00Z,2025-12-19T04:34:39.007528Z,2025-12-19T05:00:00Z,0.71,0.7,45
2025-12-18,Dallas Mavericks,Detroit Pistons,DAL,DET,1,KXNBAGAME-25DEC18DETDAL-DAL,2025-12-17T04:06:00Z,2025-12-19T05:01:24.588679Z,2025-12-19T04:30:00Z,0.32,0.34,45
2025-12-18,New Orleans Pelicans,Houston Rockets,NOP,HOU,1,KXNBAGAME-25DEC18HOUNOP-NOP,2025-12-17T04:05:00Z,2025-12-19T04:05:15.15932Z,2025-12-19T04:00:00Z,0.21,0.23,45
2025-12-18,Brooklyn Nets,Miami Heat,BKN,MIA,0,KXNBAGAME-25DEC18MIABKN-BKN,2025-12-17T04:05:00Z,2025-12-19T03:10:58.14369Z,2025-12-19T03:30:00Z,0.27,0.3,44
2025-12-18,Indiana Pacers,New York Knicks,IND,NYK,0,KXNBAGAME-25DEC18NYKIND-IND,2025-12-17T04:05:00Z,2025-12-19T02:44:59.016873Z,2025-12-19T03:00:00Z,0.22,0.41,43
2025-12-18,Charlotte Hornets,Atlanta Hawks,CHA,ATL,1,KXNBAGAME-25DEC18ATLCHA-CHA,2025-12-17T04:05:00Z,2025-12-19T02:41:14.288085Z,2025-12-19T03:00:00Z,0.35,0.38,44
2025-12-18,San Antonio Spurs,Washington Wizards,SAS,WAS,1,KXNBAGAME-25DEC18WASSAS-SAS,2025-12-17T04:05:00Z,2025-12-19T04:11:03.23008Z,2025-12-19T04:00:00Z,0.88,0.9,44
2025-12-18,Oklahoma City Thunder,LA Clippers,OKC,LAC,1,KXNBAGAME-25DEC18LACOKC-OKC,2025-12-17T04:05:00Z,2025-12-19T03:34:45.383772Z,2025-12-19T04:00:00Z,0.91,0.92,45
2025-12-18,Milwaukee Bucks,Toronto Raptors,MIL,TOR,0,KXNBAGAME-25DEC18TORMIL-MIL,2025-12-17T04:06:00Z,2025-12-19T04:00:45.363058Z,2025-12-19T04:00:00Z,0.37,0.38,45
2025-12-19,Minnesota Timberwolves,Oklahoma City Thunder,MIN,OKC,1,KXNBAGAME-25DEC19OKCMIN-MIN,2025-12-17T19:06:00Z,2025-12-20T05:29:42.660737Z,2025-12-20T05:30:00Z,0.27,0.31,54
2025-12-19,Boston Celtics,Miami Heat,BOS,MIA,1,KXNBAGAME-25DEC19MIABOS-BOS,2025-12-17T16:06:00Z,2025-12-20T02:44:36.584012Z,2025-12-20T03:00:00Z,0.63,0.73,55
2025-12-19,New York Knicks,Philadelphia 76ers,NYK,PHI,0,KXNBAGAME-25DEC19PHINYK-NYK,2025-12-17T16:06:00Z,2025-12-20T02:54:29.847866Z,2025-12-20T03:00:00Z,0.28,0.7,55
2025-12-19,Atlanta Hawks,San Antonio Spurs,ATL,SAS,0,KXNBAGAME-25DEC19SASATL-ATL,2025-12-17T16:06:00Z,2025-12-20T02:50:15.214983Z,2025-12-20T03:30:00Z,0.21,0.4,55
2025-12-19,Cleveland Cavaliers,Chicago Bulls,CLE,CHI,0,KXNBAGAME-25DEC19CHICLE-CLE,2025-12-17T16:06:00Z,2025-12-20T03:04:30.010911Z,2025-12-20T03:30:00Z,0.67,0.62,54
2025-12-20,Sacramento Kings,Portland Trail Blazers,SAC,POR,0,KXNBAGAME-25DEC20PORSAC-SAC,2025-12-18T19:06:00Z,2025-12-21T06:14:35.114902Z,2025-12-21T06:00:00Z,0.47,0.4,55
2025-12-20,LA Clippers,Los Angeles Lakers,LAC,LAL,1,KXNBAGAME-25DEC20LALLAC-LAC,2025-12-18T19:06:00Z,2025-12-21T06:14:34.795206Z,2025-12-21T06:30:00Z,0.3,0.47,55
2025-12-20,Utah Jazz,Orlando Magic,UTA,ORL,0,KXNBAGAME-25DEC20ORLUTA-UTA,2025-12-18T19:06:00Z,2025-12-21T05:44:28.861385Z,2025-12-21T05:30:00Z,0.19,0.28,55
2025-12-20,Memphis Grizzlies,Washington Wizards,MEM,WAS,0,KXNBAGAME-25DEC20WASMEM-MEM,2025-12-18T16:06:00Z,2025-12-21T03:44:34.70298Z,2025-12-21T04:00:00Z,0.78,0.83,57
2025-12-20,Golden State Warriors,Phoenix Suns,GSW,PHX,1,KXNBAGAME-25DEC20PHXGSW-GSW,2025-12-18T19:06:00Z,2025-12-21T04:24:31.507005Z,2025-12-21T04:30:00Z,0.58,0.68,54
2025-12-20,New Orleans Pelicans,Indiana Pacers,NOP,IND,1,KXNBAGAME-25DEC20INDNOP-NOP,2025-12-18T16:06:00Z,2025-12-21T03:00:18.882957Z,2025-12-21T03:00:00Z,0.3,0.57,56
2025-12-20,Detroit Pistons,Charlotte Hornets,DET,CHA,1,KXNBAGAME-25DEC20CHADET-DET,2025-12-18T16:06:00Z,2025-12-21T03:30:21.984226Z,2025-12-21T03:30:00Z,0.8,0.81,55
2025-12-20,Toronto Raptors,Boston Celtics,TOR,BOS,0,KXNBAGAME-25DEC20BOSTOR-TOR,2025-12-18T16:06:00Z,2025-12-21T02:34:54.593804Z,2025-12-21T03:00:00Z,0.51,0.54,56
2025-12-20,Philadelphia 76ers,Dallas Mavericks,PHI,DAL,1,KXNBAGAME-25DEC20DALPHI-PHI,2025-12-18T16:06:00Z,2025-12-21T02:34:54.669547Z,2025-12-21T03:00:00Z,0.67,0.54,56
2025-12-20,Denver Nuggets,Houston Rockets,DEN,HOU,0,KXNBAGAME-25DEC20HOUDEN-DEN,2025-12-18T13:06:00Z,2025-12-21T00:50:25.3438Z,2025-12-21T01:00:00Z,0.58,0.48,57
2025-12-21,Atlanta Hawks,Chicago Bulls,ATL,CHI,0,KXNBAGAME-25DEC21CHIATL-ATL,2025-12-19T13:05:00Z,2025-12-21T23:20:19.213981Z,2025-12-21T23:30:00Z,0.68,0.62,55
2025-12-21,Brooklyn Nets,Toronto Raptors,BKN,TOR,1,KXNBAGAME-25DEC21TORBKN-BKN,2025-12-19T16:06:00Z,2025-12-22T01:30:21.696679Z,2025-12-22T02:00:00Z,0.37,0.41,55
2025-12-21,New York Knicks,Miami Heat,NYK,MIA,1,KXNBAGAME-25DEC21MIANYK-NYK,2025-12-19T16:06:00Z,2025-12-22T01:40:30.976484Z,2025-12-22T02:00:00Z,0.68,0.72,55
2025-12-21,Washington Wizards,San Antonio Spurs,WAS,SAS,0,KXNBAGAME-25DEC21SASWAS-WAS,2025-12-19T16:06:00Z,2025-12-22T02:49:42.91859Z,2025-12-22T03:00:00Z,0.14,0.1,56
2025-12-21,Minnesota Timberwolves,Milwaukee Bucks,MIN,MIL,1,KXNBAGAME-25DEC21MILMIN-MIN,2025-12-19T16:06:00Z,2025-12-22T02:44:34.059086Z,2025-12-22T03:00:00Z,0.42,0.84,56
2025-12-21,Sacramento Kings,Houston Rockets,SAC,HOU,1,KXNBAGAME-25DEC21HOUSAC-SAC,2025-12-19T19:06:00Z,2025-12-22T06:00:04.319568Z,2025-12-22T06:00:00Z,0.35,0.18,56
2025-12-22,Portland Trail Blazers,Detroit Pistons,POR,DET,0,KXNBAGAME-25DEC22DETPOR-POR,2025-12-20T19:06:00Z,2025-12-23T06:00:35.085833Z,2025-12-23T06:00:00Z,0.42,0.32,56
2025-12-22,Golden State Warriors,Orlando Magic,GSW,ORL,1,KXNBAGAME-25DEC22ORLGSW-GSW,2025-12-20T19:06:00Z,2025-12-23T05:44:28.622448Z,2025-12-23T06:00:00Z,0.63,0.68,54
2025-12-22,Oklahoma City Thunder,Memphis Grizzlies,OKC,MEM,1,KXNBAGAME-25DEC22MEMOKC-OKC,2025-12-20T19:06:00Z,2025-12-23T05:09:41.840704Z,2025-12-23T05:30:00Z,0.87,0.9,54
2025-12-22,Cleveland Cavaliers,Charlotte Hornets,CLE,CHA,1,KXNBAGAME-25DEC22CHACLE-CLE,2025-12-20T16:06:00Z,2025-12-23T03:00:39.393619Z,2025-12-23T03:00:00Z,0.76,0.76,56
2025-12-22,New Orleans Pelicans,Dallas Mavericks,NOP,DAL,1,KXNBAGAME-25DEC22DALNOP-NOP,2025-12-20T16:06:00Z,2025-12-23T03:39:46.09021Z,2025-12-23T04:00:00Z,0.45,0.49,57
2025-12-22,Boston Celtics,Indiana Pacers,BOS,IND,1,KXNBAGAME-25DEC22INDBOS-BOS,2025-12-20T16:06:00Z,2025-12-23T03:00:38.49992Z,2025-12-23T03:30:00Z,0.78,0.84,56
2025-12-22,Denver Nuggets,Utah Jazz,DEN,UTA,1,KXNBAGAME-25DEC22UTADEN-DEN,2025-12-20T19:06:00Z,2025-12-23T04:44:31.12941Z,2025-12-23T05:00:00Z,0.73,0.85,55
2025-12-23,San Antonio Spurs,Oklahoma City Thunder,SAS,OKC,1,KXNBAGAME-25DEC23OKCSAS-SAS,2025-12-21T19:06:00Z,2025-12-24T04:14:41.405399Z,2025-12-24T04:30:00Z,0.33,0.33,54
2025-12-23,Sacramento Kings,Detroit Pistons,SAC,DET,0,KXNBAGAME-25DEC23DETSAC-SAC,2025-12-21T19:06:00Z,2025-12-24T06:00:04.271701Z,2025-12-24T06:00:00Z,0.35,0.21,56
2025-12-23,Portland Trail Blazers,Orlando Magic,POR,ORL,0,KXNBAGAME-25DEC23ORLPOR-POR,2025-12-21T19:06:00Z,2025-12-24T05:39:58.178743Z,2025-12-24T06:00:00Z,0.7,0.49,56
2025-12-23,LA Clippers,Houston Rockets,LAC,HOU,1,KXNBAGAME-25DEC23HOULAC-LAC,2025-12-21T19:06:00Z,2025-12-24T06:09:45.618125Z,2025-12-24T06:30:00Z,0.44,0.29,56
2025-12-23,Phoenix Suns,Los Angeles Lakers,PHX,LAL,1,KXNBAGAME-25DEC23LALPHX-PHX,2025-12-21T19:06:00Z,2025-12-24T04:39:47.248718Z,2025-12-24T05:00:00Z,0.57,0.58,55
2025-12-23,Minnesota Timberwolves,New York Knicks,MIN,NYK,1,KXNBAGAME-25DEC23NYKMIN-MIN,2025-12-21T16:06:00Z,2025-12-24T03:50:02.899562Z,2025-12-24T04:00:00Z,0.51,0.7,57
2025-12-23,Utah Jazz,Memphis Grizzlies,UTA,MEM,0,KXNBAGAME-25DEC23MEMUTA-UTA,2025-12-21T19:06:00Z,2025-12-24T04:54:33.869747Z,2025-12-24T05:00:00Z,0.28,0.4,55
2025-12-23,Miami Heat,Toronto Raptors,MIA,TOR,0,KXNBAGAME-25DEC23TORMIA-MIA,2025-12-21T16:06:00Z,2025-12-24T03:14:50.846887Z,2025-12-24T03:30:00Z,0.63,0.65,56
2025-12-23,Indiana Pacers,Milwaukee Bucks,IND,MIL,0,KXNBAGAME-25DEC23MILIND-IND,2025-12-21T16:06:00Z,2025-12-24T03:10:20.078099Z,2025-12-24T03:30:00Z,0.55,0.48,56
2025-12-23,Cleveland Cavaliers,New Orleans Pelicans,CLE,NOP,1,KXNBAGAME-25DEC23NOPCLE-CLE,2025-12-21T16:06:00Z,2025-12-24T03:10:18.801971Z,2025-12-24T03:30:00Z,0.67,0.77,55
2025-12-23,Atlanta Hawks,Chicago Bulls,ATL,CHI,0,KXNBAGAME-25DEC23CHIATL-ATL,2025-12-21T16:06:00Z,2025-12-24T03:20:08.270656Z,2025-12-24T03:30:00Z,0.5,0.58,56
2025-12-23,Philadelphia 76ers,Brooklyn Nets,PHI,BKN,0,KXNBAGAME-25DEC23BKNPHI-PHI,2025-12-21T16:06:00Z,2025-12-24T03:00:21.027361Z,2025-12-24T03:00:00Z,0.73,0.77,56
2025-12-23,Charlotte Hornets,Washington Wizards,CHA,WAS,1,KXNBAGAME-25DEC23WASCHA-CHA,2025-12-21T16:06:00Z,2025-12-24T02:40:21.209516Z,2025-12-24T03:00:00Z,0.74,0.7,56
2025-12-23,Dallas Mavericks,Denver Nuggets,DAL,DEN,1,KXNBAGAME-25DEC23DENDAL-DAL,2025-12-21T16:06:00Z,2025-12-24T03:34:41.067424Z,2025-12-24T04:00:00Z,0.4,0.32,57
2025-12-25,New York Knicks,Cleveland Cavaliers,NYK,CLE,1,KXNBAGAME-25DEC25CLENYK-NYK,2025-12-22T18:20:00Z,2025-12-25T19:54:27.817598Z,2025-12-25T20:00:00Z,0.68,0.62,70
2025-12-25,Oklahoma City Thunder,San Antonio Spurs,OKC,SAS,0,KXNBAGAME-25DEC25SASOKC-OKC,2025-12-22T18:20:00Z,2025-12-25T22:10:10.587605Z,2025-12-25T22:30:00Z,0.79,0.76,73
2025-12-25,Golden State Warriors,Dallas Mavericks,GSW,DAL,1,KXNBAGAME-25DEC25DALGSW-GSW,2025-12-22T18:20:00Z,2025-12-26T01:01:03.609687Z,2025-12-26T01:00:00Z,0.73,0.74,75
2025-12-25,Los Angeles Lakers,Houston Rockets,LAL,HOU,0,KXNBAGAME-25DEC25HOULAL-LAL,2025-12-22T18:20:00Z,2025-12-26T03:49:56.246482Z,2025-12-26T04:00:00Z,0.49,0.5,79
2025-12-25,Denver Nuggets,Minnesota Timberwolves,DEN,MIN,1,KXNBAGAME-25DEC25MINDEN-DEN,2025-12-22T18:20:00Z,2025-12-26T07:04:24.416899Z,2025-12-26T06:30:00Z,0.61,0.5,80
2025-12-26,Portland Trail Blazers,LA Clippers,POR,LAC,0,KXNBAGAME-25DEC26LACPOR-POR,2025-12-24T19:05:00Z,2025-12-27T05:50:02.860326Z,2025-12-27T06:00:00Z,0.56,0.46,55
2025-12-26,Utah Jazz,Detroit Pistons,UTA,DET,1,KXNBAGAME-25DEC26DETUTA-UTA,2025-12-24T19:05:00Z,2025-12-27T05:19:45.680338Z,2025-12-27T05:30:00Z,0.27,0.23,54
2025-12-26,New Orleans Pelicans,Phoenix Suns,NOP,PHX,0,KXNBAGAME-25DEC26PHXNOP-NOP,2025-12-24T16:05:00Z,2025-12-27T03:54:29.131724Z,2025-12-27T04:00:00Z,0.4,0.37,56
2025-12-26,Memphis Grizzlies,Milwaukee Bucks,MEM,MIL,1,KXNBAGAME-25DEC26MILMEM-MEM,2025-12-24T16:05:00Z,2025-12-27T03:44:30.419432Z,2025-12-27T04:00:00Z,0.64,0.63,56
2025-12-26,Indiana Pacers,Boston Celtics,IND,BOS,0,KXNBAGAME-25DEC26BOSIND-IND,2025-12-24T16:05:00Z,2025-12-27T02:44:43.665276Z,2025-12-27T03:00:00Z,0.3,0.27,55
2025-12-26,Washington Wizards,Toronto Raptors,WAS,TOR,1,KXNBAGAME-25DEC26TORWAS-WAS,2025-12-24T16:05:00Z,2025-12-27T02:34:40.339525Z,2025-12-27T03:00:00Z,0.25,0.26,55
2025-12-26,Orlando Magic,Charlotte Hornets,ORL,CHA,0,KXNBAGAME-25DEC26CHAORL-ORL,2025-12-24T16:05:00Z,2025-12-27T02:44:43.312833Z,2025-12-27T03:00:00Z,0.74,0.68,55
2025-12-26,Atlanta Hawks,Miami Heat,ATL,MIA,0,KXNBAGAME-25DEC26MIAATL-ATL,2025-12-24T16:05:00Z,2025-12-27T02:30:36.244964Z,2025-12-27T03:00:00Z,0.55,0.59,55
2025-12-26,Chicago Bulls,Philadelphia 76ers,CHI,PHI,1,KXNBAGAME-25DEC26PHICHI-CHI,2025-12-24T16:05:00Z,2025-12-27T03:20:17.091856Z,2025-12-27T03:30:00Z,0.54,0.49,55
2025-12-27,Sacramento Kings,Dallas Mavericks,SAC,DAL,1,KXNBAGAME-25DEC27DALSAC-SAC,2025-12-25T13:06:00Z,2025-12-28T00:24:41.85528Z,2025-12-28T01:00:00Z,0.4,0.44,57
2025-12-27,Orlando Magic,Denver Nuggets,ORL,DEN,1,KXNBAGAME-25DEC27DENORL-ORL,2025-12-25T16:06:00Z,2025-12-28T03:19:55.274947Z,2025-12-28T03:00:00Z,0.38,0.4,54
2025-12-27,New Orleans Pelicans,Phoenix Suns,NOP,PHX,0,KXNBAGAME-25DEC27PHXNOP-NOP,2025-12-25T16:06:00Z,2025-12-28T03:10:20.747598Z,2025-12-28T03:00:00Z,0.43,0.37,56
2025-12-27,Atlanta Hawks,New York Knicks,ATL,NYK,0,KXNBAGAME-25DEC27NYKATL-ATL,2025-12-25T16:06:00Z,2025-12-28T03:55:08.499709Z,2025-12-28T04:00:00Z,0.4,0.34,57
2025-12-27,Miami Heat,Indiana Pacers,MIA,IND,1,KXNBAGAME-25DEC27INDMIA-MIA,2025-12-25T16:06:00Z,2025-12-28T03:50:17.822264Z,2025-12-28T04:00:00Z,0.8,0.71,57
2025-12-27,Chicago Bulls,Milwaukee Bucks,CHI,MIL,0,KXNBAGAME-25DEC27MILCHI-CHI,2025-12-25T16:06:00Z,2025-12-28T04:00:44.204537Z,2025-12-28T04:00:00Z,0.67,0.56,57
2025-12-27,Houston Rockets,Cleveland Cavaliers,HOU,CLE,1,KXNBAGAME-25DEC27CLEHOU-HOU,2025-12-25T16:06:00Z,2025-12-28T03:40:37.34178Z,2025-12-28T04:00:00Z,0.68,0.56,57
2025-12-27,Minnesota Timberwolves,Brooklyn Nets,MIN,BKN,0,KXNBAGAME-25DEC27BKNMIN-MIN,2025-12-25T16:06:00Z,2025-12-28T03:35:18.110264Z,2025-12-28T04:00:00Z,0.87,0.84,57
2025-12-27,San Antonio Spurs,Utah Jazz,SAS,UTA,0,KXNBAGAME-25DEC27UTASAS-SAS,2025-12-25T16:06:00Z,2025-12-28T03:44:33.856566Z,2025-12-28T04:00:00Z,0.8,0.86,57
2025-12-28,LA Clippers,Detroit Pistons,LAC,DET,1,KXNBAGAME-25DEC28DETLAC-LAC,2025-12-26T19:06:00Z,2025-12-29T05:04:25.942686Z,2025-12-29T05:00:00Z,0.34,0.4,55
2025-12-28,Portland Trail Blazers,Boston Celtics,POR,BOS,1,KXNBAGAME-25DEC28BOSPOR-POR,2025-12-26T16:06:00Z,2025-12-29T01:49:40.573251Z,2025-12-29T02:00:00Z,0.37,0.31,55
2025-12-28,Los Angeles Lakers,Sacramento Kings,LAL,SAC,1,KXNBAGAME-25DEC28SACLAL-LAL,2025-12-26T19:06:00Z,2025-12-29T05:14:31.067292Z,2025-12-29T05:30:00Z,0.82,0.81,55
2025-12-28,Oklahoma City Thunder,Philadelphia 76ers,OKC,PHI,1,KXNBAGAME-25DEC28PHIOKC-OKC,2025-12-26T13:06:00Z,2025-12-28T23:04:35.740197Z,2025-12-28T23:30:00Z,0.84,0.87,55
2025-12-28,Toronto Raptors,Golden State Warriors,TOR,GSW,1,KXNBAGAME-25DEC28GSWTOR-TOR,2025-12-26T13:06:00Z,2025-12-28T23:24:31.340122Z,2025-12-28T23:30:00Z,0.53,0.39,55
2025-12-28,Washington Wizards,Memphis Grizzlies,WAS,MEM,1,KXNBAGAME-25DEC28MEMWAS-WAS,2025-12-26T16:06:00Z,2025-12-29T01:49:40.961338Z,2025-12-29T02:00:00Z,0.33,0.29,55
2025-12-29,Oklahoma City Thunder,Atlanta Hawks,OKC,ATL,1,KXNBAGAME-25DEC29ATLOKC-OKC,2025-12-27T16:06:00Z,2025-12-30T04:00:14.288924Z,2025-12-30T04:00:00Z,0.8,0.91,57
2025-12-29,Houston Rockets,Indiana Pacers,HOU,IND,1,KXNBAGAME-25DEC29INDHOU-HOU,2025-12-27T16:06:00Z,2025-12-30T03:35:10.572484Z,2025-12-30T04:00:00Z,0.8,0.85,57
2025-12-29,Portland Trail Blazers,Dallas Mavericks,POR,DAL,1,KXNBAGAME-25DEC29DALPOR-POR,2025-12-27T19:06:00Z,2025-12-30T06:29:49.813669Z,2025-12-30T06:30:00Z,0.61,0.57,56
2025-12-29,San Antonio Spurs,Cleveland Cavaliers,SAS,CLE,0,KXNBAGAME-25DEC29CLESAS-SAS,2025-12-27T16:06:00Z,2025-12-30T04:09:48.148631Z,2025-12-30T04:00:00Z,0.64,0.6,57
2025-12-29,Chicago Bulls,Minnesota Timberwolves,CHI,MIN,0,KXNBAGAME-25DEC29MINCHI-CHI,2025-12-27T16:06:00Z,2025-12-30T03:44:38.096512Z,2025-12-30T04:00:00Z,0.4,0.34,57
2025-12-29,New Orleans Pelicans,New York Knicks,NOP,NYK,0,KXNBAGAME-25DEC29NYKNOP-NOP,2025-12-27T16:06:00Z,2025-12-30T04:00:14.193291Z,2025-12-30T04:00:00Z,0.29,0.26,57
2025-12-29,Miami Heat,Denver Nuggets,MIA,DEN,1,KXNBAGAME-25DEC29DENMIA-MIA,2025-12-27T16:06:00Z,2025-12-30T03:00:55.333392Z,2025-12-30T03:30:00Z,0.35,0.46,56
2025-12-29,Charlotte Hornets,Milwaukee Bucks,CHA,MIL,0,KXNBAGAME-25DEC29MILCHA-CHA,2025-12-27T16:06:00Z,2025-12-30T02:35:22.573715Z,2025-12-30T03:00:00Z,0.6,0.43,56
2025-12-29,Washington Wizards,Phoenix Suns,WAS,PHX,0,KXNBAGAME-25DEC29PHXWAS-WAS,2025-12-27T16:06:00Z,2025-12-30T02:24:55.735835Z,2025-12-30T03:00:00Z,0.33,0.22,56
2025-12-29,Toronto Raptors,Orlando Magic,TOR,ORL,1,KXNBAGAME-25DEC29ORLTOR-TOR,2025-12-27T16:06:00Z,2025-12-30T03:20:08.120115Z,2025-12-30T03:30:00Z,0.53,0.49,56
2025-12-29,Brooklyn Nets,Golden State Warriors,BKN,GSW,0,KXNBAGAME-25DEC29GSWBKN-BKN,2025-12-27T16:06:00Z,2025-12-30T03:15:10.566233Z,2025-12-30T03:30:00Z,0.32,0.34,56
2025-12-30,Memphis Grizzlies,Philadelphia 76ers,MEM,PHI,0,KXNBAGAME-25DEC30PHIMEM-MEM,2025-12-28T16:06:00Z,2025-12-31T04:00:39.591077Z,2025-12-31T04:00:00Z,0.6,0.48,57
2025-12-30,Utah Jazz,Boston Celtics,UTA,BOS,0,KXNBAGAME-25DEC30BOSUTA-UTA,2025-12-28T19:06:00Z,2025-12-31T04:40:09.292448Z,2025-12-31T05:00:00Z,0.34,0.29,54
2025-12-30,Los Angeles Lakers,Detroit Pistons,LAL,DET,0,KXNBAGAME-25DEC30DETLAL-LAL,2025-12-28T19:06:00Z,2025-12-31T06:39:50.876355Z,2025-12-31T06:30:00Z,0.46,0.44,56
2025-12-30,LA Clippers,Sacramento Kings,LAC,SAC,1,KXNBAGAME-25DEC30SACLAC-LAC,2025-12-28T19:06:00Z,2025-12-31T06:30:15.093783Z,2025-12-31T07:00:00Z,0.66,0.78,57
2025-12-31,Oklahoma City Thunder,Portland Trail Blazers,OKC,POR,1,KXNBAGAME-25DEC31POROKC-OKC,2025-12-29T16:06:00Z,2026-01-01T03:30:31.530117Z,2026-01-01T04:00:00Z,0.8,0.89,57
2025-12-31,Milwaukee Bucks,Washington Wizards,MIL,WAS,0,KXNBAGAME-25DEC31WASMIL-MIL,2025-12-29T16:06:00Z,2026-01-01T03:34:29.408154Z,2026-01-01T04:00:00Z,0.71,0.81,57
2025-12-31,San Antonio Spurs,New York Knicks,SAS,NYK,1,KXNBAGAME-25DEC31NYKSAS-SAS,2025-12-29T16:06:00Z,2026-01-01T03:10:05.711367Z,2026-01-01T03:00:00Z,0.61,0.61,56
2025-12-31,Chicago Bulls,New Orleans Pelicans,CHI,NOP,1,KXNBAGAME-25DEC31NOPCHI-CHI,2025-12-29T16:06:00Z,2026-01-01T02:40:18.272084Z,2026-01-01T03:00:00Z,0.7,0.55,56
2025-12-31,Toronto Raptors,Denver Nuggets,TOR,DEN,0,KXNBAGAME-25DEC31DENTOR-TOR,2025-12-29T16:06:00Z,2026-01-01T03:14:38.311436Z,2026-01-01T03:30:00Z,0.51,0.7,56
2025-12-31,Indiana Pacers,Orlando Magic,IND,ORL,0,KXNBAGAME-25DEC31ORLIND-IND,2025-12-29T13:06:00Z,2025-12-31T23:00:05.286855Z,2025-12-31T23:00:00Z,0.32,0.38,55
2025-12-31,Atlanta Hawks,Minnesota Timberwolves,ATL,MIN,1,KXNBAGAME-25DEC31MINATL-ATL,2025-12-29T13:06:00Z,2025-12-31T22:30:19.439336Z,2025-12-31T23:00:00Z,0.37,0.35,55
2025-12-31,Charlotte Hornets,Golden State Warriors,CHA,GSW,0,KXNBAGAME-25DEC31GSWCHA-CHA,2025-12-29T10:06:00Z,2025-12-31T20:40:21.072856Z,2025-12-31T21:00:00Z,0.39,0.28,56
2025-12-31,Cleveland Cavaliers,Phoenix Suns,CLE,PHX,1,KXNBAGAME-25DEC31PHXCLE-CLE,2025-12-29T13:06:00Z,2025-12-31T23:14:46.624602Z,2025-12-31T23:30:00Z,0.6,0.7,54
2026-01-01,Brooklyn Nets,Houston Rockets,BKN,HOU,0,KXNBAGAME-26JAN01HOUBKN-BKN,2025-12-30T19:06:00Z,2026-01-02T01:30:39.591094Z,2026-01-02T02:00:00Z,0.26,0.18,51
2026-01-01,Detroit Pistons,Miami Heat,DET,MIA,0,KXNBAGAME-26JAN01MIADET-DET,2025-12-30T16:06:00Z,2026-01-02T02:54:30.647911Z,2026-01-02T03:00:00Z,0.65,0.64,55
2026-01-01,Dallas Mavericks,Philadelphia 76ers,DAL,PHI,0,KXNBAGAME-26JAN01PHIDAL-DAL,2025-12-30T19:06:00Z,2026-01-02T03:54:50.795351Z,2026-01-02T04:30:00Z,0.45,0.45,53
2026-01-01,Sacramento Kings,Boston Celtics,SAC,BOS,0,KXNBAGAME-26JAN01BOSSAC-SAC,2025-12-30T19:06:00Z,2026-01-02T05:39:56.996156Z,2026-01-02T06:00:00Z,0.27,0.21,56
2026-01-01,LA Clippers,Utah Jazz,LAC,UTA,1,KXNBAGAME-26JAN01UTALAC-LAC,2025-12-30T19:06:00Z,2026-01-02T06:14:31.694373Z,2026-01-02T06:30:00Z,0.69,0.86,53
2026-01-02,New Orleans Pelicans,Portland Trail Blazers,NOP,POR,0,KXNBAGAME-26JAN02PORNOP-NOP,2025-12-31T16:06:00Z,2026-01-03T03:44:38.419359Z,2026-01-03T04:00:00Z,0.43,0.41,56
2026-01-02,Los Angeles Lakers,Memphis Grizzlies,LAL,MEM,1,KXNBAGAME-26JAN02MEMLAL-LAL,2025-12-31T19:06:00Z,2026-01-03T06:24:28.39596Z,2026-01-03T06:30:00Z,0.61,0.64,55
2026-01-02,Phoenix Suns,Sacramento Kings,PHX,SAC,1,KXNBAGAME-26JAN02SACPHX-PHX,2025-12-31T19:06:00Z,2026-01-03T04:50:34.62933Z,2026-01-03T05:00:00Z,0.82,0.86,54
2026-01-02,Milwaukee Bucks,Charlotte Hornets,MIL,CHA,1,KXNBAGAME-26JAN02CHAMIL-MIL,2025-12-31T16:06:00Z,2026-01-03T03:50:11.081626Z,2026-01-03T04:00:00Z,0.68,0.68,56
2026-01-02,Golden State Warriors,Oklahoma City Thunder,GSW,OKC,0,KXNBAGAME-26JAN02OKCGSW-GSW,2025-12-31T19:06:00Z,2026-01-03T05:50:01.9806Z,2026-01-03T06:00:00Z,0.25,0.15,55
2026-01-02,New York Knicks,Atlanta Hawks,NYK,ATL,0,KXNBAGAME-26JAN02ATLNYK-NYK,2025-12-31T16:06:00Z,2026-01-03T03:20:15.789882Z,2026-01-03T03:30:00Z,0.71,0.69,54
2026-01-02,Cleveland Cavaliers,Denver Nuggets,CLE,DEN,1,KXNBAGAME-26JAN02DENCLE-CLE,2025-12-31T16:06:00Z,2026-01-03T03:14:43.842069Z,2026-01-03T03:30:00Z,0.79,0.86,55
2026-01-02,Washington Wizards,Brooklyn Nets,WAS,BKN,1,KXNBAGAME-26JAN02BKNWAS-WAS,2025-12-31T16:06:00Z,2026-01-03T02:55:12.448076Z,2026-01-03T03:00:00Z,0.44,0.58,55
2026-01-02,Indiana Pacers,San Antonio Spurs,IND,SAS,0,KXNBAGAME-26JAN02SASIND-IND,2025-12-31T16:06:00Z,2026-01-03T02:50:38.341923Z,2026-01-03T03:00:00Z,0.26,0.35,55
2026-01-02,Chicago Bulls,Orlando Magic,CHI,ORL,1,KXNBAGAME-26JAN02ORLCHI-CHI,2025-12-31T16:06:00Z,2026-01-03T03:40:48.194246Z,2026-01-03T04:00:00Z,0.44,0.36,56
2026-01-03,LA Clippers,Boston Celtics,LAC,BOS,0,KXNBAGAME-26JAN03BOSLAC-LAC,2026-01-01T19:06:00Z,2026-01-04T06:00:46.906965Z,2026-01-04T06:30:00Z,0.49,0.53,56
2026-01-03,Golden State Warriors,Utah Jazz,GSW,UTA,1,KXNBAGAME-26JAN03UTAGSW-GSW,2026-01-01T19:06:00Z,2026-01-04T06:04:29.552846Z,2026-01-04T06:00:00Z,0.74,0.83,56
2026-01-03,Dallas Mavericks,Houston Rockets,DAL,HOU,1,KXNBAGAME-26JAN03HOUDAL-DAL,2026-01-01T19:06:00Z,2026-01-04T04:01:08.176006Z,2026-01-04T04:30:00Z,0.49,0.27,54
2026-01-03,San Antonio Spurs,Portland Trail Blazers,SAS,POR,0,KXNBAGAME-26JAN03PORSAS-SAS,2026-01-01T16:06:00Z,2026-01-04T03:54:30.761223Z,2026-01-04T04:00:00Z,0.79,0.75,57
2026-01-03,Chicago Bulls,Charlotte Hornets,CHI,CHA,0,KXNBAGAME-26JAN03CHACHI-CHI,2026-01-01T16:06:00Z,2026-01-04T03:34:39.937902Z,2026-01-04T04:00:00Z,0.7,0.54,57
2026-01-03,New York Knicks,Philadelphia 76ers,NYK,PHI,0,KXNBAGAME-26JAN03PHINYK-NYK,2026-01-01T16:06:00Z,2026-01-04T03:04:38.205113Z,2026-01-04T03:30:00Z,0.73,0.61,56
2026-01-03,Miami Heat,Minnesota Timberwolves,MIA,MIN,0,KXNBAGAME-26JAN03MINMIA-MIA,2026-01-01T13:06:00Z,2026-01-04T00:50:03.78115Z,2026-01-04T01:00:00Z,0.53,0.45,57
2026-01-03,Toronto Raptors,Atlanta Hawks,TOR,ATL,1,KXNBAGAME-26JAN03ATLTOR-TOR,2026-01-01T16:06:00Z,2026-01-04T03:10:25.916908Z,2026-01-04T03:30:00Z,0.62,0.64,56
2026-01-04,Los Angeles Lakers,Memphis Grizzlies,LAL,MEM,1,KXNBAGAME-26JAN04MEMLAL-LAL,2026-01-02T19:07:00Z,2026-01-05T05:24:31.876997Z,2026-01-05T05:30:00Z,0.65,0.67,55
2026-01-04,Sacramento Kings,Milwaukee Bucks,SAC,MIL,0,KXNBAGAME-26JAN04MILSAC-SAC,2026-01-02T19:06:00Z,2026-01-05T05:04:28.994566Z,2026-01-05T05:00:00Z,0.43,0.32,55
2026-01-04,Phoenix Suns,Oklahoma City Thunder,PHX,OKC,1,KXNBAGAME-26JAN04OKCPHX-PHX,2026-01-02T16:06:00Z,2026-01-05T03:44:35.155626Z,2026-01-05T04:00:00Z,0.2,0.23,57
2026-01-04,Washington Wizards,Minnesota Timberwolves,WAS,MIN,0,KXNBAGAME-26JAN04MINWAS-WAS,2026-01-02T16:06:00Z,2026-01-05T01:30:40.138487Z,2026-01-05T02:00:00Z,0.39,0.22,55
2026-01-04,Brooklyn Nets,Denver Nuggets,BKN,DEN,1,KXNBAGAME-26JAN04DENBKN-BKN,2026-01-02T13:06:00Z,2026-01-04T23:14:44.424968Z,2026-01-04T23:30:00Z,0.56,0.43,55
2026-01-04,Orlando Magic,Indiana Pacers,ORL,IND,1,KXNBAGAME-26JAN04INDORL-ORL,2026-01-02T13:06:00Z,2026-01-04T22:40:42.879978Z,2026-01-04T23:00:00Z,0.66,0.71,55
2026-01-04,Cleveland Cavaliers,Detroit Pistons,CLE,DET,0,KXNBAGAME-26JAN04DETCLE-CLE,2026-01-02T13:06:00Z,2026-01-04T21:50:45.651002Z,2026-01-04T22:00:00Z,0.58,0.59,54
2026-01-04,Miami Heat,New Orleans Pelicans,MIA,NOP,1,KXNBAGAME-26JAN04NOPMIA-MIA,2026-01-02T16:06:00Z,2026-01-05T01:30:40.076151Z,2026-01-05T02:00:00Z,0.82,0.74,55
2026-01-05,Detroit Pistons,New York Knicks,DET,NYK,1,KXNBAGAME-26JAN05NYKDET-DET,2026-01-03T16:06:00Z,2026-01-06T02:40:29.216971Z,2026-01-06T03:00:00Z,0.5,0.47,55
2026-01-05,Boston Celtics,Chicago Bulls,BOS,CHI,1,KXNBAGAME-26JAN05CHIBOS-BOS,2026-01-03T16:07:00Z,2026-01-06T02:50:06.156975Z,2026-01-06T03:30:00Z,0.8,0.81,56
2026-01-05,Toronto Raptors,Atlanta Hawks,TOR,ATL,1,KXNBAGAME-26JAN05ATLTOR-TOR,2026-01-03T16:07:00Z,2026-01-06T03:04:42.933987Z,2026-01-06T03:30:00Z,0.6,0.58,56
2026-01-05,Houston Rockets,Phoenix Suns,HOU,PHX,1,KXNBAGAME-26JAN05PHXHOU-HOU,2026-01-03T19:06:00Z,2026-01-06T03:50:20.942795Z,2026-01-06T04:00:00Z,0.74,0.73,54
2026-01-05,Oklahoma City Thunder,Charlotte Hornets,OKC,CHA,0,KXNBAGAME-26JAN05CHAOKC-OKC,2026-01-03T16:06:00Z,2026-01-06T03:40:13.083364Z,2026-01-06T04:00:00Z,0.87,0.89,57
2026-01-05,Philadelphia 76ers,Denver Nuggets,PHI,DEN,0,KXNBAGAME-26JAN05DENPHI-PHI,2026-01-03T19:06:00Z,2026-01-06T04:24:31.049215Z,2026-01-06T04:30:00Z,0.71,0.88,54
2026-01-05,LA Clippers,Golden State Warriors,LAC,GSW,1,KXNBAGAME-26JAN05GSWLAC-LAC,2026-01-03T19:06:00Z,2026-01-06T05:49:40.419233Z,2026-01-06T06:00:00Z,0.5,0.4,56
2026-01-05,Portland Trail Blazers,Utah Jazz,POR,UTA,1,KXNBAGAME-26JAN05UTAPOR-POR,2026-01-03T19:06:00Z,2026-01-06T05:34:30.127152Z,2026-01-06T06:00:00Z,0.71,0.66,56
2026-01-06,New Orleans Pelicans,Los Angeles Lakers,NOP,LAL,0,KXNBAGAME-26JAN06LALNOP-NOP,2026-01-04T16:06:00Z,2026-01-07T03:40:22.813257Z,2026-01-07T04:00:00Z,0.42,0.33,57
2026-01-06,Minnesota Timberwolves,Miami Heat,MIN,MIA,1,KXNBAGAME-26JAN06MIAMIN-MIN,2026-01-04T16:06:00Z,2026-01-07T03:34:31.431188Z,2026-01-07T04:00:00Z,0.67,0.65,57
2026-01-06,Sacramento Kings,Dallas Mavericks,SAC,DAL,0,KXNBAGAME-26JAN06DALSAC-SAC,2026-01-04T19:06:00Z,2026-01-07T06:49:59.938422Z,2026-01-07T07:00:00Z,0.29,0.37,57
2026-01-06,Washington Wizards,Orlando Magic,WAS,ORL,1,KXNBAGAME-26JAN06ORLWAS-WAS,2026-01-04T16:06:00Z,2026-01-07T02:40:29.078228Z,2026-01-07T03:00:00Z,0.34,0.29,56
2026-01-06,Memphis Grizzlies,San Antonio Spurs,MEM,SAS,1,KXNBAGAME-26JAN06SASMEM-MEM,2026-01-04T16:06:00Z,2026-01-07T03:54:31.222916Z,2026-01-07T04:00:00Z,0.39,0.32,57
2026-01-06,Indiana Pacers,Cleveland Cavaliers,IND,CLE,0,KXNBAGAME-26JAN06CLEIND-IND,2026-01-04T16:06:00Z,2026-01-07T02:34:34.298429Z,2026-01-07T03:00:00Z,0.37,0.33,56
2026-01-07,Charlotte Hornets,Toronto Raptors,CHA,TOR,0,KXNBAGAME-26JAN07TORCHA-CHA,2026-01-05T16:06:00Z,2026-01-08T02:43:38.173809Z,2026-01-08T03:00:00Z,0.46,0.43,56
2026-01-07,Detroit Pistons,Chicago Bulls,DET,CHI,1,KXNBAGAME-26JAN07CHIDET-DET,2026-01-05T16:06:00Z,2026-01-08T02:23:56.907887Z,2026-01-08T03:00:00Z,0.77,0.75,56
2026-01-07,Philadelphia 76ers,Washington Wizards,PHI,WAS,1,KXNBAGAME-26JAN07WASPHI-PHI,2026-01-05T16:06:00Z,2026-01-08T02:26:06.587823Z,2026-01-08T03:00:00Z,0.87,0.87,56
2026-01-07,Atlanta Hawks,New Orleans Pelicans,ATL,NOP,1,KXNBAGAME-26JAN07NOPATL-ATL,2026-01-05T16:06:00Z,2026-01-08T03:01:22.951955Z,2026-01-08T03:30:00Z,0.66,0.8,56
2026-01-07,Boston Celtics,Denver Nuggets,BOS,DEN,0,KXNBAGAME-26JAN07DENBOS-BOS,2026-01-05T16:06:00Z,2026-01-08T02:42:50.851344Z,2026-01-08T03:00:00Z,0.77,0.77,56
2026-01-07,Brooklyn Nets,Orlando Magic,BKN,ORL,0,KXNBAGAME-26JAN07ORLBKN-BKN,2026-01-05T16:06:00Z,2026-01-08T03:31:29.924644Z,2026-01-08T03:30:00Z,0.34,0.47,55
2026-01-07,New York Knicks,LA Clippers,NYK,LAC,1,KXNBAGAME-26JAN07LACNYK-NYK,2026-01-05T16:06:00Z,2026-01-08T02:55:38.176353Z,2026-01-08T03:30:00Z,0.66,0.65,56
2026-01-07,San Antonio Spurs,Los Angeles Lakers,SAS,LAL,1,KXNBAGAME-26JAN07LALSAS-SAS,2026-01-05T19:06:00Z,2026-01-08T05:15:52.109972Z,2026-01-08T05:30:00Z,0.68,0.73,55
2026-01-07,Memphis Grizzlies,Phoenix Suns,MEM,PHX,0,KXNBAGAME-26JAN07PHXMEM-MEM,2026-01-05T16:06:00Z,2026-01-08T03:40:52.539277Z,2026-01-08T04:00:00Z,0.37,0.35,56
2026-01-07,Oklahoma City Thunder,Utah Jazz,OKC,UTA,1,KXNBAGAME-26JAN07UTAOKC-OKC,2026-01-05T16:06:00Z,2026-01-08T03:57:20.258395Z,2026-01-08T04:00:00Z,0.77,0.91,57
2026-01-07,Golden State Warriors,Milwaukee Bucks,GSW,MIL,1,KXNBAGAME-26JAN07MILGSW-GSW,2026-01-05T19:06:00Z,2026-01-08T05:35:24.011955Z,2026-01-08T06:00:00Z,0.72,0.7,56
2026-01-07,Portland Trail Blazers,Houston Rockets,POR,HOU,1,KXNBAGAME-26JAN07HOUPOR-POR,2026-01-05T19:06:00Z,2026-01-08T05:47:19.393674Z,2026-01-08T06:00:00Z,0.34,0.3,56
2026-01-08,Minnesota Timberwolves,Cleveland Cavaliers,MIN,CLE,1,KXNBAGAME-26JAN08CLEMIN-MIN,2026-01-06T16:06:00Z,2026-01-09T03:45:28.294383Z,2026-01-09T04:00:00Z,0.66,0.58,57
2026-01-08,Utah Jazz,Dallas Mavericks,UTA,DAL,1,KXNBAGAME-26JAN08DALUTA-UTA,2026-01-06T19:06:00Z,2026-01-09T04:25:21.170631Z,2026-01-09T05:00:00Z,0.56,0.37,55
2026-01-08,Charlotte Hornets,Indiana Pacers,CHA,IND,0,KXNBAGAME-26JAN08INDCHA-CHA,2026-01-06T16:06:00Z,2026-01-09T02:45:44.600553Z,2026-01-09T03:00:00Z,0.61,0.64,56
2026-01-09,Boston Celtics,Toronto Raptors,BOS,TOR,1,KXNBAGAME-26JAN09TORBOS-BOS,2026-01-07T16:06:00Z,2026-01-10T02:40:14.536914Z,2026-01-10T03:00:00Z,0.71,0.77,56
2026-01-09,Orlando Magic,Philadelphia 76ers,ORL,PHI,0,KXNBAGAME-26JAN09PHIORL-ORL,2026-01-07T16:06:00Z,2026-01-10T02:43:42.358721Z,2026-01-10T03:00:00Z,0.53,0.42,56
2026-01-09,Washington Wizards,New Orleans Pelicans,WAS,NOP,0,KXNBAGAME-26JAN09NOPWAS-WAS,2026-01-07T16:06:00Z,2026-01-10T02:40:14.609821Z,2026-01-10T03:00:00Z,0.49,0.44,56
2026-01-09,Brooklyn Nets,LA Clippers,BKN,LAC,0,KXNBAGAME-26JAN09LACBKN-BKN,2026-01-07T16:06:00Z,2026-01-10T03:07:38.62855Z,2026-01-10T03:30:00Z,0.37,0.34,56
2026-01-09,Memphis Grizzlies,Oklahoma City Thunder,MEM,OKC,0,KXNBAGAME-26JAN09OKCMEM-MEM,2026-01-07T16:06:00Z,2026-01-10T03:43:36.230784Z,2026-01-10T04:00:00Z,0.22,0.35,57
2026-01-09,Denver Nuggets,Atlanta Hawks,DEN,ATL,0,KXNBAGAME-26JAN09ATLDEN-DEN,2026-01-07T19:06:00Z,2026-01-10T04:23:34.521946Z,2026-01-10T05:00:00Z,0.63,0.44,55
2026-01-09,Phoenix Suns,New York Knicks,PHX,NYK,1,KXNBAGAME-26JAN09NYKPHX-PHX,2026-01-07T19:06:00Z,2026-01-10T04:45:30.296751Z,2026-01-10T05:00:00Z,0.47,0.49,55
2026-01-09,Golden State Warriors,Sacramento Kings,GSW,SAC,1,KXNBAGAME-26JAN09SACGSW-GSW,2026-01-07T19:06:00Z,2026-01-10T05:39:51.150823Z,2026-01-10T06:00:00Z,0.8,0.87,56
2026-01-09,Portland Trail Blazers,Houston Rockets,POR,HOU,1,KXNBAGAME-26JAN09HOUPOR-POR,2026-01-07T19:06:00Z,2026-01-10T05:41:27.280419Z,2026-01-10T06:00:00Z,0.31,0.31,56
2026-01-09,Los Angeles Lakers,Milwaukee Bucks,LAL,MIL,0,KXNBAGAME-26JAN09MILLAL-LAL,2026-01-07T19:06:00Z,2026-01-10T06:00:00.053281Z,2026-01-10T06:30:00Z,0.69,0.6,56
2026-01-10,Chicago Bulls,Dallas Mavericks,CHI,DAL,1,KXNBAGAME-26JAN10DALCHI-CHI,2026-01-08T16:06:00Z,2026-01-11T03:29:44.015097Z,2026-01-11T04:00:00Z,0.5,0.61,57
2026-01-10,Boston Celtics,San Antonio Spurs,BOS,SAS,0,KXNBAGAME-26JAN10SASBOS-BOS,2026-01-08T16:06:00Z,2026-01-11T03:31:23.035506Z,2026-01-11T04:00:00Z,0.48,0.5,57
2026-01-10,Utah Jazz,Charlotte Hornets,UTA,CHA,0,KXNBAGAME-26JAN10CHAUTA-UTA,2026-01-08T19:06:00Z,2026-01-11T04:59:52.949276Z,2026-01-11T05:30:00Z,0.49,0.37,55
2026-01-10,Detroit Pistons,LA Clippers,DET,LAC,0,KXNBAGAME-26JAN10LACDET-DET,2026-01-08T16:07:00Z,2026-01-11T03:39:43.590855Z,2026-01-11T03:30:00Z,0.74,0.54,56
2026-01-10,Cleveland Cavaliers,Minnesota Timberwolves,CLE,MIN,1,KXNBAGAME-26JAN10MINCLE-CLE,2026-01-08T10:06:00Z,2026-01-10T20:43:33.823501Z,2026-01-10T21:00:00Z,0.52,0.57,56
2026-01-10,Indiana Pacers,Miami Heat,IND,MIA,1,KXNBAGAME-26JAN10MIAIND-IND,2026-01-08T16:06:00Z,2026-01-11T02:33:26.472279Z,2026-01-11T03:00:00Z,0.33,0.32,56
2026-01-11,Orlando Magic,New Orleans Pelicans,ORL,NOP,1,KXNBAGAME-26JAN11NOPORL-ORL,2026-01-09T13:06:00Z,2026-01-11T22:43:48.769748Z,2026-01-11T23:00:00Z,0.6,0.71,55
2026-01-11,Memphis Grizzlies,Brooklyn Nets,MEM,BKN,1,KXNBAGAME-26JAN11BKNMEM-MEM,2026-01-09T13:06:00Z,2026-01-11T23:09:53.209182Z,2026-01-11T23:30:00Z,0.56,0.71,55
2026-01-11,Toronto Raptors,Philadelphia 76ers,TOR,PHI,1,KXNBAGAME-26JAN11PHITOR-TOR,2026-01-09T16:06:00Z,2026-01-12T02:27:35.087598Z,2026-01-12T02:00:00Z,0.55,0.47,55
2026-01-11,Portland Trail Blazers,New York Knicks,POR,NYK,0,KXNBAGAME-26JAN11NYKPOR-POR,2026-01-09T16:06:00Z,2026-01-12T01:33:44.94984Z,2026-01-12T02:00:00Z,0.38,0.34,55
2026-01-11,Minnesota Timberwolves,San Antonio Spurs,MIN,SAS,1,KXNBAGAME-26JAN11SASMIN-MIN,2026-01-09T16:06:00Z,2026-01-12T02:39:50.814538Z,2026-01-12T03:00:00Z,0.59,0.57,55
2026-01-11,Oklahoma City Thunder,Miami Heat,OKC,MIA,1,KXNBAGAME-26JAN11MIAOKC-OKC,2026-01-09T16:06:00Z,2026-01-12T02:37:32.692517Z,2026-01-12T03:00:00Z,0.84,0.86,56
2026-01-11,Denver Nuggets,Milwaukee Bucks,DEN,MIL,1,KXNBAGAME-26JAN11MILDEN-DEN,2026-01-09T16:06:00Z,2026-01-12T03:43:23.914228Z,2026-01-12T04:00:00Z,0.53,0.34,57
2026-01-11,Phoenix Suns,Washington Wizards,PHX,WAS,1,KXNBAGAME-26JAN11WASPHX-PHX,2026-01-09T16:06:00Z,2026-01-12T03:39:48.152059Z,2026-01-12T04:00:00Z,0.77,0.88,56
2026-01-11,Golden State Warriors,Atlanta Hawks,GSW,ATL,0,KXNBAGAME-26JAN11ATLGSW-GSW,2026-01-09T19:06:00Z,2026-01-12T04:23:24.969322Z,2026-01-12T04:30:00Z,0.68,0.7,54
2026-01-11,Sacramento Kings,Houston Rockets,SAC,HOU,1,KXNBAGAME-26JAN11HOUSAC-SAC,2026-01-09T19:06:00Z,2026-01-12T05:09:33.283024Z,2026-01-12T05:00:00Z,0.22,0.16,55
2026-01-12,LA Clippers,Charlotte Hornets,LAC,CHA,1,KXNBAGAME-26JAN12CHALAC-LAC,2026-01-10T19:06:00Z,2026-01-13T05:53:27.75636Z,2026-01-13T06:30:00Z,0.7,0.65,56
2026-01-12,Sacramento Kings,Los Angeles Lakers,SAC,LAL,1,KXNBAGAME-26JAN12LALSAC-SAC,2026-01-10T19:06:00Z,2026-01-13T05:35:21.005882Z,2026-01-13T06:00:00Z,0.24,0.25,56
2026-01-12,Dallas Mavericks,Brooklyn Nets,DAL,BKN,1,KXNBAGAME-26JAN12BKNDAL-DAL,2026-01-10T19:06:00Z,2026-01-13T04:01:24.453949Z,2026-01-13T04:30:00Z,0.63,0.58,54
2026-01-12,Toronto Raptors,Philadelphia 76ers,TOR,PHI,0,KXNBAGAME-26JAN12PHITOR-TOR,2026-01-10T16:06:00Z,2026-01-13T03:05:21.98055Z,2026-01-13T03:30:00Z,0.39,0.43,55
2026-01-12,Cleveland Cavaliers,Utah Jazz,CLE,UTA,0,KXNBAGAME-26JAN12UTACLE-CLE,2026-01-10T16:06:00Z,2026-01-13T02:29:53.772131Z,2026-01-13T03:00:00Z,0.77,0.83,55
2026-01-12,Indiana Pacers,Boston Celtics,IND,BOS,1,KXNBAGAME-26JAN12BOSIND-IND,2026-01-10T16:06:00Z,2026-01-13T02:55:31.164094Z,2026-01-13T03:30:00Z,0.23,0.36,56
2026-01-13,Miami Heat,Phoenix Suns,MIA,PHX,1,KXNBAGAME-26JAN13PHXMIA-MIA,2026-01-11T16:06:00Z,2026-01-14T03:21:34.95832Z,2026-01-14T03:30:00Z,0.51,0.54,56
2026-01-13,Houston Rockets,Chicago Bulls,HOU,CHI,1,KXNBAGAME-26JAN13CHIHOU-HOU,2026-01-11T16:06:00Z,2026-01-14T03:35:39.992195Z,2026-01-14T04:00:00Z,0.79,0.83,57
2026-01-13,Milwaukee Bucks,Minnesota Timberwolves,MIL,MIN,0,KXNBAGAME-26JAN13MINMIL-MIL,2026-01-11T16:06:00Z,2026-01-14T03:41:25.51912Z,2026-01-14T04:00:00Z,0.41,0.54,57
2026-01-13,New Orleans Pelicans,Denver Nuggets,NOP,DEN,0,KXNBAGAME-26JAN13DENNOP-NOP,2026-01-11T16:06:00Z,2026-01-14T03:55:26.512166Z,2026-01-14T04:00:00Z,0.29,0.44,57
2026-01-13,Oklahoma City Thunder,San Antonio Spurs,OKC,SAS,1,KXNBAGAME-26JAN13SASOKC-OKC,2026-01-11T16:06:00Z,2026-01-14T03:47:25.174778Z,2026-01-14T04:00:00Z,0.64,0.73,57
2026-01-13,Los Angeles Lakers,Atlanta Hawks,LAL,ATL,1,KXNBAGAME-26JAN13ATLLAL-LAL,2026-01-11T19:06:00Z,2026-01-14T05:57:21.602989Z,2026-01-14T06:30:00Z,0.64,0.51,56
2026-01-13,Golden State Warriors,Portland Trail Blazers,GSW,POR,1,KXNBAGAME-26JAN13PORGSW-GSW,2026-01-11T19:06:00Z,2026-01-14T06:45:24.361864Z,2026-01-14T07:00:00Z,0.72,0.8,57
2026-01-14,Dallas Mavericks,Denver Nuggets,DAL,DEN,0,KXNBAGAME-26JAN14DENDAL-DAL,2026-01-12T19:06:00Z,2026-01-15T05:13:27.438687Z,2026-01-15T05:30:00Z,0.42,0.53,55
2026-01-14,LA Clippers,Washington Wizards,LAC,WAS,1,KXNBAGAME-26JAN14WASLAC-LAC,2026-01-12T19:06:00Z,2026-01-15T06:11:25.531842Z,2026-01-15T06:30:00Z,0.76,0.81,56
2026-01-14,Sacramento Kings,New York Knicks,SAC,NYK,1,KXNBAGAME-26JAN14NYKSAC-SAC,2026-01-12T19:06:00Z,2026-01-15T05:51:22.249664Z,2026-01-15T06:00:00Z,0.24,0.21,56
2026-01-14,New Orleans Pelicans,Brooklyn Nets,NOP,BKN,1,KXNBAGAME-26JAN14BKNNOP-NOP,2026-01-12T16:06:00Z,2026-01-15T03:39:43.774494Z,2026-01-15T04:00:00Z,0.53,0.5,57
2026-01-14,Philadelphia 76ers,Cleveland Cavaliers,PHI,CLE,0,KXNBAGAME-26JAN14CLEPHI-PHI,2026-01-12T16:06:00Z,2026-01-15T02:39:52.513649Z,2026-01-15T03:00:00Z,0.5,0.51,56
2026-01-14,Chicago Bulls,Utah Jazz,CHI,UTA,1,KXNBAGAME-26JAN14UTACHI-CHI,2026-01-12T16:06:00Z,2026-01-15T03:41:23.645806Z,2026-01-15T04:00:00Z,0.63,0.67,57
2026-01-14,Indiana Pacers,Toronto Raptors,IND,TOR,0,KXNBAGAME-26JAN14TORIND-IND,2026-01-12T16:06:00Z,2026-01-15T02:37:34.699032Z,2026-01-15T03:00:00Z,0.44,0.53,56
2026-01-15,Detroit Pistons,Phoenix Suns,DET,PHX,1,KXNBAGAME-26JAN15PHXDET-DET,2026-01-13T16:06:00Z,2026-01-16T03:03:36.547292Z,2026-01-16T03:00:00Z,0.62,0.71,56
2026-01-15,Miami Heat,Boston Celtics,MIA,BOS,0,KXNBAGAME-26JAN15BOSMIA-MIA,2026-01-13T16:06:00Z,2026-01-16T03:13:33.476011Z,2026-01-16T03:30:00Z,0.45,0.44,56
2026-01-15,Houston Rockets,Oklahoma City Thunder,HOU,OKC,0,KXNBAGAME-26JAN15OKCHOU-HOU,2026-01-13T16:06:00Z,2026-01-16T03:07:32.283368Z,2026-01-16T03:30:00Z,0.41,0.4,56
2026-01-15,San Antonio Spurs,Milwaukee Bucks,SAS,MIL,1,KXNBAGAME-26JAN15MILSAS-SAS,2026-01-13T16:06:00Z,2026-01-16T03:33:27.235539Z,2026-01-16T04:00:00Z,0.68,0.69,57
2026-01-15,Dallas Mavericks,Utah Jazz,DAL,UTA,1,KXNBAGAME-26JAN15UTADAL-DAL,2026-01-13T19:06:00Z,2026-01-16T03:59:58.420473Z,2026-01-16T04:30:00Z,0.6,0.56,54
2026-01-15,Golden State Warriors,New York Knicks,GSW,NYK,1,KXNBAGAME-26JAN15NYKGSW-GSW,2026-01-13T19:06:00Z,2026-01-16T05:57:27.990042Z,2026-01-16T06:00:00Z,0.5,0.7,56
2026-01-15,Portland Trail Blazers,Atlanta Hawks,POR,ATL,1,KXNBAGAME-26JAN15ATLPOR-POR,2026-01-13T19:06:00Z,2026-01-16T05:35:23.561052Z,2026-01-16T06:00:00Z,0.55,0.41,56
2026-01-15,Los Angeles Lakers,Charlotte Hornets,LAL,CHA,0,KXNBAGAME-26JAN15CHALAL-LAL,2026-01-13T19:06:00Z,2026-01-16T06:05:23.038664Z,2026-01-16T06:30:00Z,0.64,0.61,56
2026-01-16,Sacramento Kings,Washington Wizards,SAC,WAS,1,KXNBAGAME-26JAN16WASSAC-SAC,2026-01-14T19:06:00Z,2026-01-17T05:55:24.948223Z,2026-01-17T06:00:00Z,0.6,0.71,56
2026-01-16,Houston Rockets,Minnesota Timberwolves,HOU,MIN,1,KXNBAGAME-26JAN16MINHOU-HOU,2026-01-14T19:06:00Z,2026-01-17T05:35:22.778558Z,2026-01-17T05:30:00Z,0.57,0.61,55
2026-01-16,Toronto Raptors,LA Clippers,TOR,LAC,0,KXNBAGAME-26JAN16LACTOR-TOR,2026-01-14T16:06:00Z,2026-01-17T03:19:43.063043Z,2026-01-17T03:30:00Z,0.56,0.56,56
2026-01-16,Indiana Pacers,New Orleans Pelicans,IND,NOP,1,KXNBAGAME-26JAN16NOPIND-IND,2026-01-14T16:06:00Z,2026-01-17T02:25:35.632726Z,2026-01-17T03:00:00Z,0.61,0.64,56
2026-01-16,Brooklyn Nets,Chicago Bulls,BKN,CHI,1,KXNBAGAME-26JAN16CHIBKN-BKN,2026-01-14T16:06:00Z,2026-01-17T03:15:28.424736Z,2026-01-17T03:30:00Z,0.48,0.51,55
2026-01-16,Philadelphia 76ers,Cleveland Cavaliers,PHI,CLE,0,KXNBAGAME-26JAN16CLEPHI-PHI,2026-01-14T16:06:00Z,2026-01-17T02:43:27.058217Z,2026-01-17T03:00:00Z,0.52,0.57,56
2026-01-17,Dallas Mavericks,Utah Jazz,DAL,UTA,1,KXNBAGAME-26JAN17UTADAL-DAL,2026-01-15T13:06:00Z,2026-01-18T00:55:44.054409Z,2026-01-18T01:00:00Z,0.82,0.59,57
2026-01-17,Atlanta Hawks,Boston Celtics,ATL,BOS,0,KXNBAGAME-26JAN17BOSATL-ATL,2026-01-15T16:06:00Z,2026-01-18T02:57:43.353456Z,2026-01-18T03:30:00Z,0.38,0.4,56
2026-01-17,Detroit Pistons,Indiana Pacers,DET,IND,1,KXNBAGAME-26JAN17INDDET-DET,2026-01-15T16:06:00Z,2026-01-18T03:05:33.711352Z,2026-01-18T03:30:00Z,0.76,0.87,56
2026-01-17,New York Knicks,Phoenix Suns,NYK,PHX,0,KXNBAGAME-26JAN17PHXNYK-NYK,2026-01-15T16:06:00Z,2026-01-18T03:23:31.852572Z,2026-01-18T03:30:00Z,0.59,0.51,56
2026-01-17,Miami Heat,Oklahoma City Thunder,MIA,OKC,1,KXNBAGAME-26JAN17OKCMIA-MIA,2026-01-15T16:06:00Z,2026-01-18T03:49:52.93432Z,2026-01-18T04:00:00Z,0.37,0.2,57
2026-01-17,San Antonio Spurs,Minnesota Timberwolves,SAS,MIN,1,KXNBAGAME-26JAN17MINSAS-SAS,2026-01-15T16:06:00Z,2026-01-18T03:53:24.157012Z,2026-01-18T04:00:00Z,0.59,0.64,57
2026-01-17,Golden State Warriors,Charlotte Hornets,GSW,CHA,1,KXNBAGAME-26JAN17CHAGSW-GSW,2026-01-15T19:06:00Z,2026-01-18T04:07:30.616465Z,2026-01-18T04:30:00Z,0.7,0.73,54
2026-01-17,Denver Nuggets,Washington Wizards,DEN,WAS,1,KXNBAGAME-26JAN17WASDEN-DEN,2026-01-15T19:06:00Z,2026-01-18T04:45:24.716717Z,2026-01-18T05:00:00Z,0.77,0.8,55
2026-01-17,Portland Trail Blazers,Los Angeles Lakers,POR,LAL,1,KXNBAGAME-26JAN17LALPOR-POR,2026-01-15T19:06:00Z,2026-01-18T05:53:23.130406Z,2026-01-18T06:00:00Z,0.41,0.59,55
2026-01-18,Los Angeles Lakers,Toronto Raptors,LAL,TOR,1,KXNBAGAME-26JAN18TORLAL-LAL,2026-01-16T19:06:00Z,2026-01-19T05:00:41.296048Z,2026-01-19T05:30:00Z,0.62,0.55,55
2026-01-18,Denver Nuggets,Charlotte Hornets,DEN,CHA,0,KXNBAGAME-26JAN18CHADEN-DEN,2026-01-16T16:06:00Z,2026-01-19T03:27:28.839735Z,2026-01-19T04:00:00Z,0.61,0.45,57
2026-01-18,Sacramento Kings,Portland Trail Blazers,SAC,POR,0,KXNBAGAME-26JAN18PORSAC-SAC,2026-01-16T19:06:00Z,2026-01-19T04:39:46.187215Z,2026-01-19T05:00:00Z,0.48,0.49,55
2026-01-18,Chicago Bulls,Brooklyn Nets,CHI,BKN,1,KXNBAGAME-26JAN18BKNCHI-CHI,2026-01-16T16:06:00Z,2026-01-19T02:21:30.308134Z,2026-01-19T03:00:00Z,0.49,0.7,56
2026-01-18,Houston Rockets,New Orleans Pelicans,HOU,NOP,1,KXNBAGAME-26JAN18NOPHOU-HOU,2026-01-16T16:06:00Z,2026-01-19T02:25:29.374455Z,2026-01-19T03:00:00Z,0.78,0.87,56
2026-01-19,Atlanta Hawks,Milwaukee Bucks,ATL,MIL,0,KXNBAGAME-26JAN19MILATL-ATL,2026-01-17T10:06:00Z,2026-01-19T20:48:07.704657Z,2026-01-19T21:00:00Z,0.62,0.52,55
2026-01-19,Cleveland Cavaliers,Oklahoma City Thunder,CLE,OKC,0,KXNBAGAME-26JAN19OKCCLE-CLE,2026-01-17T13:06:00Z,2026-01-19T22:19:57.212501Z,2026-01-19T22:30:00Z,0.42,0.34,54
2026-01-19,New York Knicks,Dallas Mavericks,NYK,DAL,0,KXNBAGAME-26JAN19DALNYK-NYK,2026-01-17T13:06:00Z,2026-01-20T00:47:29.077595Z,2026-01-20T01:00:00Z,0.78,0.83,57
2026-01-19,Detroit Pistons,Boston Celtics,DET,BOS,1,KXNBAGAME-26JAN19BOSDET-DET,2026-01-17T16:06:00Z,2026-01-20T04:09:38.62514Z,2026-01-20T04:00:00Z,0.55,0.56,57
2026-01-19,Washington Wizards,LA Clippers,WAS,LAC,0,KXNBAGAME-26JAN19LACWAS-WAS,2026-01-17T13:06:00Z,2026-01-19T22:41:35.751765Z,2026-01-19T23:00:00Z,0.29,0.29,54
2026-01-19,Philadelphia 76ers,Indiana Pacers,PHI,IND,1,KXNBAGAME-26JAN19INDPHI-PHI,2026-01-17T16:06:00Z,2026-01-20T02:35:26.792137Z,2026-01-20T03:00:00Z,0.76,0.71,56
2026-01-19,Brooklyn Nets,Phoenix Suns,BKN,PHX,0,KXNBAGAME-26JAN19PHXBKN-BKN,2026-01-17T16:06:00Z,2026-01-20T03:05:22.809718Z,2026-01-20T03:30:00Z,0.3,0.22,56
2026-01-19,San Antonio Spurs,Utah Jazz,SAS,UTA,1,KXNBAGAME-26JAN19UTASAS-SAS,2026-01-17T13:06:00Z,2026-01-20T00:43:29.695489Z,2026-01-20T01:00:00Z,0.81,0.88,57
2026-01-19,Golden State Warriors,Miami Heat,GSW,MIA,1,KXNBAGAME-26JAN19MIAGSW-GSW,2026-01-17T19:06:00Z,2026-01-20T05:43:23.731919Z,2026-01-20T06:00:00Z,0.97,0.65,56
2026-01-20,Utah Jazz,Minnesota Timberwolves,UTA,MIN,1,KXNBAGAME-26JAN20MINUTA-UTA,2026-01-18T19:06:00Z,2026-01-21T04:45:25.889439Z,2026-01-21T05:00:00Z,0.26,0.16,55
2026-01-20,Sacramento Kings,Miami Heat,SAC,MIA,0,KXNBAGAME-26JAN20MIASAC-SAC,2026-01-18T19:06:00Z,2026-01-21T05:31:26.562085Z,2026-01-21T06:00:00Z,0.4,0.39,56
2026-01-20,Golden State Warriors,Toronto Raptors,GSW,TOR,0,KXNBAGAME-26JAN20TORGSW-GSW,2026-01-18T19:06:00Z,2026-01-21T05:55:23.348984Z,2026-01-21T06:00:00Z,0.64,0.62,56
2026-01-20,Denver Nuggets,Los Angeles Lakers,DEN,LAL,0,KXNBAGAME-26JAN20LALDEN-DEN,2026-01-18T19:06:00Z,2026-01-21T05:43:24.983027Z,2026-01-21T06:00:00Z,0.57,0.42,56
2026-01-20,Chicago Bulls,LA Clippers,CHI,LAC,1,KXNBAGAME-26JAN20LACCHI-CHI,2026-01-18T16:06:00Z,2026-01-21T03:27:27.74281Z,2026-01-21T04:00:00Z,0.53,0.57,57
2026-01-20,Philadelphia 76ers,Phoenix Suns,PHI,PHX,0,KXNBAGAME-26JAN20PHXPHI-PHI,2026-01-18T16:06:00Z,2026-01-21T02:51:35.998975Z,2026-01-21T03:00:00Z,0.52,0.44,56
2026-01-20,Houston Rockets,San Antonio Spurs,HOU,SAS,1,KXNBAGAME-26JAN20SASHOU-HOU,2026-01-18T16:06:00Z,2026-01-21T04:03:30.135573Z,2026-01-21T04:00:00Z,0.59,0.62,57
2026-01-21,Sacramento Kings,Toronto Raptors,SAC,TOR,0,KXNBAGAME-26JAN21TORSAC-SAC,2026-01-19T19:07:00Z,2026-01-22T05:43:21.96969Z,2026-01-22T06:00:00Z,0.37,0.37,56
2026-01-21,Charlotte Hornets,Cleveland Cavaliers,CHA,CLE,0,KXNBAGAME-26JAN21CLECHA-CHA,2026-01-19T16:06:00Z,2026-01-22T03:00:23.489849Z,2026-01-22T03:00:00Z,0.43,0.41,56
2026-01-21,Boston Celtics,Indiana Pacers,BOS,IND,1,KXNBAGAME-26JAN21INDBOS-BOS,2026-01-19T16:06:00Z,2026-01-22T03:07:25.057957Z,2026-01-22T03:30:00Z,0.8,0.8,56
2026-01-21,New York Knicks,Brooklyn Nets,NYK,BKN,1,KXNBAGAME-26JAN21BKNNYK-NYK,2026-01-19T16:06:00Z,2026-01-22T03:03:30.818995Z,2026-01-22T03:30:00Z,0.77,0.85,56
2026-01-21,Memphis Grizzlies,Atlanta Hawks,MEM,ATL,0,KXNBAGAME-26JAN21ATLMEM-MEM,2026-01-19T16:06:00Z,2026-01-22T03:45:27.27288Z,2026-01-22T04:00:00Z,0.54,0.52,57
2026-01-21,New Orleans Pelicans,Detroit Pistons,NOP,DET,0,KXNBAGAME-26JAN21DETNOP-NOP,2026-01-19T16:06:00Z,2026-01-22T03:31:28.502537Z,2026-01-22T04:00:00Z,0.26,0.29,57
2026-01-21,Milwaukee Bucks,Oklahoma City Thunder,MIL,OKC,0,KXNBAGAME-26JAN21OKCMIL-MIL,2026-01-19T19:07:00Z,2026-01-22T05:17:24.346651Z,2026-01-22T05:30:00Z,0.5,0.19,55
2026-01-22,LA Clippers,Los Angeles Lakers,LAC,LAL,1,KXNBAGAME-26JAN22LALLAC-LAC,2026-01-20T19:07:00Z,2026-01-23T05:49:38.685756Z,2026-01-23T06:00:00Z,0.55,0.57,55
2026-01-22,Utah Jazz,San Antonio Spurs,UTA,SAS,0,KXNBAGAME-26JAN22SASUTA-UTA,2026-01-20T19:07:00Z,2026-01-23T04:41:25.867769Z,2026-01-23T05:00:00Z,0.25,0.17,54
2026-01-22,Portland Trail Blazers,Miami Heat,POR,MIA,1,KXNBAGAME-26JAN22MIAPOR-POR,2026-01-20T19:07:00Z,2026-01-23T05:33:26.380251Z,2026-01-23T06:00:00Z,0.58,0.59,55
2026-01-22,Minnesota Timberwolves,Chicago Bulls,MIN,CHI,0,KXNBAGAME-26JAN22CHIMIN-MIN,2026-01-20T16:06:00Z,2026-01-23T03:39:40.743328Z,2026-01-23T04:00:00Z,0.72,0.77,56
2026-01-22,Dallas Mavericks,Golden State Warriors,DAL,GSW,1,KXNBAGAME-26JAN22GSWDAL-DAL,2026-01-20T16:06:00Z,2026-01-23T03:33:28.391327Z,2026-01-23T03:30:00Z,0.4,0.33,56
2026-01-22,Washington Wizards,Denver Nuggets,WAS,DEN,0,KXNBAGAME-26JAN22DENWAS-WAS,2026-01-20T16:06:00Z,2026-01-23T02:39:59.267766Z,2026-01-23T03:00:00Z,0.77,0.31,55
2026-01-22,Philadelphia 76ers,Houston Rockets,PHI,HOU,1,KXNBAGAME-26JAN22HOUPHI-PHI,2026-01-20T16:06:00Z,2026-01-23T03:01:30.86383Z,2026-01-23T03:00:00Z,0.46,0.46,55
2026-01-22,Orlando Magic,Charlotte Hornets,ORL,CHA,0,KXNBAGAME-26JAN22CHAORL-ORL,2026-01-20T16:06:00Z,2026-01-23T02:39:57.664698Z,2026-01-23T03:00:00Z,0.77,0.6,55
2026-01-23,Detroit Pistons,Houston Rockets,DET,HOU,0,KXNBAGAME-26JAN23HOUDET-DET,2026-01-21T16:06:00Z,2026-01-24T02:57:37.172447Z,2026-01-24T03:00:00Z,0.57,0.62,55
2026-01-23,Atlanta Hawks,Phoenix Suns,ATL,PHX,1,KXNBAGAME-26JAN23PHXATL-ATL,2026-01-21T16:06:00Z,2026-01-24T02:51:35.393866Z,2026-01-24T03:30:00Z,0.4,0.42,55
2026-01-23,Brooklyn Nets,Boston Celtics,BKN,BOS,0,KXNBAGAME-26JAN23BOSBKN-BKN,2026-01-21T16:06:00Z,2026-01-24T03:45:28.10239Z,2026-01-24T03:30:00Z,0.21,0.25,55
2026-01-23,Cleveland Cavaliers,Sacramento Kings,CLE,SAC,1,KXNBAGAME-26JAN23SACCLE-CLE,2026-01-21T16:06:00Z,2026-01-24T03:09:46.149888Z,2026-01-24T03:30:00Z,0.78,0.83,55
2026-01-23,Memphis Grizzlies,New Orleans Pelicans,MEM,NOP,0,KXNBAGAME-26JAN23NOPMEM-MEM,2026-01-21T16:06:00Z,2026-01-24T03:51:25.330852Z,2026-01-24T04:00:00Z,0.67,0.64,55
2026-01-23,Milwaukee Bucks,Denver Nuggets,MIL,DEN,0,KXNBAGAME-26JAN23DENMIL-MIL,2026-01-21T19:06:00Z,2026-01-24T05:25:25.33116Z,2026-01-24T05:30:00Z,0.63,0.72,54
2026-01-23,Oklahoma City Thunder,Indiana Pacers,OKC,IND,0,KXNBAGAME-26JAN23INDOKC-OKC,2026-01-21T16:06:00Z,2026-01-24T03:49:41.509949Z,2026-01-24T04:00:00Z,0.82,0.89,56
2026-01-23,Portland Trail Blazers,Toronto Raptors,POR,TOR,0,KXNBAGAME-26JAN23TORPOR-POR,2026-01-21T19:06:00Z,2026-01-24T05:31:24.090541Z,2026-01-24T06:00:00Z,0.57,0.4,55
2026-01-24,Utah Jazz,Miami Heat,UTA,MIA,0,KXNBAGAME-26JAN24MIAUTA-UTA,2026-01-22T19:06:00Z,2026-01-25T05:19:36.956191Z,2026-01-25T05:30:00Z,0.36,0.32,55
2026-01-24,Dallas Mavericks,Los Angeles Lakers,DAL,LAL,0,KXNBAGAME-26JAN24LALDAL-DAL,2026-01-22T19:06:00Z,2026-01-25T04:21:24.946181Z,2026-01-25T04:30:00Z,0.36,0.39,54
2026-01-24,Chicago Bulls,Boston Celtics,CHI,BOS,1,KXNBAGAME-26JAN24BOSCHI-CHI,2026-01-22T16:06:00Z,2026-01-25T03:33:25.314961Z,2026-01-25T04:00:00Z,0.31,0.42,57
2026-01-24,Charlotte Hornets,Washington Wizards,CHA,WAS,1,KXNBAGAME-26JAN24WASCHA-CHA,2026-01-22T16:06:00Z,2026-01-24T19:35:24.158611Z,2026-01-25T02:00:00Z,0.8,0.99,52
2026-01-24,Philadelphia 76ers,New York Knicks,PHI,NYK,0,KXNBAGAME-26JAN24NYKPHI-PHI,2026-01-22T13:07:00Z,2026-01-24T23:07:26.704418Z,2026-01-24T23:00:00Z,0.48,0.5,55
2026-01-24,Orlando Magic,Cleveland Cavaliers,ORL,CLE,0,KXNBAGAME-26JAN24CLEORL-ORL,2026-01-22T16:06:00Z,2026-01-25T02:49:45.236842Z,2026-01-25T03:00:00Z,0.49,0.53,56
2026-01-25,Detroit Pistons,Sacramento Kings,DET,SAC,1,KXNBAGAME-26JAN25SACDET-DET,2026-01-23T13:06:00Z,2026-01-25T23:00:31.708095Z,2026-01-25T23:00:00Z,0.77,0.85,55
2026-01-25,Oklahoma City Thunder,Toronto Raptors,OKC,TOR,0,KXNBAGAME-26JAN25TOROKC-OKC,2026-01-23T16:06:00Z,2026-01-26T03:01:29.197747Z,2026-01-26T03:00:00Z,0.76,0.82,56
2026-01-25,San Antonio Spurs,New Orleans Pelicans,SAS,NOP,0,KXNBAGAME-26JAN25NOPSAS-SAS,2026-01-23T16:06:00Z,2026-01-26T02:33:33.865893Z,2026-01-26T03:00:00Z,0.8,0.82,56
2026-01-25,Phoenix Suns,Miami Heat,PHX,MIA,0,KXNBAGAME-26JAN25MIAPHX-PHX,2026-01-23T16:06:00Z,2026-01-26T03:57:24.467434Z,2026-01-26T04:00:00Z,0.65,0.62,56
2026-01-25,LA Clippers,Brooklyn Nets,LAC,BKN,1,KXNBAGAME-26JAN25BKNLAC-LAC,2026-01-23T19:06:00Z,2026-01-26T04:30:29.90375Z,2026-01-26T05:00:00Z,0.8,0.8,55
2026-01-26,Houston Rockets,Memphis Grizzlies,HOU,MEM,1,KXNBAGAME-26JAN26MEMHOU-HOU,2026-01-24T16:06:00Z,2026-01-27T03:35:28.839424Z,2026-01-27T04:00:00Z,0.78,0.82,57
2026-01-26,Minnesota Timberwolves,Golden State Warriors,MIN,GSW,1,KXNBAGAME-26JAN26GSWMIN-MIN,2026-01-24T19:06:00Z,2026-01-27T05:05:27.039639Z,2026-01-27T05:30:00Z,0.72,0.72,55
2026-01-26,Boston Celtics,Portland Trail Blazers,BOS,POR,1,KXNBAGAME-26JAN26PORBOS-BOS,2026-01-24T16:06:00Z,2026-01-27T04:00:29.685444Z,2026-01-27T04:00:00Z,0.71,0.76,57
2026-01-26,Chicago Bulls,Los Angeles Lakers,CHI,LAL,0,KXNBAGAME-26JAN26LALCHI-CHI,2026-01-24T16:06:00Z,2026-01-27T03:30:19.635729Z,2026-01-27T04:00:00Z,0.44,0.48,57
2026-01-26,Cleveland Cavaliers,Orlando Magic,CLE,ORL,1,KXNBAGAME-26JAN26ORLCLE-CLE,2026-01-24T16:06:00Z,2026-01-27T02:55:32.215734Z,2026-01-27T03:00:00Z,0.69,0.66,56
2026-01-26,Charlotte Hornets,Philadelphia 76ers,CHA,PHI,1,KXNBAGAME-26JAN26PHICHA-CHA,2026-01-24T16:06:00Z,2026-01-26T22:53:39.013771Z,2026-01-27T03:00:00Z,0.47,0.99,55
2026-01-26,Atlanta Hawks,Indiana Pacers,ATL,IND,1,KXNBAGAME-26JAN26INDATL-ATL,2026-01-24T16:06:00Z,2026-01-26T21:01:03.942239Z,2026-01-27T03:30:00Z,0.76,0.99,53
2026-01-27,Washington Wizards,Portland Trail Blazers,WAS,POR,1,KXNBAGAME-26JAN27PORWAS-WAS,2026-01-25T16:06:00Z,2026-01-28T02:42:16.681661Z,2026-01-28T03:00:00Z,0.34,0.32,56
2026-01-27,New York Knicks,Sacramento Kings,NYK,SAC,1,KXNBAGAME-26JAN27SACNYK-NYK,2026-01-25T16:06:00Z,2026-01-28T03:00:31.768321Z,2026-01-28T03:30:00Z,0.78,0.87,56
2026-01-27,Philadelphia 76ers,Milwaukee Bucks,PHI,MIL,1,KXNBAGAME-26JAN27MILPHI-PHI,2026-01-25T16:06:00Z,2026-01-28T03:39:45.039459Z,2026-01-28T04:00:00Z,0.78,0.77,57
2026-01-27,Oklahoma City Thunder,New Orleans Pelicans,OKC,NOP,1,KXNBAGAME-26JAN27NOPOKC-OKC,2026-01-25T16:06:00Z,2026-01-28T03:37:30.908777Z,2026-01-28T04:00:00Z,0.87,0.85,56
2026-01-27,Denver Nuggets,Detroit Pistons,DEN,DET,0,KXNBAGAME-26JAN27DETDEN-DEN,2026-01-25T19:06:00Z,2026-01-28T04:33:25.081038Z,2026-01-28T05:00:00Z,0.44,0.3,55
2026-01-27,Phoenix Suns,Brooklyn Nets,PHX,BKN,1,KXNBAGAME-26JAN27BKNPHX-PHX,2026-01-25T19:06:00Z,2026-01-28T05:05:32.458423Z,2026-01-28T05:00:00Z,0.72,0.74,55
2026-01-27,Utah Jazz,LA Clippers,UTA,LAC,0,KXNBAGAME-26JAN27LACUTA-UTA,2026-01-25T19:06:00Z,2026-01-28T05:39:40.423537Z,2026-01-28T06:00:00Z,0.42,0.26,56
2026-01-28,Miami Heat,Orlando Magic,MIA,ORL,0,KXNBAGAME-26JAN28ORLMIA-MIA,2026-01-26T16:06:00Z,2026-01-29T03:11:38.541091Z,2026-01-29T03:30:00Z,0.85,0.58,56
2026-01-28,Houston Rockets,San Antonio Spurs,HOU,SAS,0,KXNBAGAME-26JAN28SASHOU-HOU,2026-01-26T19:06:00Z,2026-01-29T05:15:22.226497Z,2026-01-29T05:30:00Z,0.85,0.57,55
2026-01-28,Utah Jazz,Golden State Warriors,UTA,GSW,0,KXNBAGAME-26JAN28GSWUTA-UTA,2026-01-26T19:06:00Z,2026-01-29T04:43:25.166492Z,2026-01-29T05:00:00Z,0.3,0.27,55
2026-01-28,Dallas Mavericks,Minnesota Timberwolves,DAL,MIN,0,KXNBAGAME-26JAN28MINDAL-DAL,2026-01-26T19:06:00Z,2026-01-29T04:03:30.102761Z,2026-01-29T04:30:00Z,0.33,0.26,54
2026-01-28,Memphis Grizzlies,Charlotte Hornets,MEM,CHA,0,KXNBAGAME-26JAN28CHAMEM-MEM,2026-01-26T16:06:00Z,2026-01-29T03:31:38.729582Z,2026-01-29T04:00:00Z,0.54,0.45,57
2026-01-28,Cleveland Cavaliers,Los Angeles Lakers,CLE,LAL,1,KXNBAGAME-26JAN28LALCLE-CLE,2026-01-26T16:06:00Z,2026-01-29T02:40:01.846438Z,2026-01-29T03:00:00Z,0.65,0.61,56
2026-01-28,Boston Celtics,Atlanta Hawks,BOS,ATL,0,KXNBAGAME-26JAN28ATLBOS-BOS,2026-01-26T16:06:00Z,2026-01-29T03:00:34.762605Z,2026-01-29T03:30:00Z,0.71,0.66,56
2026-01-28,Indiana Pacers,Chicago Bulls,IND,CHI,1,KXNBAGAME-26JAN28CHIIND-IND,2026-01-26T16:06:00Z,2026-01-29T02:35:49.440066Z,2026-01-29T03:00:00Z,0.55,0.46,56
2026-01-28,Toronto Raptors,New York Knicks,TOR,NYK,0,KXNBAGAME-26JAN28NYKTOR-TOR,2026-01-26T16:06:00Z,2026-01-29T03:05:37.143018Z,2026-01-29T03:30:00Z,0.46,0.56,56
2026-01-29,Denver Nuggets,Brooklyn Nets,DEN,BKN,1,KXNBAGAME-26JAN29BKNDEN-DEN,2026-01-27T19:06:00Z,2026-01-30T04:41:28Z,2026-01-30T05:00:00Z,0.72,0.7,55
2026-01-29,Phoenix Suns,Detroit Pistons,PHX,DET,1,KXNBAGAME-26JAN29DETPHX-PHX,2026-01-27T19:06:00Z,2026-01-30T04:47:38Z,2026-01-30T05:00:00Z,0.39,0.4,55
2026-01-29,Dallas Mavericks,Charlotte Hornets,DAL,CHA,0,KXNBAGAME-26JAN29CHADAL-DAL,2026-01-27T19:06:00Z,2026-01-30T04:33:33Z,2026-01-30T04:30:00Z,0.5,0.44,54
2026-01-29,Minnesota Timberwolves,Oklahoma City Thunder,MIN,OKC,1,KXNBAGAME-26JAN29OKCMIN-MIN,2026-01-27T19:06:00Z,2026-01-30T05:15:25Z,2026-01-30T05:30:00Z,0.45,0.37,55
2026-01-29,Washington Wizards,Milwaukee Bucks,WAS,MIL,1,KXNBAGAME-26JAN29MILWAS-WAS,2026-01-27T16:06:00Z,2026-01-30T02:55:47Z,2026-01-30T03:00:00Z,0.43,0.47,56
2026-01-29,Philadelphia 76ers,Sacramento Kings,PHI,SAC,1,KXNBAGAME-26JAN29SACPHI-PHI,2026-01-27T16:06:00Z,2026-01-30T02:50:13Z,2026-01-30T03:00:00Z,0.75,0.78,56
2026-01-29,Chicago Bulls,Miami Heat,CHI,MIA,0,KXNBAGAME-26JAN29MIACHI-CHI,2026-01-27T16:06:00Z,2026-01-30T03:45:42Z,2026-01-30T04:00:00Z,0.4,0.46,57
2026-01-29,Atlanta Hawks,Houston Rockets,ATL,HOU,0,KXNBAGAME-26JAN29HOUATL-ATL,2026-01-27T16:06:00Z,2026-01-30T03:30:19Z,2026-01-30T04:00:00Z,0.37,0.3,57
2026-01-30,Utah Jazz,Brooklyn Nets,UTA,BKN,0,KXNBAGAME-26JAN30BKNUTA-UTA,2026-01-28T19:06:00Z,2026-01-31T05:09:52Z,2026-01-31T05:30:00Z,0.64,0.6,54
2026-01-30,Phoenix Suns,Cleveland Cavaliers,PHX,CLE,1,KXNBAGAME-26JAN30CLEPHX-PHX,2026-01-28T19:06:00Z,2026-01-31T04:40:14Z,2026-01-31T05:00:00Z,0.53,0.47,54
2026-01-30,Denver Nuggets,LA Clippers,DEN,LAC,1,KXNBAGAME-26JAN30LACDEN-DEN,2026-01-28T19:06:00Z,2026-01-31T04:37:29Z,2026-01-31T05:00:00Z,0.49,0.44,54
2026-01-30,Golden State Warriors,Detroit Pistons,GSW,DET,0,KXNBAGAME-26JAN30DETGSW-GSW,2026-01-28T19:06:00Z,2026-01-31T06:11:22Z,2026-01-31T06:00:00Z,0.48,0.56,55
2026-01-30,New Orleans Pelicans,Memphis Grizzlies,NOP,MEM,1,KXNBAGAME-26JAN30MEMNOP-NOP,2026-01-28T16:06:00Z,2026-01-31T03:07:38Z,2026-01-31T03:30:00Z,0.49,0.59,54
2026-01-30,Boston Celtics,Sacramento Kings,BOS,SAC,1,KXNBAGAME-26JAN30SACBOS-BOS,2026-01-28T16:06:00Z,2026-01-31T02:55:39Z,2026-01-31T03:30:00Z,0.76,0.82,55
2026-01-30,Washington Wizards,Los Angeles Lakers,WAS,LAL,0,KXNBAGAME-26JAN30LALWAS-WAS,2026-01-28T16:06:00Z,2026-01-31T02:23:45Z,2026-01-31T03:00:00Z,0.25,0.19,55
2026-01-30,Orlando Magic,Toronto Raptors,ORL,TOR,1,KXNBAGAME-26JAN30TORORL-ORL,2026-01-28T16:06:00Z,2026-01-31T03:37:28Z,2026-01-31T03:30:00Z,0.54,0.56,55
2026-01-30,New York Knicks,Portland Trail Blazers,NYK,POR,1,KXNBAGAME-26JAN30PORNYK-NYK,2026-01-28T16:06:00Z,2026-01-31T03:11:31Z,2026-01-31T03:30:00Z,0.67,0.69,55
2026-01-31,Miami Heat,Chicago Bulls,MIA,CHI,0,KXNBAGAME-26JAN31CHIMIA-MIA,2026-01-31T04:47:00Z,2026-02-01T04:00:17Z,2026-02-01T04:00:00Z,0.66,0.66,21
2026-01-31,Charlotte Hornets,San Antonio Spurs,CHA,SAS,1,KXNBAGAME-26JAN31SASCHA-CHA,2026-01-31T04:47:00Z,2026-01-31T19:47:32Z,2026-01-31T20:00:00Z,0.4,0.4,13
2026-01-31,Indiana Pacers,Atlanta Hawks,IND,ATL,1,KXNBAGAME-26JAN31ATLIND-IND,2026-01-31T04:47:00Z,2026-02-01T02:37:28Z,2026-02-01T03:00:00Z,0.03,0.48,20
2026-01-31,Philadelphia 76ers,New Orleans Pelicans,PHI,NOP,1,KXNBAGAME-26JAN31NOPPHI-PHI,2026-01-31T04:47:00Z,2026-02-01T03:01:06Z,2026-02-01T03:30:00Z,0.86,0.68,20
2026-01-31,Memphis Grizzlies,Minnesota Timberwolves,MEM,MIN,0,KXNBAGAME-26JAN31MINMEM-MEM,2026-01-31T04:47:00Z,2026-02-01T03:27:27Z,2026-02-01T04:00:00Z,0.28,0.2,21
2026-01-31,Houston Rockets,Dallas Mavericks,HOU,DAL,1,KXNBAGAME-26JAN31DALHOU-HOU,2026-01-31T04:47:00Z,2026-02-01T04:10:05Z,2026-02-01T04:30:00Z,0.8,0.79,21
2026-02-01,Denver Nuggets,Oklahoma City Thunder,DEN,OKC,0,KXNBAGAME-26FEB01OKCDEN-DEN,2026-01-31T04:48:00Z,2026-02-02T05:10:00Z,2026-02-02T05:30:00Z,0.39,0.33,46
2026-02-01,Portland Trail Blazers,Cleveland Cavaliers,POR,CLE,0,KXNBAGAME-26FEB01CLEPOR-POR,2026-01-31T04:48:00Z,2026-02-02T04:25:27Z,2026-02-02T05:00:00Z,0.53,0.38,46
2026-02-01,Phoenix Suns,LA Clippers,PHX,LAC,0,KXNBAGAME-26FEB01LACPHX-PHX,2026-01-31T04:48:00Z,2026-02-02T03:50:19Z,2026-02-02T04:00:00Z,0.56,0.58,45
2026-02-01,New York Knicks,Los Angeles Lakers,NYK,LAL,1,KXNBAGAME-26FEB01LALNYK-NYK,2026-01-31T04:48:00Z,2026-02-02T02:30:38Z,2026-02-02T03:00:00Z,0.86,0.68,44
2026-02-01,Washington Wizards,Sacramento Kings,WAS,SAC,1,KXNBAGAME-26FEB01SACWAS-WAS,2026-01-31T04:48:00Z,2026-02-02T01:39:58Z,2026-02-02T02:00:00Z,0.52,0.48,43
2026-02-01,Miami Heat,Chicago Bulls,MIA,CHI,1,KXNBAGAME-26FEB01CHIMIA-MIA,2026-01-31T04:48:00Z,2026-02-02T01:35:44Z,2026-02-02T02:00:00Z,0.87,0.67,43
2026-02-01,Detroit Pistons,Brooklyn Nets,DET,BKN,1,KXNBAGAME-26FEB01BKNDET-DET,2026-01-31T04:48:00Z,2026-02-02T01:33:43Z,2026-02-02T02:00:00Z,0.22,0.87,43
2026-02-01,San Antonio Spurs,Orlando Magic,SAS,ORL,1,KXNBAGAME-26FEB01ORLSAS-SAS,2026-01-31T04:47:00Z,2026-02-02T04:39:50Z,2026-02-02T00:00:00Z,0.87,0.56,41
2026-02-01,Boston Celtics,Milwaukee Bucks,BOS,MIL,1,KXNBAGAME-26FEB01MILBOS-BOS,2026-01-31T04:47:00Z,2026-02-01T23:15:48Z,2026-02-01T23:30:00Z,0.87,0.85,40
2026-02-01,Toronto Raptors,Utah Jazz,TOR,UTA,1,KXNBAGAME-26FEB01UTATOR-TOR,2026-01-31T04:48:00Z,2026-02-02T01:57:35Z,2026-02-02T02:00:00Z,0.87,0.79,43
2026-02-02,Charlotte Hornets,New Orleans Pelicans,CHA,NOP,1,KXNBAGAME-26FEB02NOPCHA-CHA,2026-02-01T05:36:00Z,2026-02-02T22:35:26Z,2026-02-03T03:00:00Z,0.73,0.99,42
2026-02-02,Indiana Pacers,Houston Rockets,IND,HOU,0,KXNBAGAME-26FEB02HOUIND-IND,2026-02-01T05:36:00Z,2026-02-03T02:47:24Z,2026-02-03T03:00:00Z,0.24,0.3,43
2026-02-02,Memphis Grizzlies,Minnesota Timberwolves,MEM,MIN,1,KXNBAGAME-26FEB02MINMEM-MEM,2026-02-01T05:36:00Z,2026-02-03T03:43:23Z,2026-02-03T03:30:00Z,0.42,0.28,43
2026-02-02,LA Clippers,Philadelphia 76ers,LAC,PHI,0,KXNBAGAME-26FEB02PHILAC-LAC,2026-02-01T05:36:00Z,2026-02-03T05:40:26Z,2026-02-03T06:00:00Z,0.55,0.5,46
2026-02-03,Oklahoma City Thunder,Orlando Magic,OKC,ORL,1,KXNBAGAME-26FEB03ORLOKC-OKC,2026-02-02T07:06:00Z,2026-02-04T03:40:27Z,2026-02-04T04:00:00Z,0.83,0.82,42
2026-02-03,Portland Trail Blazers,Phoenix Suns,POR,PHX,0,KXNBAGAME-26FEB03PHXPOR-POR,2026-02-02T07:06:00Z,2026-02-04T06:51:29Z,2026-02-04T07:00:00Z,0.38,0.41,45
2026-02-03,Golden State Warriors,Philadelphia 76ers,GSW,PHI,0,KXNBAGAME-26FEB03PHIGSW-GSW,2026-02-02T07:06:00Z,2026-02-04T05:33:26Z,2026-02-04T06:00:00Z,0.62,0.63,44
2026-02-03,Milwaukee Bucks,Chicago Bulls,MIL,CHI,1,KXNBAGAME-26FEB03CHIMIL-MIL,2026-02-02T07:06:00Z,2026-02-04T03:35:29Z,2026-02-04T04:00:00Z,0.42,0.48,42
2026-02-03,Dallas Mavericks,Boston Celtics,DAL,BOS,0,KXNBAGAME-26FEB03BOSDAL-DAL,2026-02-02T07:06:00Z,2026-02-04T03:43:26Z,2026-02-04T04:00:00Z,0.37,0.31,42
2026-02-03,Brooklyn Nets,Los Angeles Lakers,BKN,LAL,0,KXNBAGAME-26FEB03LALBKN-BKN,2026-02-02T07:06:00Z,2026-02-04T03:10:37Z,2026-02-04T03:30:00Z,0.29,0.26,41
2026-02-03,Washington Wizards,New York Knicks,WAS,NYK,0,KXNBAGAME-26FEB03NYKWAS-WAS,2026-02-02T07:06:00Z,2026-02-04T02:47:49Z,2026-02-04T03:00:00Z,0.17,0.17,41
2026-02-03,Indiana Pacers,Utah Jazz,IND,UTA,0,KXNBAGAME-26FEB03UTAIND-IND,2026-02-02T07:06:00Z,2026-02-04T02:28:06Z,2026-02-04T03:00:00Z,0.59,0.43,41
2026-02-03,Detroit Pistons,Denver Nuggets,DET,DEN,1,KXNBAGAME-26FEB03DENDET-DET,2026-02-02T07:06:00Z,2026-02-04T03:00:58Z,2026-02-04T03:00:00Z,0.62,0.65,41
2026-02-03,Miami Heat,Atlanta Hawks,MIA,ATL,0,KXNBAGAME-26FEB03ATLMIA-MIA,2026-02-02T07:06:00Z,2026-02-04T03:57:25Z,2026-02-04T03:30:00Z,0.58,0.53,41
2026-02-04,New York Knicks,Denver Nuggets,NYK,DEN,1,KXNBAGAME-26FEB04DENNYK-NYK,2026-02-02T19:05:00Z,2026-02-05T03:25:34Z,2026-02-05T03:00:00Z,0.87,0.64,53
2026-02-04,Toronto Raptors,Minnesota Timberwolves,TOR,MIN,0,KXNBAGAME-26FEB04MINTOR-TOR,2026-02-02T22:06:00Z,2026-02-05T03:17:36Z,2026-02-05T03:30:00Z,0.49,0.43,50
2026-02-04,Houston Rockets,Boston Celtics,HOU,BOS,0,KXNBAGAME-26FEB04BOSHOU-HOU,2026-02-02T22:06:00Z,2026-02-05T03:35:31Z,2026-02-05T04:00:00Z,0.63,0.73,51
2026-02-04,Milwaukee Bucks,New Orleans Pelicans,MIL,NOP,1,KXNBAGAME-26FEB04NOPMIL-MIL,2026-02-02T22:06:00Z,2026-02-05T04:00:41Z,2026-02-05T04:00:00Z,0.41,0.38,51
2026-02-04,San Antonio Spurs,Oklahoma City Thunder,SAS,OKC,1,KXNBAGAME-26FEB04OKCSAS-SAS,2026-02-02T22:06:00Z,2026-02-05T05:10:31Z,2026-02-05T05:30:00Z,0.43,0.79,52
2026-02-04,Sacramento Kings,Memphis Grizzlies,SAC,MEM,0,KXNBAGAME-26FEB04MEMSAC-SAC,2026-02-02T22:06:00Z,2026-02-05T05:57:28Z,2026-02-05T06:00:00Z,0.45,0.58,53
2026-02-04,LA Clippers,Cleveland Cavaliers,LAC,CLE,0,KXNBAGAME-26FEB04CLELAC-LAC,2026-02-03T01:06:00Z,2026-02-05T06:00:39Z,2026-02-05T06:30:00Z,0.57,0.42,50
2026-02-05,Atlanta Hawks,Utah Jazz,ATL,UTA,1,KXNBAGAME-26FEB05UTAATL-ATL,2026-02-03T22:06:00Z,2026-02-06T03:05:31Z,2026-02-06T03:30:00Z,0.75,0.75,49
2026-02-05,Los Angeles Lakers,Philadelphia 76ers,LAL,PHI,1,KXNBAGAME-26FEB05PHILAL-LAL,2026-02-03T22:06:00Z,2026-02-06T05:57:25Z,2026-02-06T06:00:00Z,0.64,0.57,52
2026-02-05,Phoenix Suns,Golden State Warriors,PHX,GSW,0,KXNBAGAME-26FEB05GSWPHX-PHX,2026-02-03T22:06:00Z,2026-02-06T05:35:24Z,2026-02-06T06:00:00Z,0.61,0.66,52
2026-02-05,Dallas Mavericks,San Antonio Spurs,DAL,SAS,0,KXNBAGAME-26FEB05SASDAL-DAL,2026-02-03T22:06:00Z,2026-02-06T04:05:28Z,2026-02-06T04:30:00Z,0.32,0.27,50
2026-02-05,Orlando Magic,Brooklyn Nets,ORL,BKN,1,KXNBAGAME-26FEB05BKNORL-ORL,2026-02-03T19:06:00Z,2026-02-06T02:53:32Z,2026-02-06T03:00:00Z,0.69,0.78,53
2026-02-05,Toronto Raptors,Chicago Bulls,TOR,CHI,1,KXNBAGAME-26FEB05CHITOR-TOR,2026-02-03T22:06:00Z,2026-02-06T03:03:34Z,2026-02-06T03:30:00Z,0.64,0.74,50
2026-02-05,Detroit Pistons,Washington Wizards,DET,WAS,0,KXNBAGAME-26FEB05WASDET-DET,2026-02-03T19:06:00Z,2026-02-06T02:45:39Z,2026-02-06T03:00:00Z,0.87,0.9,53
2026-02-05,Houston Rockets,Charlotte Hornets,HOU,CHA,0,KXNBAGAME-26FEB05CHAHOU-HOU,2026-02-03T22:06:00Z,2026-02-06T03:50:28Z,2026-02-06T04:00:00Z,0.67,0.63,51
2026-02-06,Sacramento Kings,LA Clippers,SAC,LAC,0,KXNBAGAME-26FEB06LACSAC-SAC,2026-02-05T01:07:00Z,2026-02-07T05:51:22Z,2026-02-07T06:00:00Z,0.24,0.41,50
2026-02-06,Boston Celtics,Miami Heat,BOS,MIA,1,KXNBAGAME-26FEB06MIABOS-BOS,2026-02-05T01:07:00Z,2026-02-07T03:15:35Z,2026-02-07T03:30:00Z,0.72,0.68,47
2026-02-06,Detroit Pistons,New York Knicks,DET,NYK,1,KXNBAGAME-26FEB06NYKDET-DET,2026-02-05T01:06:00Z,2026-02-07T03:15:34Z,2026-02-07T03:30:00Z,0.56,0.67,47
2026-02-06,Milwaukee Bucks,Indiana Pacers,MIL,IND,1,KXNBAGAME-26FEB06INDMIL-MIL,2026-02-05T01:07:00Z,2026-02-07T03:30:20Z,2026-02-07T04:00:00Z,0.48,0.47,48
2026-02-06,Minnesota Timberwolves,New Orleans Pelicans,MIN,NOP,0,KXNBAGAME-26FEB06NOPMIN-MIN,2026-02-05T01:07:00Z,2026-02-07T03:33:27Z,2026-02-07T04:00:00Z,0.83,0.76,48
2026-02-06,Portland Trail Blazers,Memphis Grizzlies,POR,MEM,1,KXNBAGAME-26FEB06MEMPOR-POR,2026-02-05T01:07:00Z,2026-02-07T05:31:33Z,2026-02-07T06:00:00Z,0.7,0.73,50
2026-02-07,Portland Trail Blazers,Memphis Grizzlies,POR,MEM,1,KXNBAGAME-26FEB07MEMPOR-POR,2026-02-05T22:06:00Z,2026-02-08T05:29:52Z,2026-02-08T06:00:00Z,0.6,0.74,53
2026-02-07,Phoenix Suns,Philadelphia 76ers,PHX,PHI,0,KXNBAGAME-26FEB07PHIPHX-PHX,2026-02-05T22:06:00Z,2026-02-08T05:05:25Z,2026-02-08T05:00:00Z,0.64,0.56,52
2026-02-07,Sacramento Kings,Cleveland Cavaliers,SAC,CLE,0,KXNBAGAME-26FEB07CLESAC-SAC,2026-02-05T22:06:00Z,2026-02-08T05:35:27Z,2026-02-08T06:00:00Z,0.21,0.18,53
2026-02-07,Los Angeles Lakers,Golden State Warriors,LAL,GSW,1,KXNBAGAME-26FEB07GSWLAL-LAL,2026-02-05T22:06:00Z,2026-02-08T04:15:31Z,2026-02-08T04:30:00Z,0.63,0.55,51
2026-02-07,Chicago Bulls,Denver Nuggets,CHI,DEN,0,KXNBAGAME-26FEB07DENCHI-CHI,2026-02-05T22:06:00Z,2026-02-08T03:40:26Z,2026-02-08T04:00:00Z,0.22,0.25,51
2026-02-07,Atlanta Hawks,Charlotte Hornets,ATL,CHA,0,KXNBAGAME-26FEB07CHAATL-ATL,2026-02-05T22:06:00Z,2026-02-08T03:13:32Z,2026-02-08T03:30:00Z,0.41,0.46,50
2026-02-07,Orlando Magic,Utah Jazz,ORL,UTA,1,KXNBAGAME-26FEB07UTAORL-ORL,2026-02-05T19:06:00Z,2026-02-08T02:45:43Z,2026-02-08T03:00:00Z,0.78,0.72,53
2026-02-07,San Antonio Spurs,Dallas Mavericks,SAS,DAL,1,KXNBAGAME-26FEB07DALSAS-SAS,2026-02-05T19:06:00Z,2026-02-08T01:41:42Z,2026-02-08T02:00:00Z,0.84,0.8,52
2026-02-07,Oklahoma City Thunder,Houston Rockets,OKC,HOU,0,KXNBAGAME-26FEB07HOUOKC-OKC,2026-02-05T16:06:00Z,2026-02-07T23:23:48Z,2026-02-07T23:30:00Z,0.48,0.61,52
2026-02-07,Brooklyn Nets,Washington Wizards,BKN,WAS,1,KXNBAGAME-26FEB07WASBKN-BKN,2026-02-05T16:06:00Z,2026-02-07T22:32:04Z,2026-02-07T23:00:00Z,0.65,0.73,51
2026-02-08,Boston Celtics,New York Knicks,BOS,NYK,0,KXNBAGAME-26FEB08NYKBOS-BOS,2026-02-06T13:06:00Z,2026-02-08T20:10:50Z,2026-02-08T20:30:00Z,0.86,0.61,52
2026-02-08,Washington Wizards,Miami Heat,WAS,MIA,0,KXNBAGAME-26FEB08MIAWAS-WAS,2026-02-06T16:06:00Z,2026-02-08T21:35:28Z,2026-02-08T22:00:00Z,0.26,0.15,51
2026-02-08,Toronto Raptors,Indiana Pacers,TOR,IND,1,KXNBAGAME-26FEB08INDTOR-TOR,2026-02-06T16:06:00Z,2026-02-08T22:45:27Z,2026-02-08T23:00:00Z,0.66,0.76,52
2026-02-08,Minnesota Timberwolves,LA Clippers,MIN,LAC,0,KXNBAGAME-26FEB08LACMIN-MIN,2026-02-06T16:06:00Z,2026-02-08T22:45:28Z,2026-02-08T23:00:00Z,0.87,0.75,52
2026-02-09,Portland Trail Blazers,Philadelphia 76ers,POR,PHI,1,KXNBAGAME-26FEB09PHIPOR-POR,2026-02-07T22:06:00Z,2026-02-10T05:57:26Z,2026-02-10T06:00:00Z,0.45,0.6,53
2026-02-09,Los Angeles Lakers,Oklahoma City Thunder,LAL,OKC,0,KXNBAGAME-26FEB09OKCLAL-LAL,2026-02-07T22:06:00Z,2026-02-10T06:00:37Z,2026-02-10T06:00:00Z,0.44,0.31,53
2026-02-09,Golden State Warriors,Memphis Grizzlies,GSW,MEM,1,KXNBAGAME-26FEB09MEMGSW-GSW,2026-02-07T22:06:00Z,2026-02-10T05:57:26Z,2026-02-10T06:00:00Z,0.62,0.76,53
2026-02-09,Denver Nuggets,Cleveland Cavaliers,DEN,CLE,0,KXNBAGAME-26FEB09CLEDEN-DEN,2026-02-07T22:06:00Z,2026-02-10T04:50:31Z,2026-02-10T05:00:00Z,0.54,0.57,52
2026-02-09,New Orleans Pelicans,Sacramento Kings,NOP,SAC,1,KXNBAGAME-26FEB09SACNOP-NOP,2026-02-07T22:06:00Z,2026-02-10T03:43:32Z,2026-02-10T04:00:00Z,0.67,0.78,51
2026-02-09,Orlando Magic,Milwaukee Bucks,ORL,MIL,1,KXNBAGAME-26FEB09MILORL-ORL,2026-02-07T22:06:00Z,2026-02-10T03:13:44Z,2026-02-10T03:30:00Z,0.73,0.78,50
2026-02-09,Miami Heat,Utah Jazz,MIA,UTA,0,KXNBAGAME-26FEB09UTAMIA-MIA,2026-02-07T22:06:00Z,2026-02-10T03:25:36Z,2026-02-10T03:30:00Z,0.66,0.7,50
2026-02-09,Brooklyn Nets,Chicago Bulls,BKN,CHI,1,KXNBAGAME-26FEB09CHIBKN-BKN,2026-02-07T22:06:00Z,2026-02-10T03:17:43Z,2026-02-10T03:30:00Z,0.51,0.43,50
2026-02-09,Charlotte Hornets,Detroit Pistons,CHA,DET,0,KXNBAGAME-26FEB09DETCHA-CHA,2026-02-07T19:06:00Z,2026-02-10T02:53:51Z,2026-02-10T03:00:00Z,0.45,0.44,53
2026-02-09,Minnesota Timberwolves,Atlanta Hawks,MIN,ATL,1,KXNBAGAME-26FEB09ATLMIN-MIN,2026-02-07T22:06:00Z,2026-02-10T03:45:38Z,2026-02-10T04:00:00Z,0.63,0.75,51
2026-02-10,New York Knicks,Indiana Pacers,NYK,IND,0,KXNBAGAME-26FEB10INDNYK-NYK,2026-02-08T22:06:00Z,2026-02-11T03:35:29Z,2026-02-11T03:30:00Z,0.82,0.83,50
2026-02-10,Houston Rockets,LA Clippers,HOU,LAC,1,KXNBAGAME-26FEB10LACHOU-HOU,2026-02-08T22:06:00Z,2026-02-11T03:40:17Z,2026-02-11T04:00:00Z,0.72,0.74,51
2026-02-10,Phoenix Suns,Dallas Mavericks,PHX,DAL,1,KXNBAGAME-26FEB10DALPHX-PHX,2026-02-08T22:06:00Z,2026-02-11T04:27:27Z,2026-02-11T05:00:00Z,0.7,0.74,51
2026-02-10,Los Angeles Lakers,San Antonio Spurs,LAL,SAS,0,KXNBAGAME-26FEB10SASLAL-LAL,2026-02-09T01:06:00Z,2026-02-11T06:03:27Z,2026-02-11T06:30:00Z,0.42,0.16,50
2026-02-11,Minnesota Timberwolves,Portland Trail Blazers,MIN,POR,1,KXNBAGAME-26FEB11PORMIN-MIN,2026-02-09T22:06:00Z,2026-02-12T03:41:52Z,2026-02-12T04:00:00Z,0.74,0.73,49
2026-02-11,Golden State Warriors,San Antonio Spurs,GSW,SAS,0,KXNBAGAME-26FEB11SASGSW-GSW,2026-02-09T22:06:00Z,2026-02-12T05:57:33Z,2026-02-12T06:00:00Z,0.45,0.33,52
2026-02-11,Denver Nuggets,Memphis Grizzlies,DEN,MEM,1,KXNBAGAME-26FEB11MEMDEN-DEN,2026-02-09T22:06:00Z,2026-02-12T04:43:32Z,2026-02-12T05:00:00Z,0.74,0.86,48
2026-02-11,Utah Jazz,Sacramento Kings,UTA,SAC,1,KXNBAGAME-26FEB11SACUTA-UTA,2026-02-09T22:06:00Z,2026-02-12T04:27:39Z,2026-02-12T05:00:00Z,0.5,0.66,51
2026-02-11,Phoenix Suns,Oklahoma City Thunder,PHX,OKC,0,KXNBAGAME-26FEB11OKCPHX-PHX,2026-02-09T22:06:00Z,2026-02-12T04:40:45Z,2026-02-12T05:00:00Z,0.35,0.3,45
2026-02-11,New Orleans Pelicans,Miami Heat,NOP,MIA,0,KXNBAGAME-26FEB11MIANOP-NOP,2026-02-09T22:06:00Z,2026-02-12T03:37:49Z,2026-02-12T04:00:00Z,0.38,0.54,45
2026-02-11,Houston Rockets,LA Clippers,HOU,LAC,0,KXNBAGAME-26FEB11LACHOU-HOU,2026-02-09T22:06:00Z,2026-02-12T03:47:41Z,2026-02-12T04:00:00Z,0.68,0.75,47
2026-02-11,Toronto Raptors,Detroit Pistons,TOR,DET,0,KXNBAGAME-26FEB11DETTOR-TOR,2026-02-09T22:06:00Z,2026-02-12T03:20:35Z,2026-02-12T03:30:00Z,0.42,0.51,47
2026-02-11,Philadelphia 76ers,New York Knicks,PHI,NYK,0,KXNBAGAME-26FEB11NYKPHI-PHI,2026-02-09T22:06:00Z,2026-02-12T03:10:37Z,2026-02-12T03:30:00Z,0.47,0.45,49
2026-02-11,Brooklyn Nets,Indiana Pacers,BKN,IND,0,KXNBAGAME-26FEB11INDBKN-BKN,2026-02-09T22:06:00Z,2026-02-12T03:08:00Z,2026-02-12T03:30:00Z,0.53,0.68,49
2026-02-11,Boston Celtics,Chicago Bulls,BOS,CHI,1,KXNBAGAME-26FEB11CHIBOS-BOS,2026-02-09T22:06:00Z,2026-02-12T02:54:01Z,2026-02-12T03:30:00Z,0.81,0.86,49
2026-02-11,Orlando Magic,Milwaukee Bucks,ORL,MIL,0,KXNBAGAME-26FEB11MILORL-ORL,2026-02-09T19:06:00Z,2026-02-12T02:41:33Z,2026-02-12T03:00:00Z,0.77,0.81,51
2026-02-11,Cleveland Cavaliers,Washington Wizards,CLE,WAS,1,KXNBAGAME-26FEB11WASCLE-CLE,2026-02-09T19:06:00Z,2026-02-12T02:58:04Z,2026-02-12T03:00:00Z,0.83,0.9,51
2026-02-11,Charlotte Hornets,Atlanta Hawks,CHA,ATL,1,KXNBAGAME-26FEB11ATLCHA-CHA,2026-02-09T19:06:00Z,2026-02-12T02:44:03Z,2026-02-12T03:00:00Z,0.53,0.55,52
2026-02-12,Oklahoma City Thunder,Milwaukee Bucks,OKC,MIL,0,KXNBAGAME-26FEB12MILOKC-OKC,2026-02-10T22:06:00Z,2026-02-13T03:01:29Z,2026-02-13T03:30:00Z,0.84,0.82,47
2026-02-12,Utah Jazz,Portland Trail Blazers,UTA,POR,0,KXNBAGAME-26FEB12PORUTA-UTA,2026-02-10T22:06:00Z,2026-02-13T04:41:28Z,2026-02-13T05:00:00Z,0.87,0.33,48
2026-02-12,Los Angeles Lakers,Dallas Mavericks,LAL,DAL,1,KXNBAGAME-26FEB12DALLAL-LAL,2026-02-10T22:06:00Z,2026-02-13T05:37:28Z,2026-02-13T06:00:00Z,0.74,0.7,52
2026-02-19,LA Clippers,Denver Nuggets,LAC,DEN,1,KXNBAGAME-26FEB19DENLAC-LAC,2026-02-16T15:37:00Z,2026-02-20T06:22:08Z,2026-02-20T06:30:00Z,0.4,0.38,82
2026-02-19,Sacramento Kings,Orlando Magic,SAC,ORL,0,KXNBAGAME-26FEB19ORLSAC-SAC,2026-02-16T15:37:00Z,2026-02-20T05:44:20Z,2026-02-20T06:00:00Z,0.3,0.25,83
2026-02-19,Golden State Warriors,Boston Celtics,GSW,BOS,0,KXNBAGAME-26FEB19BOSGSW-GSW,2026-02-16T15:37:00Z,2026-02-20T05:42:22Z,2026-02-20T06:00:00Z,0.46,0.35,83
2026-02-19,San Antonio Spurs,Phoenix Suns,SAS,PHX,1,KXNBAGAME-26FEB19PHXSAS-SAS,2026-02-16T15:37:00Z,2026-02-20T03:56:24Z,2026-02-20T04:30:00Z,0.77,0.73,82
2026-02-19,Chicago Bulls,Toronto Raptors,CHI,TOR,0,KXNBAGAME-26FEB19TORCHI-CHI,2026-02-16T15:37:00Z,2026-02-20T03:44:27Z,2026-02-20T04:00:00Z,0.56,0.34,82
2026-02-19,New York Knicks,Detroit Pistons,NYK,DET,0,KXNBAGAME-26FEB19DETNYK-NYK,2026-02-16T15:37:00Z,2026-02-20T03:16:45Z,2026-02-20T03:30:00Z,0.65,0.61,81
2026-02-19,Washington Wizards,Indiana Pacers,WAS,IND,1,KXNBAGAME-26FEB19INDWAS-WAS,2026-02-16T15:37:00Z,2026-02-20T02:50:47Z,2026-02-20T03:00:00Z,0.46,0.46,79
2026-02-19,Philadelphia 76ers,Atlanta Hawks,PHI,ATL,0,KXNBAGAME-26FEB19ATLPHI-PHI,2026-02-16T15:37:00Z,2026-02-20T02:50:45Z,2026-02-20T03:00:00Z,0.6,0.52,81
2026-02-19,Cleveland Cavaliers,Brooklyn Nets,CLE,BKN,1,KXNBAGAME-26FEB19BKNCLE-CLE,2026-02-16T15:37:00Z,2026-02-20T02:31:05Z,2026-02-20T03:00:00Z,0.84,0.9,80
2026-02-19,Charlotte Hornets,Houston Rockets,CHA,HOU,0,KXNBAGAME-26FEB19HOUCHA-CHA,2026-02-16T15:37:00Z,2026-02-20T02:34:39Z,2026-02-20T03:00:00Z,0.84,0.38,81
2026-02-20,Charlotte Hornets,Cleveland Cavaliers,CHA,CLE,0,KXNBAGAME-26FEB20CLECHA-CHA,2026-02-18T14:06:00Z,2026-02-21T02:44:50Z,2026-02-21T03:00:00Z,0.44,0.34,57
2026-02-20,Washington Wizards,Indiana Pacers,WAS,IND,1,KXNBAGAME-26FEB20INDWAS-WAS,2026-02-18T14:06:00Z,2026-02-21T02:34:54Z,2026-02-21T03:00:00Z,0.43,0.52,57
2026-02-20,Memphis Grizzlies,Utah Jazz,MEM,UTA,1,KXNBAGAME-26FEB20UTAMEM-MEM,2026-02-18T14:06:00Z,2026-02-21T02:36:48Z,2026-02-21T03:00:00Z,0.6,0.56,57
2026-02-20,Atlanta Hawks,Miami Heat,ATL,MIA,0,KXNBAGAME-26FEB20MIAATL-ATL,2026-02-18T17:06:00Z,2026-02-21T02:58:36Z,2026-02-21T03:30:00Z,0.49,0.44,54
2026-02-20,Minnesota Timberwolves,Dallas Mavericks,MIN,DAL,1,KXNBAGAME-26FEB20DALMIN-MIN,2026-02-18T17:06:00Z,2026-02-21T03:20:45Z,2026-02-21T03:30:00Z,0.83,0.86,54
2026-02-20,New Orleans Pelicans,Milwaukee Bucks,NOP,MIL,0,KXNBAGAME-26FEB20MILNOP-NOP,2026-02-18T17:06:00Z,2026-02-21T03:23:34Z,2026-02-21T04:00:00Z,0.52,0.62,55
2026-02-20,Oklahoma City Thunder,Brooklyn Nets,OKC,BKN,1,KXNBAGAME-26FEB20BKNOKC-OKC,2026-02-18T17:06:00Z,2026-02-21T03:48:27Z,2026-02-21T04:00:00Z,0.85,0.9,55
2026-02-20,Los Angeles Lakers,LA Clippers,LAL,LAC,1,KXNBAGAME-26FEB20LACLAL-LAL,2026-02-18T17:06:00Z,2026-02-21T05:52:20Z,2026-02-21T06:00:00Z,0.71,0.7,58
2026-02-20,Portland Trail Blazers,Denver Nuggets,POR,DEN,0,KXNBAGAME-26FEB20DENPOR-POR,2026-02-18T17:06:00Z,2026-02-21T05:46:19Z,2026-02-21T06:00:00Z,0.49,0.48,58
2026-02-21,San Antonio Spurs,Sacramento Kings,SAS,SAC,1,KXNBAGAME-26FEB21SACSAS-SAS,2026-02-19T17:07:00Z,2026-02-22T03:46:12Z,2026-02-22T04:00:00Z,0.84,0.93,56
2026-02-21,New York Knicks,Houston Rockets,NYK,HOU,1,KXNBAGAME-26FEB21HOUNYK-NYK,2026-02-19T17:07:00Z,2026-02-22T04:24:05Z,2026-02-22T04:30:00Z,0.84,0.61,56
2026-02-21,Chicago Bulls,Detroit Pistons,CHI,DET,0,KXNBAGAME-26FEB21DETCHI-CHI,2026-02-19T17:07:00Z,2026-02-22T03:30:36Z,2026-02-22T04:00:00Z,0.84,0.18,56
2026-02-21,Phoenix Suns,Orlando Magic,PHX,ORL,1,KXNBAGAME-26FEB21ORLPHX-PHX,2026-02-19T14:06:00Z,2026-02-22T01:16:22Z,2026-02-22T01:00:00Z,0.56,0.59,55
2026-02-21,New Orleans Pelicans,Philadelphia 76ers,NOP,PHI,1,KXNBAGAME-26FEB21PHINOP-NOP,2026-02-19T14:06:00Z,2026-02-22T02:46:19Z,2026-02-22T03:00:00Z,0.48,0.4,57
2026-02-21,Miami Heat,Memphis Grizzlies,MIA,MEM,1,KXNBAGAME-26FEB21MEMMIA-MIA,2026-02-19T17:07:00Z,2026-02-22T03:44:18Z,2026-02-22T04:00:00Z,0.84,0.83,56
2026-02-22,Oklahoma City Thunder,Cleveland Cavaliers,OKC,CLE,1,KXNBAGAME-26FEB22CLEOKC-OKC,2026-02-20T08:06:00Z,2026-02-22T20:48:38Z,2026-02-22T21:00:00Z,0.59,0.38,58
2026-02-22,Atlanta Hawks,Brooklyn Nets,ATL,BKN,1,KXNBAGAME-26FEB22BKNATL-ATL,2026-02-20T11:06:00Z,2026-02-22T23:12:44Z,2026-02-22T23:30:00Z,0.75,0.79,57
2026-02-22,Milwaukee Bucks,Toronto Raptors,MIL,TOR,0,KXNBAGAME-26FEB22TORMIL-MIL,2026-02-20T11:06:00Z,2026-02-22T23:18:30Z,2026-02-22T23:30:00Z,0.39,0.42,57
2026-02-22,Golden State Warriors,Denver Nuggets,GSW,DEN,1,KXNBAGAME-26FEB22DENGSW-GSW,2026-02-20T11:06:00Z,2026-02-22T23:22:34Z,2026-02-22T23:30:00Z,0.4,0.32,57
2026-02-22,Indiana Pacers,Dallas Mavericks,IND,DAL,0,KXNBAGAME-26FEB22DALIND-IND,2026-02-20T14:06:00Z,2026-02-23T00:36:30Z,2026-02-23T01:00:00Z,0.48,0.49,56
2026-02-22,Washington Wizards,Charlotte Hornets,WAS,CHA,0,KXNBAGAME-26FEB22CHAWAS-WAS,2026-02-20T14:06:00Z,2026-02-23T01:30:48Z,2026-02-23T02:00:00Z,0.25,0.2,57
2026-02-22,Los Angeles Lakers,Boston Celtics,LAL,BOS,0,KXNBAGAME-26FEB22BOSLAL-LAL,2026-02-20T14:06:00Z,2026-02-23T02:04:30Z,2026-02-23T02:30:00Z,0.5,0.49,57
2026-02-22,Minnesota Timberwolves,Philadelphia 76ers,MIN,PHI,0,KXNBAGAME-26FEB22PHIMIN-MIN,2026-02-20T14:06:00Z,2026-02-23T02:36:15Z,2026-02-23T03:00:00Z,0.72,0.76,58
2026-02-22,Chicago Bulls,New York Knicks,CHI,NYK,0,KXNBAGAME-26FEB22NYKCHI-CHI,2026-02-20T17:06:00Z,2026-02-23T03:50:28Z,2026-02-23T04:00:00Z,0.32,0.23,56
2026-02-22,Phoenix Suns,Portland Trail Blazers,PHX,POR,0,KXNBAGAME-26FEB22PORPHX-PHX,2026-02-20T17:07:00Z,2026-02-23T03:24:23Z,2026-02-23T04:00:00Z,0.62,0.41,55
2026-02-22,LA Clippers,Orlando Magic,LAC,ORL,0,KXNBAGAME-26FEB22ORLLAC-LAC,2026-02-20T17:07:00Z,2026-02-23T04:50:23Z,2026-02-23T05:00:00Z,0.59,0.62,57
2026-02-23,Memphis Grizzlies,Sacramento Kings,MEM,SAC,0,KXNBAGAME-26FEB23SACMEM-MEM,2026-02-21T17:07:00Z,2026-02-24T03:42:29Z,2026-02-24T04:00:00Z,0.75,0.58,56
2026-02-23,Houston Rockets,Utah Jazz,HOU,UTA,1,KXNBAGAME-26FEB23UTAHOU-HOU,2026-02-21T17:07:00Z,2026-02-24T05:01:05Z,2026-02-24T05:30:00Z,0.76,0.88,57
2026-02-23,Detroit Pistons,San Antonio Spurs,DET,SAS,0,KXNBAGAME-26FEB23SASDET-DET,2026-02-21T14:06:00Z,2026-02-24T03:12:23Z,2026-02-24T03:00:00Z,0.14,0.53,58
2026-02-24,Indiana Pacers,Philadelphia 76ers,IND,PHI,0,KXNBAGAME-26FEB24PHIIND-IND,2026-02-22T14:06:00Z,2026-02-25T02:38:48Z,2026-02-25T03:00:00Z,0.3,0.18,58
2026-02-24,Atlanta Hawks,Washington Wizards,ATL,WAS,1,KXNBAGAME-26FEB24WASATL-ATL,2026-02-22T17:06:00Z,2026-02-25T03:44:24Z,2026-02-25T03:30:00Z,0.81,0.86,55
2026-02-24,Brooklyn Nets,Dallas Mavericks,BKN,DAL,0,KXNBAGAME-26FEB24DALBKN-BKN,2026-02-22T17:06:00Z,2026-02-25T03:43:03Z,2026-02-25T03:30:00Z,0.29,0.47,55
2026-02-24,Toronto Raptors,Oklahoma City Thunder,TOR,OKC,0,KXNBAGAME-26FEB24OKCTOR-TOR,2026-02-22T17:06:00Z,2026-02-25T03:12:53Z,2026-02-25T03:30:00Z,0.45,0.57,55
2026-02-24,Cleveland Cavaliers,New York Knicks,CLE,NYK,1,KXNBAGAME-26FEB24NYKCLE-CLE,2026-02-22T17:06:00Z,2026-02-25T03:20:59Z,2026-02-25T03:30:00Z,0.65,0.62,55
2026-02-24,Chicago Bulls,Charlotte Hornets,CHI,CHA,0,KXNBAGAME-26FEB24CHACHI-CHI,2026-02-22T17:06:00Z,2026-02-25T03:22:44Z,2026-02-25T04:00:00Z,0.3,0.26,56
2026-02-24,Milwaukee Bucks,Miami Heat,MIL,MIA,1,KXNBAGAME-26FEB24MIAMIL-MIL,2026-02-22T17:06:00Z,2026-02-25T03:40:53Z,2026-02-25T04:00:00Z,0.42,0.32,56
2026-02-24,New Orleans Pelicans,Golden State Warriors,NOP,GSW,1,KXNBAGAME-26FEB24GSWNOP-NOP,2026-02-22T17:06:00Z,2026-02-25T03:48:29Z,2026-02-25T04:00:00Z,0.48,0.48,56
2026-02-24,Phoenix Suns,Boston Celtics,PHX,BOS,0,KXNBAGAME-26FEB24BOSPHX-PHX,2026-02-22T17:06:00Z,2026-02-25T04:20:37Z,2026-02-25T05:00:00Z,0.44,0.34,57
2026-02-24,Los Angeles Lakers,Orlando Magic,LAL,ORL,0,KXNBAGAME-26FEB24ORLLAL-LAL,2026-02-22T20:06:00Z,2026-02-25T06:16:21Z,2026-02-25T06:30:00Z,0.63,0.68,55
2026-02-24,Portland Trail Blazers,Minnesota Timberwolves,POR,MIN,0,KXNBAGAME-26FEB24MINPOR-POR,2026-02-22T17:06:00Z,2026-02-25T05:54:15Z,2026-02-25T06:00:00Z,0.43,0.32,58
2026-02-25,Milwaukee Bucks,Cleveland Cavaliers,MIL,CLE,1,KXNBAGAME-26FEB25CLEMIL-MIL,2026-02-23T17:06:00Z,2026-02-26T03:36:22Z,2026-02-26T04:00:00Z,0.33,0.43,56
2026-02-25,Denver Nuggets,Boston Celtics,DEN,BOS,1,KXNBAGAME-26FEB25BOSDEN-DEN,2026-02-23T17:06:00Z,2026-02-26T05:46:09Z,2026-02-26T06:00:00Z,0.63,0.58,58
2026-02-25,Houston Rockets,Sacramento Kings,HOU,SAC,1,KXNBAGAME-26FEB25SACHOU-HOU,2026-02-23T17:06:00Z,2026-02-26T03:54:17Z,2026-02-26T04:00:00Z,0.76,0.88,56
2026-02-25,Memphis Grizzlies,Golden State Warriors,MEM,GSW,0,KXNBAGAME-26FEB25GSWMEM-MEM,2026-02-23T17:06:00Z,2026-02-26T03:06:31Z,2026-02-26T03:30:00Z,0.45,0.38,55
2026-02-25,Toronto Raptors,San Antonio Spurs,TOR,SAS,0,KXNBAGAME-26FEB25SASTOR-TOR,2026-02-23T17:06:00Z,2026-02-26T03:18:30Z,2026-02-26T03:30:00Z,0.36,0.34,55
2026-02-25,Detroit Pistons,Oklahoma City Thunder,DET,OKC,1,KXNBAGAME-26FEB25OKCDET-DET,2026-02-23T17:06:00Z,2026-02-26T03:20:34Z,2026-02-26T03:30:00Z,0.64,0.79,55
2026-02-26,Indiana Pacers,Charlotte Hornets,IND,CHA,0,KXNBAGAME-26FEB26CHAIND-IND,2026-02-24T14:06:00Z,2026-02-27T02:36:07Z,2026-02-27T03:00:00Z,0.24,0.17,58
2026-02-26,Philadelphia 76ers,Miami Heat,PHI,MIA,1,KXNBAGAME-26FEB26MIAPHI-PHI,2026-02-24T14:06:00Z,2026-02-27T02:40:27Z,2026-02-27T03:00:00Z,0.52,0.56,58
2026-02-26,Atlanta Hawks,Washington Wizards,ATL,WAS,1,KXNBAGAME-26FEB26WASATL-ATL,2026-02-24T17:07:00Z,2026-02-27T02:56:00Z,2026-02-27T03:30:00Z,0.8,0.82,55
2026-02-26,Brooklyn Nets,San Antonio Spurs,BKN,SAS,0,KXNBAGAME-26FEB26SASBKN-BKN,2026-02-24T17:07:00Z,2026-02-27T03:00:43Z,2026-02-27T03:30:00Z,0.18,0.18,55
2026-02-26,Orlando Magic,Houston Rockets,ORL,HOU,0,KXNBAGAME-26FEB26HOUORL-ORL,2026-02-24T17:07:00Z,2026-02-27T03:20:23Z,2026-02-27T03:30:00Z,0.48,0.44,55
2026-02-26,Chicago Bulls,Portland Trail Blazers,CHI,POR,0,KXNBAGAME-26FEB26PORCHI-CHI,2026-02-24T17:07:00Z,2026-02-27T03:40:23Z,2026-02-27T04:00:00Z,0.41,0.41,55
2026-02-26,Dallas Mavericks,Sacramento Kings,DAL,SAC,0,KXNBAGAME-26FEB26SACDAL-DAL,2026-02-24T17:07:00Z,2026-02-27T04:03:47Z,2026-02-27T04:30:00Z,0.75,0.75,56
2026-02-26,Phoenix Suns,Los Angeles Lakers,PHX,LAL,1,KXNBAGAME-26FEB26LALPHX-PHX,2026-02-24T17:07:00Z,2026-02-27T04:41:45Z,2026-02-27T05:00:00Z,0.44,0.34,57
2026-02-26,Utah Jazz,New Orleans Pelicans,UTA,NOP,0,KXNBAGAME-26FEB26NOPUTA-UTA,2026-02-24T17:07:00Z,2026-02-27T04:43:46Z,2026-02-27T05:00:00Z,0.46,0.33,57
2026-02-26,LA Clippers,Minnesota Timberwolves,LAC,MIN,0,KXNBAGAME-26FEB26MINLAC-LAC,2026-02-24T17:07:00Z,2026-02-27T05:57:44Z,2026-02-27T06:00:00Z,0.43,0.25,58
2026-02-27,Oklahoma City Thunder,Denver Nuggets,OKC,DEN,1,KXNBAGAME-26FEB27DENOKC-OKC,2026-02-25T17:07:00Z,2026-02-28T05:44:21Z,2026-02-28T05:30:00Z,0.65,0.7,56
2026-02-27,Dallas Mavericks,Memphis Grizzlies,DAL,MEM,0,KXNBAGAME-26FEB27MEMDAL-DAL,2026-02-25T17:07:00Z,2026-02-28T04:05:54Z,2026-02-28T04:30:00Z,0.56,0.65,56
2026-02-27,Boston Celtics,Brooklyn Nets,BOS,BKN,1,KXNBAGAME-26FEB27BKNBOS-BOS,2026-02-25T17:07:00Z,2026-02-28T03:04:09Z,2026-02-28T03:30:00Z,0.87,0.91,54
2026-02-27,Detroit Pistons,Cleveland Cavaliers,DET,CLE,1,KXNBAGAME-26FEB27CLEDET-DET,2026-02-25T14:06:00Z,2026-02-28T03:35:31Z,2026-02-28T03:00:00Z,0.78,0.75,58
2026-02-27,Milwaukee Bucks,New York Knicks,MIL,NYK,0,KXNBAGAME-26FEB27NYKMIL-MIL,2026-02-25T17:07:00Z,2026-02-28T03:32:04Z,2026-02-28T04:00:00Z,0.35,0.28,55
2026-02-28,Charlotte Hornets,Portland Trail Blazers,CHA,POR,1,KXNBAGAME-26FEB28PORCHA-CHA,2026-02-26T11:06:00Z,2026-02-28T20:46:01Z,2026-02-28T21:00:00Z,0.78,0.71,55
2026-02-28,Miami Heat,Houston Rockets,MIA,HOU,1,KXNBAGAME-26FEB28HOUMIA-MIA,2026-02-26T11:06:00Z,2026-02-28T23:27:56Z,2026-02-28T23:30:00Z,0.65,0.44,57
2026-02-28,Washington Wizards,Toronto Raptors,WAS,TOR,0,KXNBAGAME-26FEB28TORWAS-WAS,2026-02-26T14:06:00Z,2026-03-01T02:41:54Z,2026-03-01T03:00:00Z,0.22,0.13,58
2026-02-28,Golden State Warriors,Los Angeles Lakers,GSW,LAL,0,KXNBAGAME-26FEB28LALGSW-GSW,2026-02-26T17:06:00Z,2026-03-01T03:57:04Z,2026-03-01T04:30:00Z,0.38,0.41,56
2026-02-28,Utah Jazz,New Orleans Pelicans,UTA,NOP,0,KXNBAGAME-26FEB28NOPUTA-UTA,2026-02-26T17:06:00Z,2026-03-01T05:17:48Z,2026-03-01T05:30:00Z,0.37,0.33,57
2026-03-01,Los Angeles Lakers,Sacramento Kings,LAL,SAC,1,KXNBAGAME-26MAR01SACLAL-LAL,2026-02-27T17:07:00Z,2026-03-02T05:03:50Z,2026-03-02T05:30:00Z,0.81,0.87,57
2026-03-01,LA Clippers,New Orleans Pelicans,LAC,NOP,1,KXNBAGAME-26MAR01NOPLAC-LAC,2026-02-27T17:07:00Z,2026-03-02T04:47:48Z,2026-03-02T05:00:00Z,0.66,0.75,57
2026-03-01,Dallas Mavericks,Oklahoma City Thunder,DAL,OKC,0,KXNBAGAME-26MAR01OKCDAL-DAL,2026-02-27T17:07:00Z,2026-03-02T03:43:54Z,2026-03-02T04:00:00Z,0.2,0.1,56
2026-03-01,Orlando Magic,Detroit Pistons,ORL,DET,0,KXNBAGAME-26MAR01DETORL-ORL,2026-02-27T14:06:00Z,2026-03-02T01:37:52Z,2026-03-02T02:00:00Z,0.35,0.35,57
2026-03-01,Boston Celtics,Philadelphia 76ers,BOS,PHI,1,KXNBAGAME-26MAR01PHIBOS-BOS,2026-02-27T17:07:00Z,2026-03-02T03:45:59Z,2026-03-02T04:00:00Z,0.67,0.76,56
2026-03-01,Indiana Pacers,Memphis Grizzlies,IND,MEM,0,KXNBAGAME-26MAR01MEMIND-IND,2026-02-27T14:06:00Z,2026-03-02T01:01:09Z,2026-03-02T01:00:00Z,0.48,0.49,55
2026-03-01,Denver Nuggets,Minnesota Timberwolves,DEN,MIN,0,KXNBAGAME-26MAR01MINDEN-DEN,2026-02-27T11:06:00Z,2026-03-01T23:41:13Z,2026-03-01T23:30:00Z,0.56,0.58,57
2026-03-01,New York Knicks,San Antonio Spurs,NYK,SAS,1,KXNBAGAME-26MAR01SASNYK-NYK,2026-02-27T08:05:00Z,2026-03-01T20:56:12Z,2026-03-01T21:00:00Z,0.21,0.49,58
2026-03-01,Atlanta Hawks,Portland Trail Blazers,ATL,POR,1,KXNBAGAME-26MAR01PORATL-ATL,2026-02-27T14:06:00Z,2026-03-02T01:30:59Z,2026-03-02T02:00:00Z,0.65,0.68,56
2026-03-01,Chicago Bulls,Milwaukee Bucks,CHI,MIL,1,KXNBAGAME-26MAR01MILCHI-CHI,2026-02-27T11:06:00Z,2026-03-01T23:32:10Z,2026-03-01T23:30:00Z,0.46,0.44,56
2026-03-01,Brooklyn Nets,Cleveland Cavaliers,BKN,CLE,0,KXNBAGAME-26MAR01CLEBKN-BKN,2026-02-27T11:06:00Z,2026-03-01T23:36:07Z,2026-03-01T23:30:00Z,0.14,0.15,57
2026-03-02,Washington Wizards,Houston Rockets,WAS,HOU,0,KXNBAGAME-26MAR02HOUWAS-WAS,2026-02-28T14:06:00Z,2026-03-03T02:46:02Z,2026-03-03T03:00:00Z,0.15,0.11,57
2026-03-02,Milwaukee Bucks,Boston Celtics,MIL,BOS,0,KXNBAGAME-26MAR02BOSMIL-MIL,2026-02-28T17:06:00Z,2026-03-03T02:50:38Z,2026-03-03T03:30:00Z,0.29,0.44,54
2026-03-02,Utah Jazz,Denver Nuggets,UTA,DEN,0,KXNBAGAME-26MAR02DENUTA-UTA,2026-02-28T17:07:00Z,2026-03-03T05:01:32Z,2026-03-03T05:00:00Z,0.23,0.17,57
2026-03-02,Golden State Warriors,LA Clippers,GSW,LAC,0,KXNBAGAME-26MAR02LACGSW-GSW,2026-02-28T17:06:00Z,2026-03-03T05:37:23Z,2026-03-03T06:00:00Z,0.61,0.5,57
2026-03-03,Sacramento Kings,Phoenix Suns,SAC,PHX,0,KXNBAGAME-26MAR03PHXSAC-SAC,2026-03-01T20:07:00Z,2026-03-04T06:45:47Z,2026-03-04T07:00:00Z,0.15,0.23,56
2026-03-03,Los Angeles Lakers,New Orleans Pelicans,LAL,NOP,1,KXNBAGAME-26MAR03NOPLAL-LAL,2026-03-01T20:07:00Z,2026-03-04T06:15:53Z,2026-03-04T06:30:00Z,0.8,0.75,55
2026-03-03,Minnesota Timberwolves,Memphis Grizzlies,MIN,MEM,1,KXNBAGAME-26MAR03MEMMIN-MIN,2026-03-01T17:06:00Z,2026-03-04T03:40:51Z,2026-03-04T04:00:00Z,0.87,0.87,55
2026-03-03,Toronto Raptors,New York Knicks,TOR,NYK,0,KXNBAGAME-26MAR03NYKTOR-TOR,2026-03-01T17:06:00Z,2026-03-04T03:08:02Z,2026-03-04T03:30:00Z,0.87,0.43,55
2026-03-03,Chicago Bulls,Oklahoma City Thunder,CHI,OKC,0,KXNBAGAME-26MAR03OKCCHI-CHI,2026-03-01T17:07:00Z,2026-03-04T03:33:59Z,2026-03-04T04:00:00Z,0.18,0.23,54
2026-03-03,Orlando Magic,Washington Wizards,ORL,WAS,1,KXNBAGAME-26MAR03WASORL-ORL,2026-03-01T14:06:00Z,2026-03-04T02:44:15Z,2026-03-04T03:00:00Z,0.87,0.9,58
2026-03-03,Cleveland Cavaliers,Detroit Pistons,CLE,DET,1,KXNBAGAME-26MAR03DETCLE-CLE,2026-03-01T14:07:00Z,2026-03-04T02:38:05Z,2026-03-04T03:00:00Z,0.49,0.43,58
2026-03-03,Charlotte Hornets,Dallas Mavericks,CHA,DAL,1,KXNBAGAME-26MAR03DALCHA-CHA,2026-03-01T14:07:00Z,2026-03-04T02:44:15Z,2026-03-04T03:00:00Z,0.84,0.86,58
2026-03-03,Miami Heat,Brooklyn Nets,MIA,BKN,1,KXNBAGAME-26MAR03BKNMIA-MIA,2026-03-01T17:06:00Z,2026-03-04T03:11:20Z,2026-03-04T03:30:00Z,0.81,0.85,55
2026-03-03,Philadelphia 76ers,San Antonio Spurs,PHI,SAS,0,KXNBAGAME-26MAR03SASPHI-PHI,2026-03-01T17:06:00Z,2026-03-04T04:01:10Z,2026-03-04T04:00:00Z,0.28,0.27,56
2026-03-04,New York Knicks,Oklahoma City Thunder,NYK,OKC,0,KXNBAGAME-26MAR04OKCNYK-NYK,2026-03-02T14:06:00Z,2026-03-05T03:04:09Z,2026-03-05T03:00:00Z,0.44,0.4,58
2026-03-04,Boston Celtics,Charlotte Hornets,BOS,CHA,0,KXNBAGAME-26MAR04CHABOS-BOS,2026-03-02T17:06:00Z,2026-03-05T03:06:03Z,2026-03-05T03:30:00Z,0.67,0.7,55
2026-03-04,Philadelphia 76ers,Utah Jazz,PHI,UTA,1,KXNBAGAME-26MAR04UTAPHI-PHI,2026-03-02T17:06:00Z,2026-03-05T03:06:03Z,2026-03-05T03:30:00Z,0.82,0.75,55
2026-03-04,Memphis Grizzlies,Portland Trail Blazers,MEM,POR,0,KXNBAGAME-26MAR04PORMEM-MEM,2026-03-02T17:06:00Z,2026-03-05T03:42:01Z,2026-03-05T04:00:00Z,0.38,0.24,55
2026-03-04,Milwaukee Bucks,Atlanta Hawks,MIL,ATL,0,KXNBAGAME-26MAR04ATLMIL-MIL,2026-03-02T17:07:00Z,2026-03-05T05:20:23Z,2026-03-05T05:30:00Z,0.54,0.51,56
2026-03-04,LA Clippers,Indiana Pacers,LAC,IND,1,KXNBAGAME-26MAR04INDLAC-LAC,2026-03-02T20:07:00Z,2026-03-05T06:20:36Z,2026-03-05T06:30:00Z,0.84,0.84,55
2026-03-05,San Antonio Spurs,Detroit Pistons,SAS,DET,1,KXNBAGAME-26MAR05DETSAS-SAS,2026-03-03T17:06:00Z,2026-03-06T03:52:02Z,2026-03-06T04:00:00Z,0.6,0.58,56
2026-03-05,Sacramento Kings,New Orleans Pelicans,SAC,NOP,0,KXNBAGAME-26MAR05NOPSAC-SAC,2026-03-03T17:06:00Z,2026-03-06T05:41:54Z,2026-03-06T06:00:00Z,0.32,0.31,58
2026-03-05,Denver Nuggets,Los Angeles Lakers,DEN,LAL,1,KXNBAGAME-26MAR05LALDEN-DEN,2026-03-03T17:06:00Z,2026-03-06T05:44:15Z,2026-03-06T06:00:00Z,0.61,0.61,58
2026-03-05,Phoenix Suns,Chicago Bulls,PHX,CHI,0,KXNBAGAME-26MAR05CHIPHX-PHX,2026-03-03T17:06:00Z,2026-03-06T04:41:54Z,2026-03-06T05:00:00Z,0.75,0.84,57
2026-03-05,Houston Rockets,Golden State Warriors,HOU,GSW,0,KXNBAGAME-26MAR05GSWHOU-HOU,2026-03-03T17:06:00Z,2026-03-06T03:32:05Z,2026-03-06T03:30:00Z,0.76,0.79,54
2026-03-05,Miami Heat,Brooklyn Nets,MIA,BKN,1,KXNBAGAME-26MAR05BKNMIA-MIA,2026-03-03T17:06:00Z,2026-03-06T03:16:12Z,2026-03-06T03:30:00Z,0.84,0.87,55
2026-03-05,Washington Wizards,Utah Jazz,WAS,UTA,0,KXNBAGAME-26MAR05UTAWAS-WAS,2026-03-03T14:06:00Z,2026-03-06T02:31:30Z,2026-03-06T03:00:00Z,0.55,0.62,58
2026-03-05,Orlando Magic,Dallas Mavericks,ORL,DAL,1,KXNBAGAME-26MAR05DALORL-ORL,2026-03-03T14:06:00Z,2026-03-06T02:44:13Z,2026-03-06T03:00:00Z,0.77,0.76,58
2026-03-05,Minnesota Timberwolves,Toronto Raptors,MIN,TOR,1,KXNBAGAME-26MAR05TORMIN-MIN,2026-03-03T17:06:00Z,2026-03-06T03:46:08Z,2026-03-06T04:00:00Z,0.67,0.66,56
2026-03-06,Boston Celtics,Dallas Mavericks,BOS,DAL,1,KXNBAGAME-26MAR06DALBOS-BOS,2026-03-04T14:06:00Z,2026-03-07T02:36:16Z,2026-03-07T03:00:00Z,0.88,0.9,57
2026-03-06,Charlotte Hornets,Miami Heat,CHA,MIA,0,KXNBAGAME-26MAR06MIACHA-CHA,2026-03-04T14:06:00Z,2026-03-07T02:38:10Z,2026-03-07T03:00:00Z,0.66,0.72,57
2026-03-06,Houston Rockets,Portland Trail Blazers,HOU,POR,1,KXNBAGAME-26MAR06PORHOU-HOU,2026-03-04T17:06:00Z,2026-03-07T03:38:07Z,2026-03-07T04:00:00Z,0.47,0.72,55
2026-03-06,Denver Nuggets,New York Knicks,DEN,NYK,0,KXNBAGAME-26MAR06NYKDEN-DEN,2026-03-04T17:06:00Z,2026-03-07T04:38:04Z,2026-03-07T05:00:00Z,0.57,0.53,55
2026-03-06,Phoenix Suns,New Orleans Pelicans,PHX,NOP,1,KXNBAGAME-26MAR06NOPPHX-PHX,2026-03-04T17:06:00Z,2026-03-07T04:58:05Z,2026-03-07T05:00:00Z,0.76,0.63,55
2026-03-06,San Antonio Spurs,LA Clippers,SAS,LAC,1,KXNBAGAME-26MAR06LACSAS-SAS,2026-03-04T17:06:00Z,2026-03-07T05:12:03Z,2026-03-07T05:30:00Z,0.72,0.72,56
2026-03-06,Los Angeles Lakers,Indiana Pacers,LAL,IND,1,KXNBAGAME-26MAR06INDLAL-LAL,2026-03-04T20:06:00Z,2026-03-07T06:01:59Z,2026-03-07T06:30:00Z,0.84,0.79,54
2026-03-07,Oklahoma City Thunder,Golden State Warriors,OKC,GSW,1,KXNBAGAME-26MAR07GSWOKC-OKC,2026-03-05T17:05:00Z,2026-03-08T04:10:32Z,2026-03-08T04:30:00Z,0.84,0.85,56
2026-03-07,Milwaukee Bucks,Utah Jazz,MIL,UTA,1,KXNBAGAME-26MAR07UTAMIL-MIL,2026-03-05T17:05:00Z,2026-03-08T03:40:33Z,2026-03-08T04:00:00Z,0.13,0.8,56
2026-03-07,Memphis Grizzlies,LA Clippers,MEM,LAC,0,KXNBAGAME-26MAR07LACMEM-MEM,2026-03-05T17:05:00Z,2026-03-08T03:50:34Z,2026-03-08T04:00:00Z,0.13,0.28,56
2026-03-07,Atlanta Hawks,Philadelphia 76ers,ATL,PHI,1,KXNBAGAME-26MAR07PHIATL-ATL,2026-03-05T14:06:00Z,2026-03-08T01:44:08Z,2026-03-08T02:00:00Z,0.63,0.72,57
2026-03-07,Minnesota Timberwolves,Orlando Magic,MIN,ORL,0,KXNBAGAME-26MAR07ORLMIN-MIN,2026-03-05T11:06:00Z,2026-03-07T22:48:09Z,2026-03-07T23:00:00Z,0.72,0.71,57
2026-03-07,Detroit Pistons,Brooklyn Nets,DET,BKN,0,KXNBAGAME-26MAR07BKNDET-DET,2026-03-05T14:06:00Z,2026-03-08T01:50:34Z,2026-03-08T02:00:00Z,0.91,0.87,57
2026-03-08,Portland Trail Blazers,Indiana Pacers,POR,IND,1,KXNBAGAME-26MAR08INDPOR-POR,2026-03-06T17:08:00Z,2026-03-09T03:38:02Z,2026-03-09T04:00:00Z,0.72,0.79,56
2026-03-08,Cleveland Cavaliers,Boston Celtics,CLE,BOS,0,KXNBAGAME-26MAR08BOSCLE-CLE,2026-03-06T08:05:00Z,2026-03-08T20:21:26Z,2026-03-08T20:00:00Z,0.54,0.53,57
2026-03-08,Los Angeles Lakers,New York Knicks,LAL,NYK,1,KXNBAGAME-26MAR08NYKLAL-LAL,2026-03-06T11:06:00Z,2026-03-08T22:26:56Z,2026-03-08T22:30:00Z,0.47,0.37,56
2026-03-08,Miami Heat,Detroit Pistons,MIA,DET,1,KXNBAGAME-26MAR08DETMIA-MIA,2026-03-06T14:08:00Z,2026-03-09T00:52:07Z,2026-03-09T01:00:00Z,0.86,0.5,55
2026-03-08,Toronto Raptors,Dallas Mavericks,TOR,DAL,1,KXNBAGAME-26MAR08DALTOR-TOR,2026-03-06T14:08:00Z,2026-03-09T00:41:01Z,2026-03-09T01:00:00Z,0.87,0.79,56
2026-03-08,New Orleans Pelicans,Washington Wizards,NOP,WAS,1,KXNBAGAME-26MAR08WASNOP-NOP,2026-03-06T14:08:00Z,2026-03-09T01:54:16Z,2026-03-09T02:00:00Z,0.78,0.82,57
2026-03-08,Milwaukee Bucks,Orlando Magic,MIL,ORL,0,KXNBAGAME-26MAR08ORLMIL-MIL,2026-03-06T14:08:00Z,2026-03-09T02:56:15Z,2026-03-09T03:00:00Z,0.86,0.36,57
2026-03-08,San Antonio Spurs,Houston Rockets,SAS,HOU,1,KXNBAGAME-26MAR08HOUSAS-SAS,2026-03-06T14:08:00Z,2026-03-09T02:59:04Z,2026-03-09T03:00:00Z,0.66,0.68,58
2026-03-08,Phoenix Suns,Charlotte Hornets,PHX,CHA,1,KXNBAGAME-26MAR08CHAPHX-PHX,2026-03-06T17:08:00Z,2026-03-09T04:45:57Z,2026-03-09T05:00:00Z,0.43,0.36,57
2026-03-08,Sacramento Kings,Chicago Bulls,SAC,CHI,1,KXNBAGAME-26MAR08CHISAC-SAC,2026-03-06T17:08:00Z,2026-03-09T03:57:59Z,2026-03-09T04:00:00Z,0.48,0.37,56
2026-01-25,Minnesota Timberwolves,Golden State Warriors,MIN,GSW,0,KXNBAGAME-26JAN24GSWMIN-MIN,2026-01-22T16:06:00Z,2026-01-26T01:01:32.405378Z,2026-01-25T01:30:00Z,0.7,0.65,54
